<?xml version="1.0" encoding="UTF-8"?>
<!--
Tassonomia XBRL della Repubblica di San Marino

File: sm-gaap-ci-pre-spabb-2019-01-24.xml
Versione: 2019-01-24
Sito di riferimento: https://www.xbrl.sm/
Archivio: https://www.xbrl.sm/sm-gaap-ci-2019-01-24.zip
-->
<linkbase xmlns="http://www.xbrl.org/2003/linkbase" xmlns:xsi="http://www.w3.org/2001/XMLSchema-instance" xmlns:xlink="http://www.w3.org/1999/xlink" xsi:schemaLocation="http://www.xbrl.org/2003/linkbase http://www.xbrl.org/2003/xbrl-linkbase-2003-12-31.xsd">
  <roleRef xlink:type="simple" xlink:href="sm-gaap-ci-roles-2019-01-24.xsd#SPAbbreviata" roleURI="http://www.xbrl.sm/sm/gaap/role/SPAbbreviata"/>
  <presentationLink xlink:type="extended" xlink:role="http://www.xbrl.sm/sm/gaap/role/SPAbbreviata">
    <loc xlink:type="locator" xlink:href="sm-gaap-ci-2019-01-24.xsd#sm-gaap-ci_StatoPatrimoniale" xlink:label="sm-gaap-ci_StatoPatrimoniale"/>
    <loc xlink:type="locator" xlink:href="sm-gaap-ci-2019-01-24.xsd#sm-gaap-ci_Attivo" xlink:label="sm-gaap-ci_Attivo"/>
    <presentationArc xlink:type="arc" xlink:arcrole="http://www.xbrl.org/2003/arcrole/parent-child" xlink:from="sm-gaap-ci_StatoPatrimoniale" xlink:to="sm-gaap-ci_Attivo" order="1" priority="0" use="optional"/>
    <loc xlink:type="locator" xlink:href="sm-gaap-ci-2019-01-24.xsd#sm-gaap-ci_CreditiVersoSociVersamentiAncoraDovuti" xlink:label="sm-gaap-ci_CreditiVersoSociVersamentiAncoraDovuti"/>
    <presentationArc xlink:type="arc" xlink:arcrole="http://www.xbrl.org/2003/arcrole/parent-child" xlink:from="sm-gaap-ci_Attivo" xlink:to="sm-gaap-ci_CreditiVersoSociVersamentiAncoraDovuti" order="1" priority="0" use="optional"/>
    <loc xlink:type="locator" xlink:href="sm-gaap-ci-2019-01-24.xsd#sm-gaap-ci_TotaleCreditiVersoSociVersamentiAncoraDovuti" xlink:label="sm-gaap-ci_TotaleCreditiVersoSociVersamentiAncoraDovuti"/>
    <presentationArc xlink:type="arc" xlink:arcrole="http://www.xbrl.org/2003/arcrole/parent-child" xlink:from="sm-gaap-ci_CreditiVersoSociVersamentiAncoraDovuti" xlink:to="sm-gaap-ci_TotaleCreditiVersoSociVersamentiAncoraDovuti" order="1" priority="0" use="optional"/>
    <loc xlink:type="locator" xlink:href="sm-gaap-ci-2019-01-24.xsd#sm-gaap-ci_Immobilizzazioni" xlink:label="sm-gaap-ci_Immobilizzazioni"/>
    <presentationArc xlink:type="arc" xlink:arcrole="http://www.xbrl.org/2003/arcrole/parent-child" xlink:from="sm-gaap-ci_Attivo" xlink:to="sm-gaap-ci_Immobilizzazioni" order="2" priority="0" use="optional"/>
    <loc xlink:type="locator" xlink:href="sm-gaap-ci-2019-01-24.xsd#sm-gaap-ci_ImmobilizzazioniImmateriali" xlink:label="sm-gaap-ci_ImmobilizzazioniImmateriali"/>
    <presentationArc xlink:type="arc" xlink:arcrole="http://www.xbrl.org/2003/arcrole/parent-child" xlink:from="sm-gaap-ci_Immobilizzazioni" xlink:to="sm-gaap-ci_ImmobilizzazioniImmateriali" order="1" priority="0" use="optional"/>
    <loc xlink:type="locator" xlink:href="sm-gaap-ci-2019-01-24.xsd#sm-gaap-ci_TotaleImmobilizzazioniImmateriali" xlink:label="sm-gaap-ci_TotaleImmobilizzazioniImmateriali"/>
    <presentationArc xlink:type="arc" xlink:arcrole="http://www.xbrl.org/2003/arcrole/parent-child" xlink:from="sm-gaap-ci_ImmobilizzazioniImmateriali" xlink:to="sm-gaap-ci_TotaleImmobilizzazioniImmateriali" order="1" priority="0" use="optional"/>
    <loc xlink:type="locator" xlink:href="sm-gaap-ci-2019-01-24.xsd#sm-gaap-ci_ImmobilizzazioniMateriali" xlink:label="sm-gaap-ci_ImmobilizzazioniMateriali"/>
    <presentationArc xlink:type="arc" xlink:arcrole="http://www.xbrl.org/2003/arcrole/parent-child" xlink:from="sm-gaap-ci_Immobilizzazioni" xlink:to="sm-gaap-ci_ImmobilizzazioniMateriali" order="2" priority="0" use="optional"/>
    <loc xlink:type="locator" xlink:href="sm-gaap-ci-2019-01-24.xsd#sm-gaap-ci_TotaleImmobilizzazioniMateriali" xlink:label="sm-gaap-ci_TotaleImmobilizzazioniMateriali"/>
    <presentationArc xlink:type="arc" xlink:arcrole="http://www.xbrl.org/2003/arcrole/parent-child" xlink:from="sm-gaap-ci_ImmobilizzazioniMateriali" xlink:to="sm-gaap-ci_TotaleImmobilizzazioniMateriali" order="1" priority="0" use="optional"/>
    <loc xlink:type="locator" xlink:href="sm-gaap-ci-2019-01-24.xsd#sm-gaap-ci_ImmobilizzazioniFinanziarie" xlink:label="sm-gaap-ci_ImmobilizzazioniFinanziarie"/>
    <presentationArc xlink:type="arc" xlink:arcrole="http://www.xbrl.org/2003/arcrole/parent-child" xlink:from="sm-gaap-ci_Immobilizzazioni" xlink:to="sm-gaap-ci_ImmobilizzazioniFinanziarie" order="3" priority="0" use="optional"/>
    <loc xlink:type="locator" xlink:href="sm-gaap-ci-2019-01-24.xsd#sm-gaap-ci_ImmobilizzazioniFinanziarieCrediti" xlink:label="sm-gaap-ci_ImmobilizzazioniFinanziarieCrediti"/>
    <presentationArc xlink:type="arc" xlink:arcrole="http://www.xbrl.org/2003/arcrole/parent-child" xlink:from="sm-gaap-ci_ImmobilizzazioniFinanziarie" xlink:to="sm-gaap-ci_ImmobilizzazioniFinanziarieCrediti" order="1" priority="0" use="optional"/>
    <loc xlink:type="locator" xlink:href="sm-gaap-ci-2019-01-24.xsd#sm-gaap-ci_ImmobilizzazioniFinanziarieCreditiEsigibiliEntroEsercizioSuccessivo" xlink:label="sm-gaap-ci_ImmobilizzazioniFinanziarieCreditiEsigibiliEntroEsercizioSuccessivo"/>
    <presentationArc xlink:type="arc" xlink:arcrole="http://www.xbrl.org/2003/arcrole/parent-child" xlink:from="sm-gaap-ci_ImmobilizzazioniFinanziarieCrediti" xlink:to="sm-gaap-ci_ImmobilizzazioniFinanziarieCreditiEsigibiliEntroEsercizioSuccessivo" order="1" priority="0" use="optional"/>
    <loc xlink:type="locator" xlink:href="sm-gaap-ci-2019-01-24.xsd#sm-gaap-ci_ImmobilizzazioniFinanziarieCreditiEsigibiliOltreEsercizioSuccessivo" xlink:label="sm-gaap-ci_ImmobilizzazioniFinanziarieCreditiEsigibiliOltreEsercizioSuccessivo"/>
    <presentationArc xlink:type="arc" xlink:arcrole="http://www.xbrl.org/2003/arcrole/parent-child" xlink:from="sm-gaap-ci_ImmobilizzazioniFinanziarieCrediti" xlink:to="sm-gaap-ci_ImmobilizzazioniFinanziarieCreditiEsigibiliOltreEsercizioSuccessivo" order="2" priority="0" use="optional"/>
    <loc xlink:type="locator" xlink:href="sm-gaap-ci-2019-01-24.xsd#sm-gaap-ci_ImmobilizzazioniFinanziarieCreditiTotaleCrediti" xlink:label="sm-gaap-ci_ImmobilizzazioniFinanziarieCreditiTotaleCrediti"/>
    <presentationArc xlink:type="arc" xlink:arcrole="http://www.xbrl.org/2003/arcrole/parent-child" xlink:from="sm-gaap-ci_ImmobilizzazioniFinanziarieCrediti" xlink:to="sm-gaap-ci_ImmobilizzazioniFinanziarieCreditiTotaleCrediti" order="3" priority="0" use="optional"/>
    <loc xlink:type="locator" xlink:href="sm-gaap-ci-2019-01-24.xsd#sm-gaap-ci_ImmobilizzazioniFinanziarieAltreImmobilizzazioniFinanziarie" xlink:label="sm-gaap-ci_ImmobilizzazioniFinanziarieAltreImmobilizzazioniFinanziarie"/>
    <presentationArc xlink:type="arc" xlink:arcrole="http://www.xbrl.org/2003/arcrole/parent-child" xlink:from="sm-gaap-ci_ImmobilizzazioniFinanziarie" xlink:to="sm-gaap-ci_ImmobilizzazioniFinanziarieAltreImmobilizzazioniFinanziarie" order="2" priority="0" use="optional"/>
    <loc xlink:type="locator" xlink:href="sm-gaap-ci-2019-01-24.xsd#sm-gaap-ci_TotaleImmobilizzazioniFinanziarie" xlink:label="sm-gaap-ci_TotaleImmobilizzazioniFinanziarie"/>
    <presentationArc xlink:type="arc" xlink:arcrole="http://www.xbrl.org/2003/arcrole/parent-child" xlink:from="sm-gaap-ci_ImmobilizzazioniFinanziarie" xlink:to="sm-gaap-ci_TotaleImmobilizzazioniFinanziarie" order="3" priority="0" use="optional"/>
    <loc xlink:type="locator" xlink:href="sm-gaap-ci-2019-01-24.xsd#sm-gaap-ci_TotaleImmobilizzazioni" xlink:label="sm-gaap-ci_TotaleImmobilizzazioni"/>
    <presentationArc xlink:type="arc" xlink:arcrole="http://www.xbrl.org/2003/arcrole/parent-child" xlink:from="sm-gaap-ci_Immobilizzazioni" xlink:to="sm-gaap-ci_TotaleImmobilizzazioni" order="4" priority="0" use="optional"/>
    <loc xlink:type="locator" xlink:href="sm-gaap-ci-2019-01-24.xsd#sm-gaap-ci_AttivoCircolante" xlink:label="sm-gaap-ci_AttivoCircolante"/>
    <presentationArc xlink:type="arc" xlink:arcrole="http://www.xbrl.org/2003/arcrole/parent-child" xlink:from="sm-gaap-ci_Attivo" xlink:to="sm-gaap-ci_AttivoCircolante" order="3" priority="0" use="optional"/>
    <loc xlink:type="locator" xlink:href="sm-gaap-ci-2019-01-24.xsd#sm-gaap-ci_Rimanenze" xlink:label="sm-gaap-ci_Rimanenze"/>
    <presentationArc xlink:type="arc" xlink:arcrole="http://www.xbrl.org/2003/arcrole/parent-child" xlink:from="sm-gaap-ci_AttivoCircolante" xlink:to="sm-gaap-ci_Rimanenze" order="1" priority="0" use="optional"/>
    <loc xlink:type="locator" xlink:href="sm-gaap-ci-2019-01-24.xsd#sm-gaap-ci_TotaleRimanenze" xlink:label="sm-gaap-ci_TotaleRimanenze"/>
    <presentationArc xlink:type="arc" xlink:arcrole="http://www.xbrl.org/2003/arcrole/parent-child" xlink:from="sm-gaap-ci_Rimanenze" xlink:to="sm-gaap-ci_TotaleRimanenze" order="1" priority="0" use="optional"/>
    <loc xlink:type="locator" xlink:href="sm-gaap-ci-2019-01-24.xsd#sm-gaap-ci_Crediti" xlink:label="sm-gaap-ci_Crediti"/>
    <presentationArc xlink:type="arc" xlink:arcrole="http://www.xbrl.org/2003/arcrole/parent-child" xlink:from="sm-gaap-ci_AttivoCircolante" xlink:to="sm-gaap-ci_Crediti" order="2" priority="0" use="optional"/>
    <loc xlink:type="locator" xlink:href="sm-gaap-ci-2019-01-24.xsd#sm-gaap-ci_CreditiEsigibiliEntroEsercizioSuccessivo" xlink:label="sm-gaap-ci_CreditiEsigibiliEntroEsercizioSuccessivo"/>
    <presentationArc xlink:type="arc" xlink:arcrole="http://www.xbrl.org/2003/arcrole/parent-child" xlink:from="sm-gaap-ci_Crediti" xlink:to="sm-gaap-ci_CreditiEsigibiliEntroEsercizioSuccessivo" order="1" priority="0" use="optional"/>
    <loc xlink:type="locator" xlink:href="sm-gaap-ci-2019-01-24.xsd#sm-gaap-ci_CreditiEsigibiliOltreEsercizioSuccessivo" xlink:label="sm-gaap-ci_CreditiEsigibiliOltreEsercizioSuccessivo"/>
    <presentationArc xlink:type="arc" xlink:arcrole="http://www.xbrl.org/2003/arcrole/parent-child" xlink:from="sm-gaap-ci_Crediti" xlink:to="sm-gaap-ci_CreditiEsigibiliOltreEsercizioSuccessivo" order="2" priority="0" use="optional"/>
    <loc xlink:type="locator" xlink:href="sm-gaap-ci-2019-01-24.xsd#sm-gaap-ci_TotaleCrediti" xlink:label="sm-gaap-ci_TotaleCrediti"/>
    <presentationArc xlink:type="arc" xlink:arcrole="http://www.xbrl.org/2003/arcrole/parent-child" xlink:from="sm-gaap-ci_Crediti" xlink:to="sm-gaap-ci_TotaleCrediti" order="3" priority="0" use="optional"/>
    <loc xlink:type="locator" xlink:href="sm-gaap-ci-2019-01-24.xsd#sm-gaap-ci_AttivitaFinanziarieNonCostituisconoImmobilizzazioni" xlink:label="sm-gaap-ci_AttivitaFinanziarieNonCostituisconoImmobilizzazioni"/>
    <presentationArc xlink:type="arc" xlink:arcrole="http://www.xbrl.org/2003/arcrole/parent-child" xlink:from="sm-gaap-ci_AttivoCircolante" xlink:to="sm-gaap-ci_AttivitaFinanziarieNonCostituisconoImmobilizzazioni" order="3" priority="0" use="optional"/>
    <loc xlink:type="locator" xlink:href="sm-gaap-ci-2019-01-24.xsd#sm-gaap-ci_TotaleAttivitaFinanziarieNonCostituisconoImmobilizzazioni" xlink:label="sm-gaap-ci_TotaleAttivitaFinanziarieNonCostituisconoImmobilizzazioni"/>
    <presentationArc xlink:type="arc" xlink:arcrole="http://www.xbrl.org/2003/arcrole/parent-child" xlink:from="sm-gaap-ci_AttivitaFinanziarieNonCostituisconoImmobilizzazioni" xlink:to="sm-gaap-ci_TotaleAttivitaFinanziarieNonCostituisconoImmobilizzazioni" order="1" priority="0" use="optional"/>
    <loc xlink:type="locator" xlink:href="sm-gaap-ci-2019-01-24.xsd#sm-gaap-ci_DisponibilitaLiquide" xlink:label="sm-gaap-ci_DisponibilitaLiquide"/>
    <presentationArc xlink:type="arc" xlink:arcrole="http://www.xbrl.org/2003/arcrole/parent-child" xlink:from="sm-gaap-ci_AttivoCircolante" xlink:to="sm-gaap-ci_DisponibilitaLiquide" order="4" priority="0" use="optional"/>
    <loc xlink:type="locator" xlink:href="sm-gaap-ci-2019-01-24.xsd#sm-gaap-ci_TotaleDisponibilitaLiquide" xlink:label="sm-gaap-ci_TotaleDisponibilitaLiquide"/>
    <presentationArc xlink:type="arc" xlink:arcrole="http://www.xbrl.org/2003/arcrole/parent-child" xlink:from="sm-gaap-ci_DisponibilitaLiquide" xlink:to="sm-gaap-ci_TotaleDisponibilitaLiquide" order="1" priority="0" use="optional"/>
    <loc xlink:type="locator" xlink:href="sm-gaap-ci-2019-01-24.xsd#sm-gaap-ci_ImmobilizzazioniTecnicheDestinateVendita" xlink:label="sm-gaap-ci_ImmobilizzazioniTecnicheDestinateVendita"/>
    <presentationArc xlink:type="arc" xlink:arcrole="http://www.xbrl.org/2003/arcrole/parent-child" xlink:from="sm-gaap-ci_AttivoCircolante" xlink:to="sm-gaap-ci_ImmobilizzazioniTecnicheDestinateVendita" order="5" priority="0" use="optional"/>
    <loc xlink:type="locator" xlink:href="sm-gaap-ci-2019-01-24.xsd#sm-gaap-ci_TotaleAttivoCircolante" xlink:label="sm-gaap-ci_TotaleAttivoCircolante"/>
    <presentationArc xlink:type="arc" xlink:arcrole="http://www.xbrl.org/2003/arcrole/parent-child" xlink:from="sm-gaap-ci_AttivoCircolante" xlink:to="sm-gaap-ci_TotaleAttivoCircolante" order="6" priority="0" use="optional"/>
    <loc xlink:type="locator" xlink:href="sm-gaap-ci-2019-01-24.xsd#sm-gaap-ci_AttivoRateiRisconti" xlink:label="sm-gaap-ci_AttivoRateiRisconti"/>
    <presentationArc xlink:type="arc" xlink:arcrole="http://www.xbrl.org/2003/arcrole/parent-child" xlink:from="sm-gaap-ci_Attivo" xlink:to="sm-gaap-ci_AttivoRateiRisconti" order="4" priority="0" use="optional"/>
    <loc xlink:type="locator" xlink:href="sm-gaap-ci-2019-01-24.xsd#sm-gaap-ci_AttivoRateiRiscontiTotaleRateiRisconti" xlink:label="sm-gaap-ci_AttivoRateiRiscontiTotaleRateiRisconti"/>
    <presentationArc xlink:type="arc" xlink:arcrole="http://www.xbrl.org/2003/arcrole/parent-child" xlink:from="sm-gaap-ci_AttivoRateiRisconti" xlink:to="sm-gaap-ci_AttivoRateiRiscontiTotaleRateiRisconti" order="1" priority="0" use="optional"/>
    <loc xlink:type="locator" xlink:href="sm-gaap-ci-2019-01-24.xsd#sm-gaap-ci_TotaleAttivo" xlink:label="sm-gaap-ci_TotaleAttivo"/>
    <presentationArc xlink:type="arc" xlink:arcrole="http://www.xbrl.org/2003/arcrole/parent-child" xlink:from="sm-gaap-ci_Attivo" xlink:to="sm-gaap-ci_TotaleAttivo" order="5" priority="0" use="optional"/>
    <loc xlink:type="locator" xlink:href="sm-gaap-ci-2019-01-24.xsd#sm-gaap-ci_Passivo" xlink:label="sm-gaap-ci_Passivo"/>
    <presentationArc xlink:type="arc" xlink:arcrole="http://www.xbrl.org/2003/arcrole/parent-child" xlink:from="sm-gaap-ci_StatoPatrimoniale" xlink:to="sm-gaap-ci_Passivo" order="2" priority="0" use="optional"/>
    <loc xlink:type="locator" xlink:href="sm-gaap-ci-2019-01-24.xsd#sm-gaap-ci_PatrimonioNetto" xlink:label="sm-gaap-ci_PatrimonioNetto"/>
    <presentationArc xlink:type="arc" xlink:arcrole="http://www.xbrl.org/2003/arcrole/parent-child" xlink:from="sm-gaap-ci_Passivo" xlink:to="sm-gaap-ci_PatrimonioNetto" order="1" priority="0" use="optional"/>
    <loc xlink:type="locator" xlink:href="sm-gaap-ci-2019-01-24.xsd#sm-gaap-ci_PatrimonioNettoCapitale" xlink:label="sm-gaap-ci_PatrimonioNettoCapitale"/>
    <presentationArc xlink:type="arc" xlink:arcrole="http://www.xbrl.org/2003/arcrole/parent-child" xlink:from="sm-gaap-ci_PatrimonioNetto" xlink:to="sm-gaap-ci_PatrimonioNettoCapitale" order="1" priority="0" use="optional"/>
    <loc xlink:type="locator" xlink:href="sm-gaap-ci-2019-01-24.xsd#sm-gaap-ci_PatrimonioNettoRiservaSoprapprezzoAzioni" xlink:label="sm-gaap-ci_PatrimonioNettoRiservaSoprapprezzoAzioni"/>
    <presentationArc xlink:type="arc" xlink:arcrole="http://www.xbrl.org/2003/arcrole/parent-child" xlink:from="sm-gaap-ci_PatrimonioNetto" xlink:to="sm-gaap-ci_PatrimonioNettoRiservaSoprapprezzoAzioni" order="2" priority="0" use="optional"/>
    <loc xlink:type="locator" xlink:href="sm-gaap-ci-2019-01-24.xsd#sm-gaap-ci_PatrimonioNettoRiserveRivalutazione" xlink:label="sm-gaap-ci_PatrimonioNettoRiserveRivalutazione"/>
    <presentationArc xlink:type="arc" xlink:arcrole="http://www.xbrl.org/2003/arcrole/parent-child" xlink:from="sm-gaap-ci_PatrimonioNetto" xlink:to="sm-gaap-ci_PatrimonioNettoRiserveRivalutazione" order="3" priority="0" use="optional"/>
    <loc xlink:type="locator" xlink:href="sm-gaap-ci-2019-01-24.xsd#sm-gaap-ci_PatrimonioNettoRiserveStatutarie" xlink:label="sm-gaap-ci_PatrimonioNettoRiserveStatutarie"/>
    <presentationArc xlink:type="arc" xlink:arcrole="http://www.xbrl.org/2003/arcrole/parent-child" xlink:from="sm-gaap-ci_PatrimonioNetto" xlink:to="sm-gaap-ci_PatrimonioNettoRiserveStatutarie" order="4" priority="0" use="optional"/>
    <loc xlink:type="locator" xlink:href="sm-gaap-ci-2019-01-24.xsd#sm-gaap-ci_PatrimonioNettoRiservaAzioniPropriePortafoglio" xlink:label="sm-gaap-ci_PatrimonioNettoRiservaAzioniPropriePortafoglio"/>
    <presentationArc xlink:type="arc" xlink:arcrole="http://www.xbrl.org/2003/arcrole/parent-child" xlink:from="sm-gaap-ci_PatrimonioNetto" xlink:to="sm-gaap-ci_PatrimonioNettoRiservaAzioniPropriePortafoglio" order="5" priority="0" use="optional"/>
    <loc xlink:type="locator" xlink:href="sm-gaap-ci-2019-01-24.xsd#sm-gaap-ci_PatrimonioNettoAltreRiserveDistintamenteIndicate" xlink:label="sm-gaap-ci_PatrimonioNettoAltreRiserveDistintamenteIndicate"/>
    <presentationArc xlink:type="arc" xlink:arcrole="http://www.xbrl.org/2003/arcrole/parent-child" xlink:from="sm-gaap-ci_PatrimonioNetto" xlink:to="sm-gaap-ci_PatrimonioNettoAltreRiserveDistintamenteIndicate" order="6" priority="0" use="optional"/>
    <loc xlink:type="locator" xlink:href="sm-gaap-ci-2019-01-24.xsd#sm-gaap-ci_PatrimonioNettoAltreRiserveDistintamenteIndicateRiservaStraordinariaFacoltativa" xlink:label="sm-gaap-ci_PatrimonioNettoAltreRiserveDistintamenteIndicateRiservaStraordinariaFacoltativa"/>
    <presentationArc xlink:type="arc" xlink:arcrole="http://www.xbrl.org/2003/arcrole/parent-child" xlink:from="sm-gaap-ci_PatrimonioNettoAltreRiserveDistintamenteIndicate" xlink:to="sm-gaap-ci_PatrimonioNettoAltreRiserveDistintamenteIndicateRiservaStraordinariaFacoltativa" order="1" priority="0" use="optional"/>
    <loc xlink:type="locator" xlink:href="sm-gaap-ci-2019-01-24.xsd#sm-gaap-ci_PatrimonioNettoAltreRiserveDistintamenteIndicateRiservaAcquistoAzioniProprie" xlink:label="sm-gaap-ci_PatrimonioNettoAltreRiserveDistintamenteIndicateRiservaAcquistoAzioniProprie"/>
    <presentationArc xlink:type="arc" xlink:arcrole="http://www.xbrl.org/2003/arcrole/parent-child" xlink:from="sm-gaap-ci_PatrimonioNettoAltreRiserveDistintamenteIndicate" xlink:to="sm-gaap-ci_PatrimonioNettoAltreRiserveDistintamenteIndicateRiservaAcquistoAzioniProprie" order="2" priority="0" use="optional"/>
    <loc xlink:type="locator" xlink:href="sm-gaap-ci-2019-01-24.xsd#sm-gaap-ci_PatrimonioNettoAltreRiserveDistintamenteIndicateRiservaNonDistribuibileRivalutazionePartecipazioni" xlink:label="sm-gaap-ci_PatrimonioNettoAltreRiserveDistintamenteIndicateRiservaNonDistribuibileRivalutazionePartecipazioni"/>
    <presentationArc xlink:type="arc" xlink:arcrole="http://www.xbrl.org/2003/arcrole/parent-child" xlink:from="sm-gaap-ci_PatrimonioNettoAltreRiserveDistintamenteIndicate" xlink:to="sm-gaap-ci_PatrimonioNettoAltreRiserveDistintamenteIndicateRiservaNonDistribuibileRivalutazionePartecipazioni" order="3" priority="0" use="optional"/>
    <loc xlink:type="locator" xlink:href="sm-gaap-ci-2019-01-24.xsd#sm-gaap-ci_PatrimonioNettoAltreRiserveDistintamenteIndicateVersamentiContoAumentoCapitale" xlink:label="sm-gaap-ci_PatrimonioNettoAltreRiserveDistintamenteIndicateVersamentiContoAumentoCapitale"/>
    <presentationArc xlink:type="arc" xlink:arcrole="http://www.xbrl.org/2003/arcrole/parent-child" xlink:from="sm-gaap-ci_PatrimonioNettoAltreRiserveDistintamenteIndicate" xlink:to="sm-gaap-ci_PatrimonioNettoAltreRiserveDistintamenteIndicateVersamentiContoAumentoCapitale" order="4" priority="0" use="optional"/>
    <loc xlink:type="locator" xlink:href="sm-gaap-ci-2019-01-24.xsd#sm-gaap-ci_PatrimonioNettoAltreRiserveDistintamenteIndicateVersamentiContoFuturoAumentoCapitale" xlink:label="sm-gaap-ci_PatrimonioNettoAltreRiserveDistintamenteIndicateVersamentiContoFuturoAumentoCapitale"/>
    <presentationArc xlink:type="arc" xlink:arcrole="http://www.xbrl.org/2003/arcrole/parent-child" xlink:from="sm-gaap-ci_PatrimonioNettoAltreRiserveDistintamenteIndicate" xlink:to="sm-gaap-ci_PatrimonioNettoAltreRiserveDistintamenteIndicateVersamentiContoFuturoAumentoCapitale" order="5" priority="0" use="optional"/>
    <loc xlink:type="locator" xlink:href="sm-gaap-ci-2019-01-24.xsd#sm-gaap-ci_PatrimonioNettoAltreRiserveDistintamenteIndicateVersamentiContoCapitale" xlink:label="sm-gaap-ci_PatrimonioNettoAltreRiserveDistintamenteIndicateVersamentiContoCapitale"/>
    <presentationArc xlink:type="arc" xlink:arcrole="http://www.xbrl.org/2003/arcrole/parent-child" xlink:from="sm-gaap-ci_PatrimonioNettoAltreRiserveDistintamenteIndicate" xlink:to="sm-gaap-ci_PatrimonioNettoAltreRiserveDistintamenteIndicateVersamentiContoCapitale" order="6" priority="0" use="optional"/>
    <loc xlink:type="locator" xlink:href="sm-gaap-ci-2019-01-24.xsd#sm-gaap-ci_PatrimonioNettoAltreRiserveDistintamenteIndicateVersamentiCoperturaPerdite" xlink:label="sm-gaap-ci_PatrimonioNettoAltreRiserveDistintamenteIndicateVersamentiCoperturaPerdite"/>
    <presentationArc xlink:type="arc" xlink:arcrole="http://www.xbrl.org/2003/arcrole/parent-child" xlink:from="sm-gaap-ci_PatrimonioNettoAltreRiserveDistintamenteIndicate" xlink:to="sm-gaap-ci_PatrimonioNettoAltreRiserveDistintamenteIndicateVersamentiCoperturaPerdite" order="7" priority="0" use="optional"/>
    <loc xlink:type="locator" xlink:href="sm-gaap-ci-2019-01-24.xsd#sm-gaap-ci_PatrimonioNettoAltreRiserveDistintamenteIndicateRiservaRiduzioneCapitaleSociale" xlink:label="sm-gaap-ci_PatrimonioNettoAltreRiserveDistintamenteIndicateRiservaRiduzioneCapitaleSociale"/>
    <presentationArc xlink:type="arc" xlink:arcrole="http://www.xbrl.org/2003/arcrole/parent-child" xlink:from="sm-gaap-ci_PatrimonioNettoAltreRiserveDistintamenteIndicate" xlink:to="sm-gaap-ci_PatrimonioNettoAltreRiserveDistintamenteIndicateRiservaRiduzioneCapitaleSociale" order="8" priority="0" use="optional"/>
    <loc xlink:type="locator" xlink:href="sm-gaap-ci-2019-01-24.xsd#sm-gaap-ci_PatrimonioNettoAltreRiserveDistintamenteIndicateRiservaAvanzoFusione" xlink:label="sm-gaap-ci_PatrimonioNettoAltreRiserveDistintamenteIndicateRiservaAvanzoFusione"/>
    <presentationArc xlink:type="arc" xlink:arcrole="http://www.xbrl.org/2003/arcrole/parent-child" xlink:from="sm-gaap-ci_PatrimonioNettoAltreRiserveDistintamenteIndicate" xlink:to="sm-gaap-ci_PatrimonioNettoAltreRiserveDistintamenteIndicateRiservaAvanzoFusione" order="9" priority="0" use="optional"/>
    <loc xlink:type="locator" xlink:href="sm-gaap-ci-2019-01-24.xsd#sm-gaap-ci_PatrimonioNettoAltreRiserveDistintamenteIndicateVarieAltreRiserve" xlink:label="sm-gaap-ci_PatrimonioNettoAltreRiserveDistintamenteIndicateVarieAltreRiserve"/>
    <presentationArc xlink:type="arc" xlink:arcrole="http://www.xbrl.org/2003/arcrole/parent-child" xlink:from="sm-gaap-ci_PatrimonioNettoAltreRiserveDistintamenteIndicate" xlink:to="sm-gaap-ci_PatrimonioNettoAltreRiserveDistintamenteIndicateVarieAltreRiserve" order="10" priority="0" use="optional"/>
    <loc xlink:type="locator" xlink:href="sm-gaap-ci-2019-01-24.xsd#sm-gaap-ci_PatrimonioNettoAltreRiserveDistintamenteIndicateTotaleAltreRiserve" xlink:label="sm-gaap-ci_PatrimonioNettoAltreRiserveDistintamenteIndicateTotaleAltreRiserve"/>
    <presentationArc xlink:type="arc" xlink:arcrole="http://www.xbrl.org/2003/arcrole/parent-child" xlink:from="sm-gaap-ci_PatrimonioNettoAltreRiserveDistintamenteIndicate" xlink:to="sm-gaap-ci_PatrimonioNettoAltreRiserveDistintamenteIndicateTotaleAltreRiserve" order="11" priority="0" use="optional"/>
    <loc xlink:type="locator" xlink:href="sm-gaap-ci-2019-01-24.xsd#sm-gaap-ci_PatrimonioNettoUtiliPerditePortatiNuovo" xlink:label="sm-gaap-ci_PatrimonioNettoUtiliPerditePortatiNuovo"/>
    <presentationArc xlink:type="arc" xlink:arcrole="http://www.xbrl.org/2003/arcrole/parent-child" xlink:from="sm-gaap-ci_PatrimonioNetto" xlink:to="sm-gaap-ci_PatrimonioNettoUtiliPerditePortatiNuovo" order="7" priority="0" use="optional"/>
    <loc xlink:type="locator" xlink:href="sm-gaap-ci-2019-01-24.xsd#sm-gaap-ci_PatrimonioNettoUtilePerditaEsercizio" xlink:label="sm-gaap-ci_PatrimonioNettoUtilePerditaEsercizio"/>
    <presentationArc xlink:type="arc" xlink:arcrole="http://www.xbrl.org/2003/arcrole/parent-child" xlink:from="sm-gaap-ci_PatrimonioNetto" xlink:to="sm-gaap-ci_PatrimonioNettoUtilePerditaEsercizio" order="8" priority="0" use="optional"/>
    <loc xlink:type="locator" xlink:href="sm-gaap-ci-2019-01-24.xsd#sm-gaap-ci_TotalePatrimonioNetto" xlink:label="sm-gaap-ci_TotalePatrimonioNetto"/>
    <presentationArc xlink:type="arc" xlink:arcrole="http://www.xbrl.org/2003/arcrole/parent-child" xlink:from="sm-gaap-ci_PatrimonioNetto" xlink:to="sm-gaap-ci_TotalePatrimonioNetto" order="9" priority="0" use="optional"/>
    <loc xlink:type="locator" xlink:href="sm-gaap-ci-2019-01-24.xsd#sm-gaap-ci_FondiRischiOneri" xlink:label="sm-gaap-ci_FondiRischiOneri"/>
    <presentationArc xlink:type="arc" xlink:arcrole="http://www.xbrl.org/2003/arcrole/parent-child" xlink:from="sm-gaap-ci_Passivo" xlink:to="sm-gaap-ci_FondiRischiOneri" order="2" priority="0" use="optional"/>
    <loc xlink:type="locator" xlink:href="sm-gaap-ci-2019-01-24.xsd#sm-gaap-ci_TotaleFondiRischiOneri" xlink:label="sm-gaap-ci_TotaleFondiRischiOneri"/>
    <presentationArc xlink:type="arc" xlink:arcrole="http://www.xbrl.org/2003/arcrole/parent-child" xlink:from="sm-gaap-ci_FondiRischiOneri" xlink:to="sm-gaap-ci_TotaleFondiRischiOneri" order="1" priority="0" use="optional"/>
    <loc xlink:type="locator" xlink:href="sm-gaap-ci-2019-01-24.xsd#sm-gaap-ci_TrattamentoFineRapportoLavoroSubordinato" xlink:label="sm-gaap-ci_TrattamentoFineRapportoLavoroSubordinato"/>
    <presentationArc xlink:type="arc" xlink:arcrole="http://www.xbrl.org/2003/arcrole/parent-child" xlink:from="sm-gaap-ci_Passivo" xlink:to="sm-gaap-ci_TrattamentoFineRapportoLavoroSubordinato" order="3" priority="0" use="optional"/>
    <loc xlink:type="locator" xlink:href="sm-gaap-ci-2019-01-24.xsd#sm-gaap-ci_Debiti" xlink:label="sm-gaap-ci_Debiti"/>
    <presentationArc xlink:type="arc" xlink:arcrole="http://www.xbrl.org/2003/arcrole/parent-child" xlink:from="sm-gaap-ci_Passivo" xlink:to="sm-gaap-ci_Debiti" order="4" priority="0" use="optional"/>
    <loc xlink:type="locator" xlink:href="sm-gaap-ci-2019-01-24.xsd#sm-gaap-ci_DebitiEsigibiliEntroEsercizioSuccessivo" xlink:label="sm-gaap-ci_DebitiEsigibiliEntroEsercizioSuccessivo"/>
    <presentationArc xlink:type="arc" xlink:arcrole="http://www.xbrl.org/2003/arcrole/parent-child" xlink:from="sm-gaap-ci_Debiti" xlink:to="sm-gaap-ci_DebitiEsigibiliEntroEsercizioSuccessivo" order="1" priority="0" use="optional"/>
    <loc xlink:type="locator" xlink:href="sm-gaap-ci-2019-01-24.xsd#sm-gaap-ci_DebitiEsigibiliOltreEsercizioSuccessivo" xlink:label="sm-gaap-ci_DebitiEsigibiliOltreEsercizioSuccessivo"/>
    <presentationArc xlink:type="arc" xlink:arcrole="http://www.xbrl.org/2003/arcrole/parent-child" xlink:from="sm-gaap-ci_Debiti" xlink:to="sm-gaap-ci_DebitiEsigibiliOltreEsercizioSuccessivo" order="2" priority="0" use="optional"/>
    <loc xlink:type="locator" xlink:href="sm-gaap-ci-2019-01-24.xsd#sm-gaap-ci_TotaleDebiti" xlink:label="sm-gaap-ci_TotaleDebiti"/>
    <presentationArc xlink:type="arc" xlink:arcrole="http://www.xbrl.org/2003/arcrole/parent-child" xlink:from="sm-gaap-ci_Debiti" xlink:to="sm-gaap-ci_TotaleDebiti" order="3" priority="0" use="optional"/>
    <loc xlink:type="locator" xlink:href="sm-gaap-ci-2019-01-24.xsd#sm-gaap-ci_PassivoRateiRisconti" xlink:label="sm-gaap-ci_PassivoRateiRisconti"/>
    <presentationArc xlink:type="arc" xlink:arcrole="http://www.xbrl.org/2003/arcrole/parent-child" xlink:from="sm-gaap-ci_Passivo" xlink:to="sm-gaap-ci_PassivoRateiRisconti" order="5" priority="0" use="optional"/>
    <loc xlink:type="locator" xlink:href="sm-gaap-ci-2019-01-24.xsd#sm-gaap-ci_PassivoRateiRiscontiTotaleRateiRisconti" xlink:label="sm-gaap-ci_PassivoRateiRiscontiTotaleRateiRisconti"/>
    <presentationArc xlink:type="arc" xlink:arcrole="http://www.xbrl.org/2003/arcrole/parent-child" xlink:from="sm-gaap-ci_PassivoRateiRisconti" xlink:to="sm-gaap-ci_PassivoRateiRiscontiTotaleRateiRisconti" order="1" priority="0" use="optional"/>
    <loc xlink:type="locator" xlink:href="sm-gaap-ci-2019-01-24.xsd#sm-gaap-ci_TotalePassivo" xlink:label="sm-gaap-ci_TotalePassivo"/>
    <presentationArc xlink:type="arc" xlink:arcrole="http://www.xbrl.org/2003/arcrole/parent-child" xlink:from="sm-gaap-ci_Passivo" xlink:to="sm-gaap-ci_TotalePassivo" order="6" priority="0" use="optional"/>
  </presentationLink>
</linkbase>
