<?xml version="1.0" encoding="UTF-8"?>
<!--
Tassonomia XBRL della Repubblica di San Marino

File: sm-gaap-ci-cal-nipassivoord-2019-01-24.xml
Versione: 2019-01-24
Sito di riferimento: https://www.xbrl.sm/
Archivio: https://www.xbrl.sm/sm-gaap-ci-2019-01-24.zip
-->
<linkbase xmlns="http://www.xbrl.org/2003/linkbase" xmlns:xsi="http://www.w3.org/2001/XMLSchema-instance" xmlns:xlink="http://www.w3.org/1999/xlink" xsi:schemaLocation="http://www.xbrl.org/2003/linkbase http://www.xbrl.org/2003/xbrl-linkbase-2003-12-31.xsd">
  <roleRef xlink:type="simple" xlink:href="sm-gaap-ci-roles-2019-01-24.xsd#NotaIntegrativaPassivoPatrimonioNettoTotaleOrdinario" roleURI="http://www.xbrl.sm/sm/gaap/role/NotaIntegrativaPassivoPatrimonioNettoTotaleOrdinario"/>
  <calculationLink xlink:type="extended" xlink:role="http://www.xbrl.sm/sm/gaap/role/NotaIntegrativaPassivoPatrimonioNettoTotaleOrdinario">
    <loc xlink:type="locator" xlink:href="sm-gaap-ci-2019-01-24.xsd#sm-gaap-ci_TotaleDebitiCuiDurataSuperiore5Anni" xlink:label="sm-gaap-ci_TotaleDebitiCuiDurataSuperiore5Anni"/>
    <loc xlink:type="locator" xlink:href="sm-gaap-ci-2019-01-24.xsd#sm-gaap-ci_ObbligazioniCuiDurataSuperiore5Anni" xlink:label="sm-gaap-ci_ObbligazioniCuiDurataSuperiore5Anni"/>
    <calculationArc xlink:type="arc" xlink:arcrole="http://www.xbrl.org/2003/arcrole/summation-item" xlink:from="sm-gaap-ci_TotaleDebitiCuiDurataSuperiore5Anni" xlink:to="sm-gaap-ci_ObbligazioniCuiDurataSuperiore5Anni" order="1" weight="1" priority="0" use="optional"/>
    <loc xlink:type="locator" xlink:href="sm-gaap-ci-2019-01-24.xsd#sm-gaap-ci_ObbligazioniConvertibiliCuiDurataSuperiore5Anni" xlink:label="sm-gaap-ci_ObbligazioniConvertibiliCuiDurataSuperiore5Anni"/>
    <calculationArc xlink:type="arc" xlink:arcrole="http://www.xbrl.org/2003/arcrole/summation-item" xlink:from="sm-gaap-ci_TotaleDebitiCuiDurataSuperiore5Anni" xlink:to="sm-gaap-ci_ObbligazioniConvertibiliCuiDurataSuperiore5Anni" order="2" weight="1" priority="0" use="optional"/>
    <loc xlink:type="locator" xlink:href="sm-gaap-ci-2019-01-24.xsd#sm-gaap-ci_DebitiVersoSociFinanziamentiCuiDurataSuperiore5Anni" xlink:label="sm-gaap-ci_DebitiVersoSociFinanziamentiCuiDurataSuperiore5Anni"/>
    <calculationArc xlink:type="arc" xlink:arcrole="http://www.xbrl.org/2003/arcrole/summation-item" xlink:from="sm-gaap-ci_TotaleDebitiCuiDurataSuperiore5Anni" xlink:to="sm-gaap-ci_DebitiVersoSociFinanziamentiCuiDurataSuperiore5Anni" order="3" weight="1" priority="0" use="optional"/>
    <loc xlink:type="locator" xlink:href="sm-gaap-ci-2019-01-24.xsd#sm-gaap-ci_DebitiVersoBancheCuiDurataSuperiore5Anni" xlink:label="sm-gaap-ci_DebitiVersoBancheCuiDurataSuperiore5Anni"/>
    <calculationArc xlink:type="arc" xlink:arcrole="http://www.xbrl.org/2003/arcrole/summation-item" xlink:from="sm-gaap-ci_TotaleDebitiCuiDurataSuperiore5Anni" xlink:to="sm-gaap-ci_DebitiVersoBancheCuiDurataSuperiore5Anni" order="4" weight="1" priority="0" use="optional"/>
    <loc xlink:type="locator" xlink:href="sm-gaap-ci-2019-01-24.xsd#sm-gaap-ci_DebitiVersoAltriFinanziatoriCuiDurataSuperiore5Anni" xlink:label="sm-gaap-ci_DebitiVersoAltriFinanziatoriCuiDurataSuperiore5Anni"/>
    <calculationArc xlink:type="arc" xlink:arcrole="http://www.xbrl.org/2003/arcrole/summation-item" xlink:from="sm-gaap-ci_TotaleDebitiCuiDurataSuperiore5Anni" xlink:to="sm-gaap-ci_DebitiVersoAltriFinanziatoriCuiDurataSuperiore5Anni" order="5" weight="1" priority="0" use="optional"/>
    <loc xlink:type="locator" xlink:href="sm-gaap-ci-2019-01-24.xsd#sm-gaap-ci_AccontiCuiDurataSuperiore5Anni" xlink:label="sm-gaap-ci_AccontiCuiDurataSuperiore5Anni"/>
    <calculationArc xlink:type="arc" xlink:arcrole="http://www.xbrl.org/2003/arcrole/summation-item" xlink:from="sm-gaap-ci_TotaleDebitiCuiDurataSuperiore5Anni" xlink:to="sm-gaap-ci_AccontiCuiDurataSuperiore5Anni" order="6" weight="1" priority="0" use="optional"/>
    <loc xlink:type="locator" xlink:href="sm-gaap-ci-2019-01-24.xsd#sm-gaap-ci_DebitiVersoFornitoriCuiDurataSuperiore5Anni" xlink:label="sm-gaap-ci_DebitiVersoFornitoriCuiDurataSuperiore5Anni"/>
    <calculationArc xlink:type="arc" xlink:arcrole="http://www.xbrl.org/2003/arcrole/summation-item" xlink:from="sm-gaap-ci_TotaleDebitiCuiDurataSuperiore5Anni" xlink:to="sm-gaap-ci_DebitiVersoFornitoriCuiDurataSuperiore5Anni" order="7" weight="1" priority="0" use="optional"/>
    <loc xlink:type="locator" xlink:href="sm-gaap-ci-2019-01-24.xsd#sm-gaap-ci_DebitiRappresentatiTitoliCreditoCuiDurataSuperiore5Anni" xlink:label="sm-gaap-ci_DebitiRappresentatiTitoliCreditoCuiDurataSuperiore5Anni"/>
    <calculationArc xlink:type="arc" xlink:arcrole="http://www.xbrl.org/2003/arcrole/summation-item" xlink:from="sm-gaap-ci_TotaleDebitiCuiDurataSuperiore5Anni" xlink:to="sm-gaap-ci_DebitiRappresentatiTitoliCreditoCuiDurataSuperiore5Anni" order="8" weight="1" priority="0" use="optional"/>
    <loc xlink:type="locator" xlink:href="sm-gaap-ci-2019-01-24.xsd#sm-gaap-ci_DebitiVersoSocietaControllateCuiDurataSuperiore5Anni" xlink:label="sm-gaap-ci_DebitiVersoSocietaControllateCuiDurataSuperiore5Anni"/>
    <calculationArc xlink:type="arc" xlink:arcrole="http://www.xbrl.org/2003/arcrole/summation-item" xlink:from="sm-gaap-ci_TotaleDebitiCuiDurataSuperiore5Anni" xlink:to="sm-gaap-ci_DebitiVersoSocietaControllateCuiDurataSuperiore5Anni" order="9" weight="1" priority="0" use="optional"/>
    <loc xlink:type="locator" xlink:href="sm-gaap-ci-2019-01-24.xsd#sm-gaap-ci_DebitiVersoSocietaCollegateCuiDurataSuperiore5Anni" xlink:label="sm-gaap-ci_DebitiVersoSocietaCollegateCuiDurataSuperiore5Anni"/>
    <calculationArc xlink:type="arc" xlink:arcrole="http://www.xbrl.org/2003/arcrole/summation-item" xlink:from="sm-gaap-ci_TotaleDebitiCuiDurataSuperiore5Anni" xlink:to="sm-gaap-ci_DebitiVersoSocietaCollegateCuiDurataSuperiore5Anni" order="10" weight="1" priority="0" use="optional"/>
    <loc xlink:type="locator" xlink:href="sm-gaap-ci-2019-01-24.xsd#sm-gaap-ci_DebitiVersoControllantiCuiDurataSuperiore5Anni" xlink:label="sm-gaap-ci_DebitiVersoControllantiCuiDurataSuperiore5Anni"/>
    <calculationArc xlink:type="arc" xlink:arcrole="http://www.xbrl.org/2003/arcrole/summation-item" xlink:from="sm-gaap-ci_TotaleDebitiCuiDurataSuperiore5Anni" xlink:to="sm-gaap-ci_DebitiVersoControllantiCuiDurataSuperiore5Anni" order="11" weight="1" priority="0" use="optional"/>
    <loc xlink:type="locator" xlink:href="sm-gaap-ci-2019-01-24.xsd#sm-gaap-ci_DebitiTributariCuiDurataSuperiore5Anni" xlink:label="sm-gaap-ci_DebitiTributariCuiDurataSuperiore5Anni"/>
    <calculationArc xlink:type="arc" xlink:arcrole="http://www.xbrl.org/2003/arcrole/summation-item" xlink:from="sm-gaap-ci_TotaleDebitiCuiDurataSuperiore5Anni" xlink:to="sm-gaap-ci_DebitiTributariCuiDurataSuperiore5Anni" order="12" weight="1" priority="0" use="optional"/>
    <loc xlink:type="locator" xlink:href="sm-gaap-ci-2019-01-24.xsd#sm-gaap-ci_DebitiVersoIstitutiPrevidenzaSicurezzaSocialeCuiDurataSuperiore5Anni" xlink:label="sm-gaap-ci_DebitiVersoIstitutiPrevidenzaSicurezzaSocialeCuiDurataSuperiore5Anni"/>
    <calculationArc xlink:type="arc" xlink:arcrole="http://www.xbrl.org/2003/arcrole/summation-item" xlink:from="sm-gaap-ci_TotaleDebitiCuiDurataSuperiore5Anni" xlink:to="sm-gaap-ci_DebitiVersoIstitutiPrevidenzaSicurezzaSocialeCuiDurataSuperiore5Anni" order="13" weight="1" priority="0" use="optional"/>
    <loc xlink:type="locator" xlink:href="sm-gaap-ci-2019-01-24.xsd#sm-gaap-ci_AltriDebitiCuiDurataSuperiore5Anni" xlink:label="sm-gaap-ci_AltriDebitiCuiDurataSuperiore5Anni"/>
    <calculationArc xlink:type="arc" xlink:arcrole="http://www.xbrl.org/2003/arcrole/summation-item" xlink:from="sm-gaap-ci_TotaleDebitiCuiDurataSuperiore5Anni" xlink:to="sm-gaap-ci_AltriDebitiCuiDurataSuperiore5Anni" order="14" weight="1" priority="0" use="optional"/>
  </calculationLink>
</linkbase>
