<?xml version="1.0" encoding="UTF-8"?>
<!--
Tassonomia XBRL della Repubblica di San Marino

File: sm-gaap-ci-pre-nirendicontofinanziario-2019-01-24.xml
Versione: 2019-01-24
Sito di riferimento: https://www.xbrl.sm/
Archivio: https://www.xbrl.sm/sm-gaap-ci-2019-01-24.zip
-->
<linkbase xmlns="http://www.xbrl.org/2003/linkbase" xmlns:xsi="http://www.w3.org/2001/XMLSchema-instance" xmlns:xlink="http://www.w3.org/1999/xlink" xsi:schemaLocation="http://www.xbrl.org/2003/linkbase http://www.xbrl.org/2003/xbrl-linkbase-2003-12-31.xsd">
  <roleRef xlink:type="simple" xlink:href="sm-gaap-ci-roles-2019-01-24.xsd#NotaIntegrativaRendicontoFinanziario" roleURI="http://www.xbrl.sm/sm/gaap/role/NotaIntegrativaRendicontoFinanziario"/>
  <presentationLink xlink:type="extended" xlink:role="http://www.xbrl.sm/sm/gaap/role/NotaIntegrativaRendicontoFinanziario">
    <loc xlink:type="locator" xlink:href="sm-gaap-ci-2019-01-24.xsd#sm-gaap-ci_NotaIntegrativaRendicontoFinanziario" xlink:label="sm-gaap-ci_NotaIntegrativaRendicontoFinanziario"/>
    <loc xlink:type="locator" xlink:href="sm-gaap-ci-2019-01-24.xsd#sm-gaap-ci_IntroduzioneNotaIntegrativaRendicontoFinanziario" xlink:label="sm-gaap-ci_IntroduzioneNotaIntegrativaRendicontoFinanziario"/>
    <presentationArc xlink:type="arc" xlink:arcrole="http://www.xbrl.org/2003/arcrole/parent-child" xlink:from="sm-gaap-ci_NotaIntegrativaRendicontoFinanziario" xlink:to="sm-gaap-ci_IntroduzioneNotaIntegrativaRendicontoFinanziario" order="1" priority="0" use="optional"/>
    <loc xlink:type="locator" xlink:href="sm-gaap-ci-2019-01-24.xsd#sm-gaap-ci_RendicontoFinanziario" xlink:label="sm-gaap-ci_RendicontoFinanziario"/>
    <presentationArc xlink:type="arc" xlink:arcrole="http://www.xbrl.org/2003/arcrole/parent-child" xlink:from="sm-gaap-ci_NotaIntegrativaRendicontoFinanziario" xlink:to="sm-gaap-ci_RendicontoFinanziario" order="2" priority="0" use="optional"/>
    <loc xlink:type="locator" xlink:href="sm-gaap-ci-2019-01-24.xsd#sm-gaap-ci_FlussiFinanziariDerivantiGestioneReddituale" xlink:label="sm-gaap-ci_FlussiFinanziariDerivantiGestioneReddituale"/>
    <presentationArc xlink:type="arc" xlink:arcrole="http://www.xbrl.org/2003/arcrole/parent-child" xlink:from="sm-gaap-ci_RendicontoFinanziario" xlink:to="sm-gaap-ci_FlussiFinanziariDerivantiGestioneReddituale" order="1" priority="0" use="optional"/>
    <loc xlink:type="locator" xlink:href="sm-gaap-ci-2019-01-24.xsd#sm-gaap-ci_UtilePerditaEsercizio" xlink:label="sm-gaap-ci_UtilePerditaEsercizio"/>
    <presentationArc xlink:type="arc" xlink:arcrole="http://www.xbrl.org/2003/arcrole/parent-child" xlink:from="sm-gaap-ci_FlussiFinanziariDerivantiGestioneReddituale" xlink:to="sm-gaap-ci_UtilePerditaEsercizio" order="1" priority="0" use="optional"/>
    <loc xlink:type="locator" xlink:href="sm-gaap-ci-2019-01-24.xsd#sm-gaap-ci_RettificheElementiNonMonetariNonHannoAvutoContropartitaCapitaleCircolanteNettoAmmortamentiImmobilizzazioni" xlink:label="sm-gaap-ci_RettificheElementiNonMonetariNonHannoAvutoContropartitaCapitaleCircolanteNettoAmmortamentiImmobilizzazioni"/>
    <presentationArc xlink:type="arc" xlink:arcrole="http://www.xbrl.org/2003/arcrole/parent-child" xlink:from="sm-gaap-ci_FlussiFinanziariDerivantiGestioneReddituale" xlink:to="sm-gaap-ci_RettificheElementiNonMonetariNonHannoAvutoContropartitaCapitaleCircolanteNettoAmmortamentiImmobilizzazioni" order="2" priority="0" use="optional"/>
    <loc xlink:type="locator" xlink:href="sm-gaap-ci-2019-01-24.xsd#sm-gaap-ci_RettificheElementiNonMonetariNonHannoAvutoContropartitaCapitaleCircolanteNettoAccantonamentiFondi" xlink:label="sm-gaap-ci_RettificheElementiNonMonetariNonHannoAvutoContropartitaCapitaleCircolanteNettoAccantonamentiFondi"/>
    <presentationArc xlink:type="arc" xlink:arcrole="http://www.xbrl.org/2003/arcrole/parent-child" xlink:from="sm-gaap-ci_FlussiFinanziariDerivantiGestioneReddituale" xlink:to="sm-gaap-ci_RettificheElementiNonMonetariNonHannoAvutoContropartitaCapitaleCircolanteNettoAccantonamentiFondi" order="3" priority="0" use="optional"/>
    <loc xlink:type="locator" xlink:href="sm-gaap-ci-2019-01-24.xsd#sm-gaap-ci_RettificheElementiNonMonetariNonHannoAvutoContropartitaCapitaleCircolanteNettoAltreRettificheElementiNonMonetari" xlink:label="sm-gaap-ci_RettificheElementiNonMonetariNonHannoAvutoContropartitaCapitaleCircolanteNettoAltreRettificheElementiNonMonetari"/>
    <presentationArc xlink:type="arc" xlink:arcrole="http://www.xbrl.org/2003/arcrole/parent-child" xlink:from="sm-gaap-ci_FlussiFinanziariDerivantiGestioneReddituale" xlink:to="sm-gaap-ci_RettificheElementiNonMonetariNonHannoAvutoContropartitaCapitaleCircolanteNettoAltreRettificheElementiNonMonetari" order="4" priority="0" use="optional"/>
    <loc xlink:type="locator" xlink:href="sm-gaap-ci-2019-01-24.xsd#sm-gaap-ci_FlussiFinanziariDerivantiGestioneRedditualePlusvalenzeMinusvalenzeDerivantiCessioneAttivita" xlink:label="sm-gaap-ci_FlussiFinanziariDerivantiGestioneRedditualePlusvalenzeMinusvalenzeDerivantiCessioneAttivita"/>
    <presentationArc xlink:type="arc" xlink:arcrole="http://www.xbrl.org/2003/arcrole/parent-child" xlink:from="sm-gaap-ci_FlussiFinanziariDerivantiGestioneReddituale" xlink:to="sm-gaap-ci_FlussiFinanziariDerivantiGestioneRedditualePlusvalenzeMinusvalenzeDerivantiCessioneAttivita" order="5" priority="0" use="optional"/>
    <loc xlink:type="locator" xlink:href="sm-gaap-ci-2019-01-24.xsd#sm-gaap-ci_FlussiFinanziariDerivantiGestioneRedditualeUtilizzoFondi" xlink:label="sm-gaap-ci_FlussiFinanziariDerivantiGestioneRedditualeUtilizzoFondi"/>
    <presentationArc xlink:type="arc" xlink:arcrole="http://www.xbrl.org/2003/arcrole/parent-child" xlink:from="sm-gaap-ci_FlussiFinanziariDerivantiGestioneReddituale" xlink:to="sm-gaap-ci_FlussiFinanziariDerivantiGestioneRedditualeUtilizzoFondi" order="6" priority="0" use="optional"/>
    <loc xlink:type="locator" xlink:href="sm-gaap-ci-2019-01-24.xsd#sm-gaap-ci_VariazioniCapitaleCircolanteNettoDecrementoincrementoCreditiVsClienti" xlink:label="sm-gaap-ci_VariazioniCapitaleCircolanteNettoDecrementoincrementoCreditiVsClienti"/>
    <presentationArc xlink:type="arc" xlink:arcrole="http://www.xbrl.org/2003/arcrole/parent-child" xlink:from="sm-gaap-ci_FlussiFinanziariDerivantiGestioneReddituale" xlink:to="sm-gaap-ci_VariazioniCapitaleCircolanteNettoDecrementoincrementoCreditiVsClienti" order="7" priority="0" use="optional"/>
    <loc xlink:type="locator" xlink:href="sm-gaap-ci-2019-01-24.xsd#sm-gaap-ci_VariazioniCapitaleCircolanteNettoDecrementoincrementoRimanenze" xlink:label="sm-gaap-ci_VariazioniCapitaleCircolanteNettoDecrementoincrementoRimanenze"/>
    <presentationArc xlink:type="arc" xlink:arcrole="http://www.xbrl.org/2003/arcrole/parent-child" xlink:from="sm-gaap-ci_FlussiFinanziariDerivantiGestioneReddituale" xlink:to="sm-gaap-ci_VariazioniCapitaleCircolanteNettoDecrementoincrementoRimanenze" order="8" priority="0" use="optional"/>
    <loc xlink:type="locator" xlink:href="sm-gaap-ci-2019-01-24.xsd#sm-gaap-ci_VariazioniCapitaleCircolanteNettoDecrementoincrementoRateiRiscontiAttivi" xlink:label="sm-gaap-ci_VariazioniCapitaleCircolanteNettoDecrementoincrementoRateiRiscontiAttivi"/>
    <presentationArc xlink:type="arc" xlink:arcrole="http://www.xbrl.org/2003/arcrole/parent-child" xlink:from="sm-gaap-ci_FlussiFinanziariDerivantiGestioneReddituale" xlink:to="sm-gaap-ci_VariazioniCapitaleCircolanteNettoDecrementoincrementoRateiRiscontiAttivi" order="9" priority="0" use="optional"/>
    <loc xlink:type="locator" xlink:href="sm-gaap-ci-2019-01-24.xsd#sm-gaap-ci_VariazioniCapitaleCircolanteNettoIncrementodecrementoDebitiVersoFornitori" xlink:label="sm-gaap-ci_VariazioniCapitaleCircolanteNettoIncrementodecrementoDebitiVersoFornitori"/>
    <presentationArc xlink:type="arc" xlink:arcrole="http://www.xbrl.org/2003/arcrole/parent-child" xlink:from="sm-gaap-ci_FlussiFinanziariDerivantiGestioneReddituale" xlink:to="sm-gaap-ci_VariazioniCapitaleCircolanteNettoIncrementodecrementoDebitiVersoFornitori" order="10" priority="0" use="optional"/>
    <loc xlink:type="locator" xlink:href="sm-gaap-ci-2019-01-24.xsd#sm-gaap-ci_VariazioniCapitaleCircolanteNettoIncrementodecrementoRateiRiscontiPassivi" xlink:label="sm-gaap-ci_VariazioniCapitaleCircolanteNettoIncrementodecrementoRateiRiscontiPassivi"/>
    <presentationArc xlink:type="arc" xlink:arcrole="http://www.xbrl.org/2003/arcrole/parent-child" xlink:from="sm-gaap-ci_FlussiFinanziariDerivantiGestioneReddituale" xlink:to="sm-gaap-ci_VariazioniCapitaleCircolanteNettoIncrementodecrementoRateiRiscontiPassivi" order="11" priority="0" use="optional"/>
    <loc xlink:type="locator" xlink:href="sm-gaap-ci-2019-01-24.xsd#sm-gaap-ci_VariazioniCapitaleCircolanteNettoAltriDecrementialtriIncrementiCapitaleCircolanteNetto" xlink:label="sm-gaap-ci_VariazioniCapitaleCircolanteNettoAltriDecrementialtriIncrementiCapitaleCircolanteNetto"/>
    <presentationArc xlink:type="arc" xlink:arcrole="http://www.xbrl.org/2003/arcrole/parent-child" xlink:from="sm-gaap-ci_FlussiFinanziariDerivantiGestioneReddituale" xlink:to="sm-gaap-ci_VariazioniCapitaleCircolanteNettoAltriDecrementialtriIncrementiCapitaleCircolanteNetto" order="12" priority="0" use="optional"/>
    <loc xlink:type="locator" xlink:href="sm-gaap-ci-2019-01-24.xsd#sm-gaap-ci_FlussoFinanziarioGestioneReddituale" xlink:label="sm-gaap-ci_FlussoFinanziarioGestioneReddituale"/>
    <presentationArc xlink:type="arc" xlink:arcrole="http://www.xbrl.org/2003/arcrole/parent-child" xlink:from="sm-gaap-ci_FlussiFinanziariDerivantiGestioneReddituale" xlink:to="sm-gaap-ci_FlussoFinanziarioGestioneReddituale" order="13" priority="0" use="optional"/>
    <loc xlink:type="locator" xlink:href="sm-gaap-ci-2019-01-24.xsd#sm-gaap-ci_FlussiFinanziariDerivantiAttivitaInvestimento" xlink:label="sm-gaap-ci_FlussiFinanziariDerivantiAttivitaInvestimento"/>
    <presentationArc xlink:type="arc" xlink:arcrole="http://www.xbrl.org/2003/arcrole/parent-child" xlink:from="sm-gaap-ci_RendicontoFinanziario" xlink:to="sm-gaap-ci_FlussiFinanziariDerivantiAttivitaInvestimento" order="2" priority="0" use="optional"/>
    <loc xlink:type="locator" xlink:href="sm-gaap-ci-2019-01-24.xsd#sm-gaap-ci_FlussiFinanziariDerivantiAttivitaInvestimentoAcquistoImmobilizzazioniTecnichePartecipazioni" xlink:label="sm-gaap-ci_FlussiFinanziariDerivantiAttivitaInvestimentoAcquistoImmobilizzazioniTecnichePartecipazioni"/>
    <presentationArc xlink:type="arc" xlink:arcrole="http://www.xbrl.org/2003/arcrole/parent-child" xlink:from="sm-gaap-ci_FlussiFinanziariDerivantiAttivitaInvestimento" xlink:to="sm-gaap-ci_FlussiFinanziariDerivantiAttivitaInvestimentoAcquistoImmobilizzazioniTecnichePartecipazioni" order="1" priority="0" use="optional"/>
    <loc xlink:type="locator" xlink:href="sm-gaap-ci-2019-01-24.xsd#sm-gaap-ci_FlussiFinanziariDerivantiAttivitaInvestimentoIncrementoDecrementoDebitiConfrontiFornitoriImmobilizzazioniTecnichePartecipazioni" xlink:label="sm-gaap-ci_FlussiFinanziariDerivantiAttivitaInvestimentoIncrementoDecrementoDebitiConfrontiFornitoriImmobilizzazioniTecnichePartecipazioni"/>
    <presentationArc xlink:type="arc" xlink:arcrole="http://www.xbrl.org/2003/arcrole/parent-child" xlink:from="sm-gaap-ci_FlussiFinanziariDerivantiAttivitaInvestimento" xlink:to="sm-gaap-ci_FlussiFinanziariDerivantiAttivitaInvestimentoIncrementoDecrementoDebitiConfrontiFornitoriImmobilizzazioniTecnichePartecipazioni" order="2" priority="0" use="optional"/>
    <loc xlink:type="locator" xlink:href="sm-gaap-ci-2019-01-24.xsd#sm-gaap-ci_FlussiFinanziariDerivantiAttivitaInvestimentoCorrispettiviVenditeImmobilizzazioniTecnichePartecipazioni" xlink:label="sm-gaap-ci_FlussiFinanziariDerivantiAttivitaInvestimentoCorrispettiviVenditeImmobilizzazioniTecnichePartecipazioni"/>
    <presentationArc xlink:type="arc" xlink:arcrole="http://www.xbrl.org/2003/arcrole/parent-child" xlink:from="sm-gaap-ci_FlussiFinanziariDerivantiAttivitaInvestimento" xlink:to="sm-gaap-ci_FlussiFinanziariDerivantiAttivitaInvestimentoCorrispettiviVenditeImmobilizzazioniTecnichePartecipazioni" order="3" priority="0" use="optional"/>
    <loc xlink:type="locator" xlink:href="sm-gaap-ci-2019-01-24.xsd#sm-gaap-ci_FlussoFinanziarioAttivitaInvestimento" xlink:label="sm-gaap-ci_FlussoFinanziarioAttivitaInvestimento"/>
    <presentationArc xlink:type="arc" xlink:arcrole="http://www.xbrl.org/2003/arcrole/parent-child" xlink:from="sm-gaap-ci_FlussiFinanziariDerivantiAttivitaInvestimento" xlink:to="sm-gaap-ci_FlussoFinanziarioAttivitaInvestimento" order="4" priority="0" use="optional"/>
    <loc xlink:type="locator" xlink:href="sm-gaap-ci-2019-01-24.xsd#sm-gaap-ci_FlussiFinanziariDerivantiAttivitaFinanziamento" xlink:label="sm-gaap-ci_FlussiFinanziariDerivantiAttivitaFinanziamento"/>
    <presentationArc xlink:type="arc" xlink:arcrole="http://www.xbrl.org/2003/arcrole/parent-child" xlink:from="sm-gaap-ci_RendicontoFinanziario" xlink:to="sm-gaap-ci_FlussiFinanziariDerivantiAttivitaFinanziamento" order="3" priority="0" use="optional"/>
    <loc xlink:type="locator" xlink:href="sm-gaap-ci-2019-01-24.xsd#sm-gaap-ci_FlussiFinanziariDerivantiAttivitaFinanziamentoIncrementoDecrementoDebitiBreveVersoBanche" xlink:label="sm-gaap-ci_FlussiFinanziariDerivantiAttivitaFinanziamentoIncrementoDecrementoDebitiBreveVersoBanche"/>
    <presentationArc xlink:type="arc" xlink:arcrole="http://www.xbrl.org/2003/arcrole/parent-child" xlink:from="sm-gaap-ci_FlussiFinanziariDerivantiAttivitaFinanziamento" xlink:to="sm-gaap-ci_FlussiFinanziariDerivantiAttivitaFinanziamentoIncrementoDecrementoDebitiBreveVersoBanche" order="1" priority="0" use="optional"/>
    <loc xlink:type="locator" xlink:href="sm-gaap-ci-2019-01-24.xsd#sm-gaap-ci_FlussiFinanziariDerivantiAttivitaFinanziamentoAccensioneMutui" xlink:label="sm-gaap-ci_FlussiFinanziariDerivantiAttivitaFinanziamentoAccensioneMutui"/>
    <presentationArc xlink:type="arc" xlink:arcrole="http://www.xbrl.org/2003/arcrole/parent-child" xlink:from="sm-gaap-ci_FlussiFinanziariDerivantiAttivitaFinanziamento" xlink:to="sm-gaap-ci_FlussiFinanziariDerivantiAttivitaFinanziamentoAccensioneMutui" order="2" priority="0" use="optional"/>
    <loc xlink:type="locator" xlink:href="sm-gaap-ci-2019-01-24.xsd#sm-gaap-ci_FlussiFinanziariDerivantiAttivitaFinanziamentoRimborsoMutui" xlink:label="sm-gaap-ci_FlussiFinanziariDerivantiAttivitaFinanziamentoRimborsoMutui"/>
    <presentationArc xlink:type="arc" xlink:arcrole="http://www.xbrl.org/2003/arcrole/parent-child" xlink:from="sm-gaap-ci_FlussiFinanziariDerivantiAttivitaFinanziamento" xlink:to="sm-gaap-ci_FlussiFinanziariDerivantiAttivitaFinanziamentoRimborsoMutui" order="3" priority="0" use="optional"/>
    <loc xlink:type="locator" xlink:href="sm-gaap-ci-2019-01-24.xsd#sm-gaap-ci_FlussiFinanziariDerivantiAttivitaFinanziamentoDividendiPagati" xlink:label="sm-gaap-ci_FlussiFinanziariDerivantiAttivitaFinanziamentoDividendiPagati"/>
    <presentationArc xlink:type="arc" xlink:arcrole="http://www.xbrl.org/2003/arcrole/parent-child" xlink:from="sm-gaap-ci_FlussiFinanziariDerivantiAttivitaFinanziamento" xlink:to="sm-gaap-ci_FlussiFinanziariDerivantiAttivitaFinanziamentoDividendiPagati" order="4" priority="0" use="optional"/>
    <loc xlink:type="locator" xlink:href="sm-gaap-ci-2019-01-24.xsd#sm-gaap-ci_FlussiFinanziariDerivantiAttivitaFinanziamentoAumentoRimborsoCapitaleApporto" xlink:label="sm-gaap-ci_FlussiFinanziariDerivantiAttivitaFinanziamentoAumentoRimborsoCapitaleApporto"/>
    <presentationArc xlink:type="arc" xlink:arcrole="http://www.xbrl.org/2003/arcrole/parent-child" xlink:from="sm-gaap-ci_FlussiFinanziariDerivantiAttivitaFinanziamento" xlink:to="sm-gaap-ci_FlussiFinanziariDerivantiAttivitaFinanziamentoAumentoRimborsoCapitaleApporto" order="5" priority="0" use="optional"/>
    <loc xlink:type="locator" xlink:href="sm-gaap-ci-2019-01-24.xsd#sm-gaap-ci_FlussiFinanziariDerivantiAttivitaFinanziamentoCessioneAcquistoAzioniProprie" xlink:label="sm-gaap-ci_FlussiFinanziariDerivantiAttivitaFinanziamentoCessioneAcquistoAzioniProprie"/>
    <presentationArc xlink:type="arc" xlink:arcrole="http://www.xbrl.org/2003/arcrole/parent-child" xlink:from="sm-gaap-ci_FlussiFinanziariDerivantiAttivitaFinanziamento" xlink:to="sm-gaap-ci_FlussiFinanziariDerivantiAttivitaFinanziamentoCessioneAcquistoAzioniProprie" order="6" priority="0" use="optional"/>
    <loc xlink:type="locator" xlink:href="sm-gaap-ci-2019-01-24.xsd#sm-gaap-ci_FlussoFinanziarioAttivitaFinanziamento" xlink:label="sm-gaap-ci_FlussoFinanziarioAttivitaFinanziamento"/>
    <presentationArc xlink:type="arc" xlink:arcrole="http://www.xbrl.org/2003/arcrole/parent-child" xlink:from="sm-gaap-ci_FlussiFinanziariDerivantiAttivitaFinanziamento" xlink:to="sm-gaap-ci_FlussoFinanziarioAttivitaFinanziamento" order="7" priority="0" use="optional"/>
    <loc xlink:type="locator" xlink:href="sm-gaap-ci-2019-01-24.xsd#sm-gaap-ci_IncrementoDecrementoDisponibilitaLiquide" xlink:label="sm-gaap-ci_IncrementoDecrementoDisponibilitaLiquide"/>
    <presentationArc xlink:type="arc" xlink:arcrole="http://www.xbrl.org/2003/arcrole/parent-child" xlink:from="sm-gaap-ci_RendicontoFinanziario" xlink:to="sm-gaap-ci_IncrementoDecrementoDisponibilitaLiquide" order="4" priority="0" use="optional"/>
    <loc xlink:type="locator" xlink:href="sm-gaap-ci-2019-01-24.xsd#sm-gaap-ci_DisponibilitaLiquideInizioEsercizio" xlink:label="sm-gaap-ci_DisponibilitaLiquideInizioEsercizio"/>
    <presentationArc xlink:type="arc" xlink:arcrole="http://www.xbrl.org/2003/arcrole/parent-child" xlink:from="sm-gaap-ci_RendicontoFinanziario" xlink:to="sm-gaap-ci_DisponibilitaLiquideInizioEsercizio" order="5" priority="0" use="optional"/>
    <loc xlink:type="locator" xlink:href="sm-gaap-ci-2019-01-24.xsd#sm-gaap-ci_TotaleDisponibilitaLiquide" xlink:label="sm-gaap-ci_TotaleDisponibilitaLiquide"/>
    <presentationArc xlink:type="arc" xlink:arcrole="http://www.xbrl.org/2003/arcrole/parent-child" xlink:from="sm-gaap-ci_RendicontoFinanziario" xlink:to="sm-gaap-ci_TotaleDisponibilitaLiquide" order="6" priority="0" use="optional"/>
    <loc xlink:type="locator" xlink:href="sm-gaap-ci-2019-01-24.xsd#sm-gaap-ci_CommentoNotaIntegrativaRendicontoFinanziario" xlink:label="sm-gaap-ci_CommentoNotaIntegrativaRendicontoFinanziario"/>
    <presentationArc xlink:type="arc" xlink:arcrole="http://www.xbrl.org/2003/arcrole/parent-child" xlink:from="sm-gaap-ci_NotaIntegrativaRendicontoFinanziario" xlink:to="sm-gaap-ci_CommentoNotaIntegrativaRendicontoFinanziario" order="3" priority="0" use="optional"/>
  </presentationLink>
</linkbase>
