<?xml version="1.0" encoding="UTF-8"?>
<!--
Tassonomia XBRL della Repubblica di San Marino

File: sm-gaap-ci-pre-sp-2019-01-24.xml
Versione: 2019-01-24
Sito di riferimento: https://www.xbrl.sm/
Archivio: https://www.xbrl.sm/sm-gaap-ci-2019-01-24.zip
-->
<linkbase xmlns="http://www.xbrl.org/2003/linkbase" xmlns:xsi="http://www.w3.org/2001/XMLSchema-instance" xmlns:xlink="http://www.w3.org/1999/xlink" xsi:schemaLocation="http://www.xbrl.org/2003/linkbase http://www.xbrl.org/2003/xbrl-linkbase-2003-12-31.xsd">
  <roleRef xlink:type="simple" xlink:href="sm-gaap-ci-roles-2019-01-24.xsd#SpLeggeSocieta" roleURI="http://www.xbrl.sm/sm/gaap/role/SpLeggeSocieta"/>
  <presentationLink xlink:type="extended" xlink:role="http://www.xbrl.sm/sm/gaap/role/SpLeggeSocieta">
    <loc xlink:type="locator" xlink:href="sm-gaap-ci-2019-01-24.xsd#sm-gaap-ci_StatoPatrimoniale" xlink:label="sm-gaap-ci_StatoPatrimoniale"/>
    <loc xlink:type="locator" xlink:href="sm-gaap-ci-2019-01-24.xsd#sm-gaap-ci_Attivo" xlink:label="sm-gaap-ci_Attivo"/>
    <presentationArc xlink:type="arc" xlink:arcrole="http://www.xbrl.org/2003/arcrole/parent-child" xlink:from="sm-gaap-ci_StatoPatrimoniale" xlink:to="sm-gaap-ci_Attivo" order="1" priority="0" use="optional"/>
    <loc xlink:type="locator" xlink:href="sm-gaap-ci-2019-01-24.xsd#sm-gaap-ci_CreditiVersoSociVersamentiAncoraDovuti" xlink:label="sm-gaap-ci_CreditiVersoSociVersamentiAncoraDovuti"/>
    <presentationArc xlink:type="arc" xlink:arcrole="http://www.xbrl.org/2003/arcrole/parent-child" xlink:from="sm-gaap-ci_Attivo" xlink:to="sm-gaap-ci_CreditiVersoSociVersamentiAncoraDovuti" order="1" priority="0" use="optional"/>
    <loc xlink:type="locator" xlink:href="sm-gaap-ci-2019-01-24.xsd#sm-gaap-ci_TotaleCreditiVersoSociVersamentiAncoraDovuti" xlink:label="sm-gaap-ci_TotaleCreditiVersoSociVersamentiAncoraDovuti"/>
    <presentationArc xlink:type="arc" xlink:arcrole="http://www.xbrl.org/2003/arcrole/parent-child" xlink:from="sm-gaap-ci_CreditiVersoSociVersamentiAncoraDovuti" xlink:to="sm-gaap-ci_TotaleCreditiVersoSociVersamentiAncoraDovuti" order="1" priority="0" use="optional"/>
    <loc xlink:type="locator" xlink:href="sm-gaap-ci-2019-01-24.xsd#sm-gaap-ci_Immobilizzazioni" xlink:label="sm-gaap-ci_Immobilizzazioni"/>
    <presentationArc xlink:type="arc" xlink:arcrole="http://www.xbrl.org/2003/arcrole/parent-child" xlink:from="sm-gaap-ci_Attivo" xlink:to="sm-gaap-ci_Immobilizzazioni" order="2" priority="0" use="optional"/>
    <loc xlink:type="locator" xlink:href="sm-gaap-ci-2019-01-24.xsd#sm-gaap-ci_ImmobilizzazioniImmateriali" xlink:label="sm-gaap-ci_ImmobilizzazioniImmateriali"/>
    <presentationArc xlink:type="arc" xlink:arcrole="http://www.xbrl.org/2003/arcrole/parent-child" xlink:from="sm-gaap-ci_Immobilizzazioni" xlink:to="sm-gaap-ci_ImmobilizzazioniImmateriali" order="1" priority="0" use="optional"/>
    <loc xlink:type="locator" xlink:href="sm-gaap-ci-2019-01-24.xsd#sm-gaap-ci_ImmobilizzazioniImmaterialiCostiImpiantoAmpliamento" xlink:label="sm-gaap-ci_ImmobilizzazioniImmaterialiCostiImpiantoAmpliamento"/>
    <presentationArc xlink:type="arc" xlink:arcrole="http://www.xbrl.org/2003/arcrole/parent-child" xlink:from="sm-gaap-ci_ImmobilizzazioniImmateriali" xlink:to="sm-gaap-ci_ImmobilizzazioniImmaterialiCostiImpiantoAmpliamento" order="1" priority="0" use="optional"/>
    <loc xlink:type="locator" xlink:href="sm-gaap-ci-2019-01-24.xsd#sm-gaap-ci_ImmobilizzazioniImmaterialiCostiRicercaSviluppoPubblicita" xlink:label="sm-gaap-ci_ImmobilizzazioniImmaterialiCostiRicercaSviluppoPubblicita"/>
    <presentationArc xlink:type="arc" xlink:arcrole="http://www.xbrl.org/2003/arcrole/parent-child" xlink:from="sm-gaap-ci_ImmobilizzazioniImmateriali" xlink:to="sm-gaap-ci_ImmobilizzazioniImmaterialiCostiRicercaSviluppoPubblicita" order="2" priority="0" use="optional"/>
    <loc xlink:type="locator" xlink:href="sm-gaap-ci-2019-01-24.xsd#sm-gaap-ci_ImmobilizzazioniImmaterialiDirittiBrevettoIndustrialeDirittiUtilizzazioneOpereIngegno" xlink:label="sm-gaap-ci_ImmobilizzazioniImmaterialiDirittiBrevettoIndustrialeDirittiUtilizzazioneOpereIngegno"/>
    <presentationArc xlink:type="arc" xlink:arcrole="http://www.xbrl.org/2003/arcrole/parent-child" xlink:from="sm-gaap-ci_ImmobilizzazioniImmateriali" xlink:to="sm-gaap-ci_ImmobilizzazioniImmaterialiDirittiBrevettoIndustrialeDirittiUtilizzazioneOpereIngegno" order="3" priority="0" use="optional"/>
    <loc xlink:type="locator" xlink:href="sm-gaap-ci-2019-01-24.xsd#sm-gaap-ci_ImmobilizzazioniImmaterialiConcessioniLicenzeMarchiDirittiSimili" xlink:label="sm-gaap-ci_ImmobilizzazioniImmaterialiConcessioniLicenzeMarchiDirittiSimili"/>
    <presentationArc xlink:type="arc" xlink:arcrole="http://www.xbrl.org/2003/arcrole/parent-child" xlink:from="sm-gaap-ci_ImmobilizzazioniImmateriali" xlink:to="sm-gaap-ci_ImmobilizzazioniImmaterialiConcessioniLicenzeMarchiDirittiSimili" order="4" priority="0" use="optional"/>
    <loc xlink:type="locator" xlink:href="sm-gaap-ci-2019-01-24.xsd#sm-gaap-ci_ImmobilizzazioniImmaterialiAvviamentoSeAcquisitoTitoloOneroso" xlink:label="sm-gaap-ci_ImmobilizzazioniImmaterialiAvviamentoSeAcquisitoTitoloOneroso"/>
    <presentationArc xlink:type="arc" xlink:arcrole="http://www.xbrl.org/2003/arcrole/parent-child" xlink:from="sm-gaap-ci_ImmobilizzazioniImmateriali" xlink:to="sm-gaap-ci_ImmobilizzazioniImmaterialiAvviamentoSeAcquisitoTitoloOneroso" order="5" priority="0" use="optional"/>
    <loc xlink:type="locator" xlink:href="sm-gaap-ci-2019-01-24.xsd#sm-gaap-ci_ImmobilizzazioniImmaterialiImmobilizzazioniCorsoAcconti" xlink:label="sm-gaap-ci_ImmobilizzazioniImmaterialiImmobilizzazioniCorsoAcconti"/>
    <presentationArc xlink:type="arc" xlink:arcrole="http://www.xbrl.org/2003/arcrole/parent-child" xlink:from="sm-gaap-ci_ImmobilizzazioniImmateriali" xlink:to="sm-gaap-ci_ImmobilizzazioniImmaterialiImmobilizzazioniCorsoAcconti" order="6" priority="0" use="optional"/>
    <loc xlink:type="locator" xlink:href="sm-gaap-ci-2019-01-24.xsd#sm-gaap-ci_ImmobilizzazioniImmaterialiAltre" xlink:label="sm-gaap-ci_ImmobilizzazioniImmaterialiAltre"/>
    <presentationArc xlink:type="arc" xlink:arcrole="http://www.xbrl.org/2003/arcrole/parent-child" xlink:from="sm-gaap-ci_ImmobilizzazioniImmateriali" xlink:to="sm-gaap-ci_ImmobilizzazioniImmaterialiAltre" order="7" priority="0" use="optional"/>
    <loc xlink:type="locator" xlink:href="sm-gaap-ci-2019-01-24.xsd#sm-gaap-ci_TotaleImmobilizzazioniImmateriali" xlink:label="sm-gaap-ci_TotaleImmobilizzazioniImmateriali"/>
    <presentationArc xlink:type="arc" xlink:arcrole="http://www.xbrl.org/2003/arcrole/parent-child" xlink:from="sm-gaap-ci_ImmobilizzazioniImmateriali" xlink:to="sm-gaap-ci_TotaleImmobilizzazioniImmateriali" order="8" priority="0" use="optional"/>
    <loc xlink:type="locator" xlink:href="sm-gaap-ci-2019-01-24.xsd#sm-gaap-ci_ImmobilizzazioniMateriali" xlink:label="sm-gaap-ci_ImmobilizzazioniMateriali"/>
    <presentationArc xlink:type="arc" xlink:arcrole="http://www.xbrl.org/2003/arcrole/parent-child" xlink:from="sm-gaap-ci_Immobilizzazioni" xlink:to="sm-gaap-ci_ImmobilizzazioniMateriali" order="2" priority="0" use="optional"/>
    <loc xlink:type="locator" xlink:href="sm-gaap-ci-2019-01-24.xsd#sm-gaap-ci_ImmobilizzazioniMaterialiTerreniFabbricati" xlink:label="sm-gaap-ci_ImmobilizzazioniMaterialiTerreniFabbricati"/>
    <presentationArc xlink:type="arc" xlink:arcrole="http://www.xbrl.org/2003/arcrole/parent-child" xlink:from="sm-gaap-ci_ImmobilizzazioniMateriali" xlink:to="sm-gaap-ci_ImmobilizzazioniMaterialiTerreniFabbricati" order="1" priority="0" use="optional"/>
    <loc xlink:type="locator" xlink:href="sm-gaap-ci-2019-01-24.xsd#sm-gaap-ci_ImmobilizzazioniMaterialiImpiantiMacchinari" xlink:label="sm-gaap-ci_ImmobilizzazioniMaterialiImpiantiMacchinari"/>
    <presentationArc xlink:type="arc" xlink:arcrole="http://www.xbrl.org/2003/arcrole/parent-child" xlink:from="sm-gaap-ci_ImmobilizzazioniMateriali" xlink:to="sm-gaap-ci_ImmobilizzazioniMaterialiImpiantiMacchinari" order="2" priority="0" use="optional"/>
    <loc xlink:type="locator" xlink:href="sm-gaap-ci-2019-01-24.xsd#sm-gaap-ci_ImmobilizzazioniMaterialiAttrezzatureIndustrialiCommerciali" xlink:label="sm-gaap-ci_ImmobilizzazioniMaterialiAttrezzatureIndustrialiCommerciali"/>
    <presentationArc xlink:type="arc" xlink:arcrole="http://www.xbrl.org/2003/arcrole/parent-child" xlink:from="sm-gaap-ci_ImmobilizzazioniMateriali" xlink:to="sm-gaap-ci_ImmobilizzazioniMaterialiAttrezzatureIndustrialiCommerciali" order="3" priority="0" use="optional"/>
    <loc xlink:type="locator" xlink:href="sm-gaap-ci-2019-01-24.xsd#sm-gaap-ci_ImmobilizzazioniMaterialiAltriBeni" xlink:label="sm-gaap-ci_ImmobilizzazioniMaterialiAltriBeni"/>
    <presentationArc xlink:type="arc" xlink:arcrole="http://www.xbrl.org/2003/arcrole/parent-child" xlink:from="sm-gaap-ci_ImmobilizzazioniMateriali" xlink:to="sm-gaap-ci_ImmobilizzazioniMaterialiAltriBeni" order="4" priority="0" use="optional"/>
    <loc xlink:type="locator" xlink:href="sm-gaap-ci-2019-01-24.xsd#sm-gaap-ci_ImmobilizzazioniMaterialiImmobilizzazioniCorsoAcconti" xlink:label="sm-gaap-ci_ImmobilizzazioniMaterialiImmobilizzazioniCorsoAcconti"/>
    <presentationArc xlink:type="arc" xlink:arcrole="http://www.xbrl.org/2003/arcrole/parent-child" xlink:from="sm-gaap-ci_ImmobilizzazioniMateriali" xlink:to="sm-gaap-ci_ImmobilizzazioniMaterialiImmobilizzazioniCorsoAcconti" order="5" priority="0" use="optional"/>
    <loc xlink:type="locator" xlink:href="sm-gaap-ci-2019-01-24.xsd#sm-gaap-ci_TotaleImmobilizzazioniMateriali" xlink:label="sm-gaap-ci_TotaleImmobilizzazioniMateriali"/>
    <presentationArc xlink:type="arc" xlink:arcrole="http://www.xbrl.org/2003/arcrole/parent-child" xlink:from="sm-gaap-ci_ImmobilizzazioniMateriali" xlink:to="sm-gaap-ci_TotaleImmobilizzazioniMateriali" order="6" priority="0" use="optional"/>
    <loc xlink:type="locator" xlink:href="sm-gaap-ci-2019-01-24.xsd#sm-gaap-ci_ImmobilizzazioniFinanziarie" xlink:label="sm-gaap-ci_ImmobilizzazioniFinanziarie"/>
    <presentationArc xlink:type="arc" xlink:arcrole="http://www.xbrl.org/2003/arcrole/parent-child" xlink:from="sm-gaap-ci_Immobilizzazioni" xlink:to="sm-gaap-ci_ImmobilizzazioniFinanziarie" order="3" priority="0" use="optional"/>
    <loc xlink:type="locator" xlink:href="sm-gaap-ci-2019-01-24.xsd#sm-gaap-ci_ImmobilizzazioniFinanziariePartecipazioni" xlink:label="sm-gaap-ci_ImmobilizzazioniFinanziariePartecipazioni"/>
    <presentationArc xlink:type="arc" xlink:arcrole="http://www.xbrl.org/2003/arcrole/parent-child" xlink:from="sm-gaap-ci_ImmobilizzazioniFinanziarie" xlink:to="sm-gaap-ci_ImmobilizzazioniFinanziariePartecipazioni" order="1" priority="0" use="optional"/>
    <loc xlink:type="locator" xlink:href="sm-gaap-ci-2019-01-24.xsd#sm-gaap-ci_ImmobilizzazioniFinanziariePartecipazioniSocietaControllate" xlink:label="sm-gaap-ci_ImmobilizzazioniFinanziariePartecipazioniSocietaControllate"/>
    <presentationArc xlink:type="arc" xlink:arcrole="http://www.xbrl.org/2003/arcrole/parent-child" xlink:from="sm-gaap-ci_ImmobilizzazioniFinanziariePartecipazioni" xlink:to="sm-gaap-ci_ImmobilizzazioniFinanziariePartecipazioniSocietaControllate" order="1" priority="0" use="optional"/>
    <loc xlink:type="locator" xlink:href="sm-gaap-ci-2019-01-24.xsd#sm-gaap-ci_ImmobilizzazioniFinanziariePartecipazioniSocietaCollegate" xlink:label="sm-gaap-ci_ImmobilizzazioniFinanziariePartecipazioniSocietaCollegate"/>
    <presentationArc xlink:type="arc" xlink:arcrole="http://www.xbrl.org/2003/arcrole/parent-child" xlink:from="sm-gaap-ci_ImmobilizzazioniFinanziariePartecipazioni" xlink:to="sm-gaap-ci_ImmobilizzazioniFinanziariePartecipazioniSocietaCollegate" order="2" priority="0" use="optional"/>
    <loc xlink:type="locator" xlink:href="sm-gaap-ci-2019-01-24.xsd#sm-gaap-ci_ImmobilizzazioniFinanziariePartecipazioniSocietaControllanti" xlink:label="sm-gaap-ci_ImmobilizzazioniFinanziariePartecipazioniSocietaControllanti"/>
    <presentationArc xlink:type="arc" xlink:arcrole="http://www.xbrl.org/2003/arcrole/parent-child" xlink:from="sm-gaap-ci_ImmobilizzazioniFinanziariePartecipazioni" xlink:to="sm-gaap-ci_ImmobilizzazioniFinanziariePartecipazioniSocietaControllanti" order="3" priority="0" use="optional"/>
    <loc xlink:type="locator" xlink:href="sm-gaap-ci-2019-01-24.xsd#sm-gaap-ci_ImmobilizzazioniFinanziariePartecipazioniAltreSocieta" xlink:label="sm-gaap-ci_ImmobilizzazioniFinanziariePartecipazioniAltreSocieta"/>
    <presentationArc xlink:type="arc" xlink:arcrole="http://www.xbrl.org/2003/arcrole/parent-child" xlink:from="sm-gaap-ci_ImmobilizzazioniFinanziariePartecipazioni" xlink:to="sm-gaap-ci_ImmobilizzazioniFinanziariePartecipazioniAltreSocieta" order="4" priority="0" use="optional"/>
    <loc xlink:type="locator" xlink:href="sm-gaap-ci-2019-01-24.xsd#sm-gaap-ci_ImmobilizzazioniFinanziariePartecipazioniTotalePartecipazioni" xlink:label="sm-gaap-ci_ImmobilizzazioniFinanziariePartecipazioniTotalePartecipazioni"/>
    <presentationArc xlink:type="arc" xlink:arcrole="http://www.xbrl.org/2003/arcrole/parent-child" xlink:from="sm-gaap-ci_ImmobilizzazioniFinanziariePartecipazioni" xlink:to="sm-gaap-ci_ImmobilizzazioniFinanziariePartecipazioniTotalePartecipazioni" order="5" priority="0" use="optional"/>
    <loc xlink:type="locator" xlink:href="sm-gaap-ci-2019-01-24.xsd#sm-gaap-ci_ImmobilizzazioniFinanziarieCrediti" xlink:label="sm-gaap-ci_ImmobilizzazioniFinanziarieCrediti"/>
    <presentationArc xlink:type="arc" xlink:arcrole="http://www.xbrl.org/2003/arcrole/parent-child" xlink:from="sm-gaap-ci_ImmobilizzazioniFinanziarie" xlink:to="sm-gaap-ci_ImmobilizzazioniFinanziarieCrediti" order="2" priority="0" use="optional"/>
    <loc xlink:type="locator" xlink:href="sm-gaap-ci-2019-01-24.xsd#sm-gaap-ci_ImmobilizzazioniFinanziarieCreditiVersoSocietaControllate" xlink:label="sm-gaap-ci_ImmobilizzazioniFinanziarieCreditiVersoSocietaControllate"/>
    <presentationArc xlink:type="arc" xlink:arcrole="http://www.xbrl.org/2003/arcrole/parent-child" xlink:from="sm-gaap-ci_ImmobilizzazioniFinanziarieCrediti" xlink:to="sm-gaap-ci_ImmobilizzazioniFinanziarieCreditiVersoSocietaControllate" order="1" priority="0" use="optional"/>
    <loc xlink:type="locator" xlink:href="sm-gaap-ci-2019-01-24.xsd#sm-gaap-ci_ImmobilizzazioniFinanziarieCreditiVersoSocietaControllateEsigibiliEntroEsercizioSuccessivo" xlink:label="sm-gaap-ci_ImmobilizzazioniFinanziarieCreditiVersoSocietaControllateEsigibiliEntroEsercizioSuccessivo"/>
    <presentationArc xlink:type="arc" xlink:arcrole="http://www.xbrl.org/2003/arcrole/parent-child" xlink:from="sm-gaap-ci_ImmobilizzazioniFinanziarieCreditiVersoSocietaControllate" xlink:to="sm-gaap-ci_ImmobilizzazioniFinanziarieCreditiVersoSocietaControllateEsigibiliEntroEsercizioSuccessivo" order="1" priority="0" use="optional"/>
    <loc xlink:type="locator" xlink:href="sm-gaap-ci-2019-01-24.xsd#sm-gaap-ci_ImmobilizzazioniFinanziarieCreditiVersoSocietaControllateEsigibiliOltreEsercizioSuccessivo" xlink:label="sm-gaap-ci_ImmobilizzazioniFinanziarieCreditiVersoSocietaControllateEsigibiliOltreEsercizioSuccessivo"/>
    <presentationArc xlink:type="arc" xlink:arcrole="http://www.xbrl.org/2003/arcrole/parent-child" xlink:from="sm-gaap-ci_ImmobilizzazioniFinanziarieCreditiVersoSocietaControllate" xlink:to="sm-gaap-ci_ImmobilizzazioniFinanziarieCreditiVersoSocietaControllateEsigibiliOltreEsercizioSuccessivo" order="2" priority="0" use="optional"/>
    <loc xlink:type="locator" xlink:href="sm-gaap-ci-2019-01-24.xsd#sm-gaap-ci_ImmobilizzazioniFinanziarieCreditiVersoSocietaControllateTotaleCreditiVersoSocietaControllate" xlink:label="sm-gaap-ci_ImmobilizzazioniFinanziarieCreditiVersoSocietaControllateTotaleCreditiVersoSocietaControllate"/>
    <presentationArc xlink:type="arc" xlink:arcrole="http://www.xbrl.org/2003/arcrole/parent-child" xlink:from="sm-gaap-ci_ImmobilizzazioniFinanziarieCreditiVersoSocietaControllate" xlink:to="sm-gaap-ci_ImmobilizzazioniFinanziarieCreditiVersoSocietaControllateTotaleCreditiVersoSocietaControllate" order="3" priority="0" use="optional"/>
    <loc xlink:type="locator" xlink:href="sm-gaap-ci-2019-01-24.xsd#sm-gaap-ci_ImmobilizzazioniFinanziarieCreditiVersoSocietaCollegate" xlink:label="sm-gaap-ci_ImmobilizzazioniFinanziarieCreditiVersoSocietaCollegate"/>
    <presentationArc xlink:type="arc" xlink:arcrole="http://www.xbrl.org/2003/arcrole/parent-child" xlink:from="sm-gaap-ci_ImmobilizzazioniFinanziarieCrediti" xlink:to="sm-gaap-ci_ImmobilizzazioniFinanziarieCreditiVersoSocietaCollegate" order="2" priority="0" use="optional"/>
    <loc xlink:type="locator" xlink:href="sm-gaap-ci-2019-01-24.xsd#sm-gaap-ci_ImmobilizzazioniFinanziarieCreditiVersoSocietaCollegateEsigibiliEntroEsercizioSuccessivo" xlink:label="sm-gaap-ci_ImmobilizzazioniFinanziarieCreditiVersoSocietaCollegateEsigibiliEntroEsercizioSuccessivo"/>
    <presentationArc xlink:type="arc" xlink:arcrole="http://www.xbrl.org/2003/arcrole/parent-child" xlink:from="sm-gaap-ci_ImmobilizzazioniFinanziarieCreditiVersoSocietaCollegate" xlink:to="sm-gaap-ci_ImmobilizzazioniFinanziarieCreditiVersoSocietaCollegateEsigibiliEntroEsercizioSuccessivo" order="1" priority="0" use="optional"/>
    <loc xlink:type="locator" xlink:href="sm-gaap-ci-2019-01-24.xsd#sm-gaap-ci_ImmobilizzazioniFinanziarieCreditiVersoSocietaCollegateEsigibiliOltreEsercizioSuccessivo" xlink:label="sm-gaap-ci_ImmobilizzazioniFinanziarieCreditiVersoSocietaCollegateEsigibiliOltreEsercizioSuccessivo"/>
    <presentationArc xlink:type="arc" xlink:arcrole="http://www.xbrl.org/2003/arcrole/parent-child" xlink:from="sm-gaap-ci_ImmobilizzazioniFinanziarieCreditiVersoSocietaCollegate" xlink:to="sm-gaap-ci_ImmobilizzazioniFinanziarieCreditiVersoSocietaCollegateEsigibiliOltreEsercizioSuccessivo" order="2" priority="0" use="optional"/>
    <loc xlink:type="locator" xlink:href="sm-gaap-ci-2019-01-24.xsd#sm-gaap-ci_ImmobilizzazioniFinanziarieCreditiVersoSocietaCollegateTotaleCreditiVersoSocietaCollegate" xlink:label="sm-gaap-ci_ImmobilizzazioniFinanziarieCreditiVersoSocietaCollegateTotaleCreditiVersoSocietaCollegate"/>
    <presentationArc xlink:type="arc" xlink:arcrole="http://www.xbrl.org/2003/arcrole/parent-child" xlink:from="sm-gaap-ci_ImmobilizzazioniFinanziarieCreditiVersoSocietaCollegate" xlink:to="sm-gaap-ci_ImmobilizzazioniFinanziarieCreditiVersoSocietaCollegateTotaleCreditiVersoSocietaCollegate" order="3" priority="0" use="optional"/>
    <loc xlink:type="locator" xlink:href="sm-gaap-ci-2019-01-24.xsd#sm-gaap-ci_ImmobilizzazioniFinanziarieCreditiVersoControllanti" xlink:label="sm-gaap-ci_ImmobilizzazioniFinanziarieCreditiVersoControllanti"/>
    <presentationArc xlink:type="arc" xlink:arcrole="http://www.xbrl.org/2003/arcrole/parent-child" xlink:from="sm-gaap-ci_ImmobilizzazioniFinanziarieCrediti" xlink:to="sm-gaap-ci_ImmobilizzazioniFinanziarieCreditiVersoControllanti" order="3" priority="0" use="optional"/>
    <loc xlink:type="locator" xlink:href="sm-gaap-ci-2019-01-24.xsd#sm-gaap-ci_ImmobilizzazioniFinanziarieCreditiVersoControllantiEsigibiliEntroEsercizioSuccessivo" xlink:label="sm-gaap-ci_ImmobilizzazioniFinanziarieCreditiVersoControllantiEsigibiliEntroEsercizioSuccessivo"/>
    <presentationArc xlink:type="arc" xlink:arcrole="http://www.xbrl.org/2003/arcrole/parent-child" xlink:from="sm-gaap-ci_ImmobilizzazioniFinanziarieCreditiVersoControllanti" xlink:to="sm-gaap-ci_ImmobilizzazioniFinanziarieCreditiVersoControllantiEsigibiliEntroEsercizioSuccessivo" order="1" priority="0" use="optional"/>
    <loc xlink:type="locator" xlink:href="sm-gaap-ci-2019-01-24.xsd#sm-gaap-ci_ImmobilizzazioniFinanziarieCreditiVersoControllantiEsigibiliOltreEsercizioSuccessivo" xlink:label="sm-gaap-ci_ImmobilizzazioniFinanziarieCreditiVersoControllantiEsigibiliOltreEsercizioSuccessivo"/>
    <presentationArc xlink:type="arc" xlink:arcrole="http://www.xbrl.org/2003/arcrole/parent-child" xlink:from="sm-gaap-ci_ImmobilizzazioniFinanziarieCreditiVersoControllanti" xlink:to="sm-gaap-ci_ImmobilizzazioniFinanziarieCreditiVersoControllantiEsigibiliOltreEsercizioSuccessivo" order="2" priority="0" use="optional"/>
    <loc xlink:type="locator" xlink:href="sm-gaap-ci-2019-01-24.xsd#sm-gaap-ci_ImmobilizzazioniFinanziarieCreditiVersoControllantiTotaleCreditiVersoControllanti" xlink:label="sm-gaap-ci_ImmobilizzazioniFinanziarieCreditiVersoControllantiTotaleCreditiVersoControllanti"/>
    <presentationArc xlink:type="arc" xlink:arcrole="http://www.xbrl.org/2003/arcrole/parent-child" xlink:from="sm-gaap-ci_ImmobilizzazioniFinanziarieCreditiVersoControllanti" xlink:to="sm-gaap-ci_ImmobilizzazioniFinanziarieCreditiVersoControllantiTotaleCreditiVersoControllanti" order="3" priority="0" use="optional"/>
    <loc xlink:type="locator" xlink:href="sm-gaap-ci-2019-01-24.xsd#sm-gaap-ci_ImmobilizzazioniFinanziarieCreditiVersoAltri" xlink:label="sm-gaap-ci_ImmobilizzazioniFinanziarieCreditiVersoAltri"/>
    <presentationArc xlink:type="arc" xlink:arcrole="http://www.xbrl.org/2003/arcrole/parent-child" xlink:from="sm-gaap-ci_ImmobilizzazioniFinanziarieCrediti" xlink:to="sm-gaap-ci_ImmobilizzazioniFinanziarieCreditiVersoAltri" order="4" priority="0" use="optional"/>
    <loc xlink:type="locator" xlink:href="sm-gaap-ci-2019-01-24.xsd#sm-gaap-ci_ImmobilizzazioniFinanziarieCreditiVersoAltriEsigibiliEntroEsercizioSuccessivo" xlink:label="sm-gaap-ci_ImmobilizzazioniFinanziarieCreditiVersoAltriEsigibiliEntroEsercizioSuccessivo"/>
    <presentationArc xlink:type="arc" xlink:arcrole="http://www.xbrl.org/2003/arcrole/parent-child" xlink:from="sm-gaap-ci_ImmobilizzazioniFinanziarieCreditiVersoAltri" xlink:to="sm-gaap-ci_ImmobilizzazioniFinanziarieCreditiVersoAltriEsigibiliEntroEsercizioSuccessivo" order="1" priority="0" use="optional"/>
    <loc xlink:type="locator" xlink:href="sm-gaap-ci-2019-01-24.xsd#sm-gaap-ci_ImmobilizzazioniFinanziarieCreditiVersoAltriEsigibiliOltreEsercizioSuccessivo" xlink:label="sm-gaap-ci_ImmobilizzazioniFinanziarieCreditiVersoAltriEsigibiliOltreEsercizioSuccessivo"/>
    <presentationArc xlink:type="arc" xlink:arcrole="http://www.xbrl.org/2003/arcrole/parent-child" xlink:from="sm-gaap-ci_ImmobilizzazioniFinanziarieCreditiVersoAltri" xlink:to="sm-gaap-ci_ImmobilizzazioniFinanziarieCreditiVersoAltriEsigibiliOltreEsercizioSuccessivo" order="2" priority="0" use="optional"/>
    <loc xlink:type="locator" xlink:href="sm-gaap-ci-2019-01-24.xsd#sm-gaap-ci_ImmobilizzazioniFinanziarieCreditiVersoAltriTotaleCreditiVersoAltri" xlink:label="sm-gaap-ci_ImmobilizzazioniFinanziarieCreditiVersoAltriTotaleCreditiVersoAltri"/>
    <presentationArc xlink:type="arc" xlink:arcrole="http://www.xbrl.org/2003/arcrole/parent-child" xlink:from="sm-gaap-ci_ImmobilizzazioniFinanziarieCreditiVersoAltri" xlink:to="sm-gaap-ci_ImmobilizzazioniFinanziarieCreditiVersoAltriTotaleCreditiVersoAltri" order="3" priority="0" use="optional"/>
    <loc xlink:type="locator" xlink:href="sm-gaap-ci-2019-01-24.xsd#sm-gaap-ci_ImmobilizzazioniFinanziarieCreditiTotaleCrediti" xlink:label="sm-gaap-ci_ImmobilizzazioniFinanziarieCreditiTotaleCrediti"/>
    <presentationArc xlink:type="arc" xlink:arcrole="http://www.xbrl.org/2003/arcrole/parent-child" xlink:from="sm-gaap-ci_ImmobilizzazioniFinanziarieCrediti" xlink:to="sm-gaap-ci_ImmobilizzazioniFinanziarieCreditiTotaleCrediti" order="5" priority="0" use="optional"/>
    <loc xlink:type="locator" xlink:href="sm-gaap-ci-2019-01-24.xsd#sm-gaap-ci_ImmobilizzazioniFinanziarieAltriTitoli" xlink:label="sm-gaap-ci_ImmobilizzazioniFinanziarieAltriTitoli"/>
    <presentationArc xlink:type="arc" xlink:arcrole="http://www.xbrl.org/2003/arcrole/parent-child" xlink:from="sm-gaap-ci_ImmobilizzazioniFinanziarie" xlink:to="sm-gaap-ci_ImmobilizzazioniFinanziarieAltriTitoli" order="3" priority="0" use="optional"/>
    <loc xlink:type="locator" xlink:href="sm-gaap-ci-2019-01-24.xsd#sm-gaap-ci_ImmobilizzazioniFinanziarieAzioniProprie" xlink:label="sm-gaap-ci_ImmobilizzazioniFinanziarieAzioniProprie"/>
    <presentationArc xlink:type="arc" xlink:arcrole="http://www.xbrl.org/2003/arcrole/parent-child" xlink:from="sm-gaap-ci_ImmobilizzazioniFinanziarie" xlink:to="sm-gaap-ci_ImmobilizzazioniFinanziarieAzioniProprie" order="4" priority="0" use="optional"/>
    <loc xlink:type="locator" xlink:href="sm-gaap-ci-2019-01-24.xsd#sm-gaap-ci_ImmobilizzazioniFinanziarieAzioniProprieAzioniProprieValoreNominaleComplessivoPerMemoria" xlink:label="sm-gaap-ci_ImmobilizzazioniFinanziarieAzioniProprieAzioniProprieValoreNominaleComplessivoPerMemoria"/>
    <presentationArc xlink:type="arc" xlink:arcrole="http://www.xbrl.org/2003/arcrole/parent-child" xlink:from="sm-gaap-ci_ImmobilizzazioniFinanziarieAzioniProprie" xlink:to="sm-gaap-ci_ImmobilizzazioniFinanziarieAzioniProprieAzioniProprieValoreNominaleComplessivoPerMemoria" order="1" priority="0" use="optional"/>
    <loc xlink:type="locator" xlink:href="sm-gaap-ci-2019-01-24.xsd#sm-gaap-ci_TotaleImmobilizzazioniFinanziarie" xlink:label="sm-gaap-ci_TotaleImmobilizzazioniFinanziarie"/>
    <presentationArc xlink:type="arc" xlink:arcrole="http://www.xbrl.org/2003/arcrole/parent-child" xlink:from="sm-gaap-ci_ImmobilizzazioniFinanziarie" xlink:to="sm-gaap-ci_TotaleImmobilizzazioniFinanziarie" order="5" priority="0" use="optional"/>
    <loc xlink:type="locator" xlink:href="sm-gaap-ci-2019-01-24.xsd#sm-gaap-ci_TotaleImmobilizzazioni" xlink:label="sm-gaap-ci_TotaleImmobilizzazioni"/>
    <presentationArc xlink:type="arc" xlink:arcrole="http://www.xbrl.org/2003/arcrole/parent-child" xlink:from="sm-gaap-ci_Immobilizzazioni" xlink:to="sm-gaap-ci_TotaleImmobilizzazioni" order="4" priority="0" use="optional"/>
    <loc xlink:type="locator" xlink:href="sm-gaap-ci-2019-01-24.xsd#sm-gaap-ci_AttivoCircolante" xlink:label="sm-gaap-ci_AttivoCircolante"/>
    <presentationArc xlink:type="arc" xlink:arcrole="http://www.xbrl.org/2003/arcrole/parent-child" xlink:from="sm-gaap-ci_Attivo" xlink:to="sm-gaap-ci_AttivoCircolante" order="3" priority="0" use="optional"/>
    <loc xlink:type="locator" xlink:href="sm-gaap-ci-2019-01-24.xsd#sm-gaap-ci_Rimanenze" xlink:label="sm-gaap-ci_Rimanenze"/>
    <presentationArc xlink:type="arc" xlink:arcrole="http://www.xbrl.org/2003/arcrole/parent-child" xlink:from="sm-gaap-ci_AttivoCircolante" xlink:to="sm-gaap-ci_Rimanenze" order="1" priority="0" use="optional"/>
    <loc xlink:type="locator" xlink:href="sm-gaap-ci-2019-01-24.xsd#sm-gaap-ci_RimanenzeMateriePrimeSussidiarieConsumo" xlink:label="sm-gaap-ci_RimanenzeMateriePrimeSussidiarieConsumo"/>
    <presentationArc xlink:type="arc" xlink:arcrole="http://www.xbrl.org/2003/arcrole/parent-child" xlink:from="sm-gaap-ci_Rimanenze" xlink:to="sm-gaap-ci_RimanenzeMateriePrimeSussidiarieConsumo" order="1" priority="0" use="optional"/>
    <loc xlink:type="locator" xlink:href="sm-gaap-ci-2019-01-24.xsd#sm-gaap-ci_RimanenzeProdottiCorsoLavorazioneSemilavorati" xlink:label="sm-gaap-ci_RimanenzeProdottiCorsoLavorazioneSemilavorati"/>
    <presentationArc xlink:type="arc" xlink:arcrole="http://www.xbrl.org/2003/arcrole/parent-child" xlink:from="sm-gaap-ci_Rimanenze" xlink:to="sm-gaap-ci_RimanenzeProdottiCorsoLavorazioneSemilavorati" order="2" priority="0" use="optional"/>
    <loc xlink:type="locator" xlink:href="sm-gaap-ci-2019-01-24.xsd#sm-gaap-ci_RimanenzeLavoriCorsoOrdinazione" xlink:label="sm-gaap-ci_RimanenzeLavoriCorsoOrdinazione"/>
    <presentationArc xlink:type="arc" xlink:arcrole="http://www.xbrl.org/2003/arcrole/parent-child" xlink:from="sm-gaap-ci_Rimanenze" xlink:to="sm-gaap-ci_RimanenzeLavoriCorsoOrdinazione" order="3" priority="0" use="optional"/>
    <loc xlink:type="locator" xlink:href="sm-gaap-ci-2019-01-24.xsd#sm-gaap-ci_RimanenzeProdottiFinitiMerci" xlink:label="sm-gaap-ci_RimanenzeProdottiFinitiMerci"/>
    <presentationArc xlink:type="arc" xlink:arcrole="http://www.xbrl.org/2003/arcrole/parent-child" xlink:from="sm-gaap-ci_Rimanenze" xlink:to="sm-gaap-ci_RimanenzeProdottiFinitiMerci" order="4" priority="0" use="optional"/>
    <loc xlink:type="locator" xlink:href="sm-gaap-ci-2019-01-24.xsd#sm-gaap-ci_RimanenzeAcconti" xlink:label="sm-gaap-ci_RimanenzeAcconti"/>
    <presentationArc xlink:type="arc" xlink:arcrole="http://www.xbrl.org/2003/arcrole/parent-child" xlink:from="sm-gaap-ci_Rimanenze" xlink:to="sm-gaap-ci_RimanenzeAcconti" order="5" priority="0" use="optional"/>
    <loc xlink:type="locator" xlink:href="sm-gaap-ci-2019-01-24.xsd#sm-gaap-ci_TotaleRimanenze" xlink:label="sm-gaap-ci_TotaleRimanenze"/>
    <presentationArc xlink:type="arc" xlink:arcrole="http://www.xbrl.org/2003/arcrole/parent-child" xlink:from="sm-gaap-ci_Rimanenze" xlink:to="sm-gaap-ci_TotaleRimanenze" order="6" priority="0" use="optional"/>
    <loc xlink:type="locator" xlink:href="sm-gaap-ci-2019-01-24.xsd#sm-gaap-ci_Crediti" xlink:label="sm-gaap-ci_Crediti"/>
    <presentationArc xlink:type="arc" xlink:arcrole="http://www.xbrl.org/2003/arcrole/parent-child" xlink:from="sm-gaap-ci_AttivoCircolante" xlink:to="sm-gaap-ci_Crediti" order="2" priority="0" use="optional"/>
    <loc xlink:type="locator" xlink:href="sm-gaap-ci-2019-01-24.xsd#sm-gaap-ci_CreditiVersoClienti" xlink:label="sm-gaap-ci_CreditiVersoClienti"/>
    <presentationArc xlink:type="arc" xlink:arcrole="http://www.xbrl.org/2003/arcrole/parent-child" xlink:from="sm-gaap-ci_Crediti" xlink:to="sm-gaap-ci_CreditiVersoClienti" order="1" priority="0" use="optional"/>
    <loc xlink:type="locator" xlink:href="sm-gaap-ci-2019-01-24.xsd#sm-gaap-ci_CreditiVersoClientiEsigibiliEntroEsercizioSuccessivo" xlink:label="sm-gaap-ci_CreditiVersoClientiEsigibiliEntroEsercizioSuccessivo"/>
    <presentationArc xlink:type="arc" xlink:arcrole="http://www.xbrl.org/2003/arcrole/parent-child" xlink:from="sm-gaap-ci_CreditiVersoClienti" xlink:to="sm-gaap-ci_CreditiVersoClientiEsigibiliEntroEsercizioSuccessivo" order="1" priority="0" use="optional"/>
    <loc xlink:type="locator" xlink:href="sm-gaap-ci-2019-01-24.xsd#sm-gaap-ci_CreditiVersoClientiEsigibiliOltreEsercizioSuccessivo" xlink:label="sm-gaap-ci_CreditiVersoClientiEsigibiliOltreEsercizioSuccessivo"/>
    <presentationArc xlink:type="arc" xlink:arcrole="http://www.xbrl.org/2003/arcrole/parent-child" xlink:from="sm-gaap-ci_CreditiVersoClienti" xlink:to="sm-gaap-ci_CreditiVersoClientiEsigibiliOltreEsercizioSuccessivo" order="2" priority="0" use="optional"/>
    <loc xlink:type="locator" xlink:href="sm-gaap-ci-2019-01-24.xsd#sm-gaap-ci_CreditiVersoClientiTotaleCreditiVersoClienti" xlink:label="sm-gaap-ci_CreditiVersoClientiTotaleCreditiVersoClienti"/>
    <presentationArc xlink:type="arc" xlink:arcrole="http://www.xbrl.org/2003/arcrole/parent-child" xlink:from="sm-gaap-ci_CreditiVersoClienti" xlink:to="sm-gaap-ci_CreditiVersoClientiTotaleCreditiVersoClienti" order="3" priority="0" use="optional"/>
    <loc xlink:type="locator" xlink:href="sm-gaap-ci-2019-01-24.xsd#sm-gaap-ci_CreditiVersoSocietaControllate" xlink:label="sm-gaap-ci_CreditiVersoSocietaControllate"/>
    <presentationArc xlink:type="arc" xlink:arcrole="http://www.xbrl.org/2003/arcrole/parent-child" xlink:from="sm-gaap-ci_Crediti" xlink:to="sm-gaap-ci_CreditiVersoSocietaControllate" order="2" priority="0" use="optional"/>
    <loc xlink:type="locator" xlink:href="sm-gaap-ci-2019-01-24.xsd#sm-gaap-ci_CreditiVersoSocietaControllateEsigibiliEntroEsercizioSuccessivo" xlink:label="sm-gaap-ci_CreditiVersoSocietaControllateEsigibiliEntroEsercizioSuccessivo"/>
    <presentationArc xlink:type="arc" xlink:arcrole="http://www.xbrl.org/2003/arcrole/parent-child" xlink:from="sm-gaap-ci_CreditiVersoSocietaControllate" xlink:to="sm-gaap-ci_CreditiVersoSocietaControllateEsigibiliEntroEsercizioSuccessivo" order="1" priority="0" use="optional"/>
    <loc xlink:type="locator" xlink:href="sm-gaap-ci-2019-01-24.xsd#sm-gaap-ci_CreditiVersoSocietaControllateEsigibiliOltreEsercizioSuccessivo" xlink:label="sm-gaap-ci_CreditiVersoSocietaControllateEsigibiliOltreEsercizioSuccessivo"/>
    <presentationArc xlink:type="arc" xlink:arcrole="http://www.xbrl.org/2003/arcrole/parent-child" xlink:from="sm-gaap-ci_CreditiVersoSocietaControllate" xlink:to="sm-gaap-ci_CreditiVersoSocietaControllateEsigibiliOltreEsercizioSuccessivo" order="2" priority="0" use="optional"/>
    <loc xlink:type="locator" xlink:href="sm-gaap-ci-2019-01-24.xsd#sm-gaap-ci_CreditiVersoSocietaControllateTotaleCreditiVersoSocietaControllate" xlink:label="sm-gaap-ci_CreditiVersoSocietaControllateTotaleCreditiVersoSocietaControllate"/>
    <presentationArc xlink:type="arc" xlink:arcrole="http://www.xbrl.org/2003/arcrole/parent-child" xlink:from="sm-gaap-ci_CreditiVersoSocietaControllate" xlink:to="sm-gaap-ci_CreditiVersoSocietaControllateTotaleCreditiVersoSocietaControllate" order="3" priority="0" use="optional"/>
    <loc xlink:type="locator" xlink:href="sm-gaap-ci-2019-01-24.xsd#sm-gaap-ci_CreditiVersoSocietaCollegate" xlink:label="sm-gaap-ci_CreditiVersoSocietaCollegate"/>
    <presentationArc xlink:type="arc" xlink:arcrole="http://www.xbrl.org/2003/arcrole/parent-child" xlink:from="sm-gaap-ci_Crediti" xlink:to="sm-gaap-ci_CreditiVersoSocietaCollegate" order="3" priority="0" use="optional"/>
    <loc xlink:type="locator" xlink:href="sm-gaap-ci-2019-01-24.xsd#sm-gaap-ci_CreditiVersoSocietaCollegateEsigibiliEntroEsercizioSuccessivo" xlink:label="sm-gaap-ci_CreditiVersoSocietaCollegateEsigibiliEntroEsercizioSuccessivo"/>
    <presentationArc xlink:type="arc" xlink:arcrole="http://www.xbrl.org/2003/arcrole/parent-child" xlink:from="sm-gaap-ci_CreditiVersoSocietaCollegate" xlink:to="sm-gaap-ci_CreditiVersoSocietaCollegateEsigibiliEntroEsercizioSuccessivo" order="1" priority="0" use="optional"/>
    <loc xlink:type="locator" xlink:href="sm-gaap-ci-2019-01-24.xsd#sm-gaap-ci_CreditiVersoSocietaCollegateEsigibiliOltreEsercizioSuccessivo" xlink:label="sm-gaap-ci_CreditiVersoSocietaCollegateEsigibiliOltreEsercizioSuccessivo"/>
    <presentationArc xlink:type="arc" xlink:arcrole="http://www.xbrl.org/2003/arcrole/parent-child" xlink:from="sm-gaap-ci_CreditiVersoSocietaCollegate" xlink:to="sm-gaap-ci_CreditiVersoSocietaCollegateEsigibiliOltreEsercizioSuccessivo" order="2" priority="0" use="optional"/>
    <loc xlink:type="locator" xlink:href="sm-gaap-ci-2019-01-24.xsd#sm-gaap-ci_CreditiVersoSocietaCollegateTotaleCreditiVersoSocietaCollegate" xlink:label="sm-gaap-ci_CreditiVersoSocietaCollegateTotaleCreditiVersoSocietaCollegate"/>
    <presentationArc xlink:type="arc" xlink:arcrole="http://www.xbrl.org/2003/arcrole/parent-child" xlink:from="sm-gaap-ci_CreditiVersoSocietaCollegate" xlink:to="sm-gaap-ci_CreditiVersoSocietaCollegateTotaleCreditiVersoSocietaCollegate" order="3" priority="0" use="optional"/>
    <loc xlink:type="locator" xlink:href="sm-gaap-ci-2019-01-24.xsd#sm-gaap-ci_CreditiVersoControllanti" xlink:label="sm-gaap-ci_CreditiVersoControllanti"/>
    <presentationArc xlink:type="arc" xlink:arcrole="http://www.xbrl.org/2003/arcrole/parent-child" xlink:from="sm-gaap-ci_Crediti" xlink:to="sm-gaap-ci_CreditiVersoControllanti" order="4" priority="0" use="optional"/>
    <loc xlink:type="locator" xlink:href="sm-gaap-ci-2019-01-24.xsd#sm-gaap-ci_CreditiVersoControllantiEsigibiliEntroEsercizioSuccessivo" xlink:label="sm-gaap-ci_CreditiVersoControllantiEsigibiliEntroEsercizioSuccessivo"/>
    <presentationArc xlink:type="arc" xlink:arcrole="http://www.xbrl.org/2003/arcrole/parent-child" xlink:from="sm-gaap-ci_CreditiVersoControllanti" xlink:to="sm-gaap-ci_CreditiVersoControllantiEsigibiliEntroEsercizioSuccessivo" order="1" priority="0" use="optional"/>
    <loc xlink:type="locator" xlink:href="sm-gaap-ci-2019-01-24.xsd#sm-gaap-ci_CreditiVersoControllantiEsigibiliOltreEsercizioSuccessivo" xlink:label="sm-gaap-ci_CreditiVersoControllantiEsigibiliOltreEsercizioSuccessivo"/>
    <presentationArc xlink:type="arc" xlink:arcrole="http://www.xbrl.org/2003/arcrole/parent-child" xlink:from="sm-gaap-ci_CreditiVersoControllanti" xlink:to="sm-gaap-ci_CreditiVersoControllantiEsigibiliOltreEsercizioSuccessivo" order="2" priority="0" use="optional"/>
    <loc xlink:type="locator" xlink:href="sm-gaap-ci-2019-01-24.xsd#sm-gaap-ci_CreditiVersoControllantiTotaleCreditiVersoControllanti" xlink:label="sm-gaap-ci_CreditiVersoControllantiTotaleCreditiVersoControllanti"/>
    <presentationArc xlink:type="arc" xlink:arcrole="http://www.xbrl.org/2003/arcrole/parent-child" xlink:from="sm-gaap-ci_CreditiVersoControllanti" xlink:to="sm-gaap-ci_CreditiVersoControllantiTotaleCreditiVersoControllanti" order="3" priority="0" use="optional"/>
    <loc xlink:type="locator" xlink:href="sm-gaap-ci-2019-01-24.xsd#sm-gaap-ci_CreditiCreditiTributari" xlink:label="sm-gaap-ci_CreditiCreditiTributari"/>
    <presentationArc xlink:type="arc" xlink:arcrole="http://www.xbrl.org/2003/arcrole/parent-child" xlink:from="sm-gaap-ci_Crediti" xlink:to="sm-gaap-ci_CreditiCreditiTributari" order="5" priority="0" use="optional"/>
    <loc xlink:type="locator" xlink:href="sm-gaap-ci-2019-01-24.xsd#sm-gaap-ci_CreditiCreditiTributariEsigibiliEntroEsercizioSuccessivo" xlink:label="sm-gaap-ci_CreditiCreditiTributariEsigibiliEntroEsercizioSuccessivo"/>
    <presentationArc xlink:type="arc" xlink:arcrole="http://www.xbrl.org/2003/arcrole/parent-child" xlink:from="sm-gaap-ci_CreditiCreditiTributari" xlink:to="sm-gaap-ci_CreditiCreditiTributariEsigibiliEntroEsercizioSuccessivo" order="1" priority="0" use="optional"/>
    <loc xlink:type="locator" xlink:href="sm-gaap-ci-2019-01-24.xsd#sm-gaap-ci_CreditiCreditiTributariEsigibiliOltreEsercizioSuccessivo" xlink:label="sm-gaap-ci_CreditiCreditiTributariEsigibiliOltreEsercizioSuccessivo"/>
    <presentationArc xlink:type="arc" xlink:arcrole="http://www.xbrl.org/2003/arcrole/parent-child" xlink:from="sm-gaap-ci_CreditiCreditiTributari" xlink:to="sm-gaap-ci_CreditiCreditiTributariEsigibiliOltreEsercizioSuccessivo" order="2" priority="0" use="optional"/>
    <loc xlink:type="locator" xlink:href="sm-gaap-ci-2019-01-24.xsd#sm-gaap-ci_CreditiCreditiTributariTotaleCreditiTributari" xlink:label="sm-gaap-ci_CreditiCreditiTributariTotaleCreditiTributari"/>
    <presentationArc xlink:type="arc" xlink:arcrole="http://www.xbrl.org/2003/arcrole/parent-child" xlink:from="sm-gaap-ci_CreditiCreditiTributari" xlink:to="sm-gaap-ci_CreditiCreditiTributariTotaleCreditiTributari" order="3" priority="0" use="optional"/>
    <loc xlink:type="locator" xlink:href="sm-gaap-ci-2019-01-24.xsd#sm-gaap-ci_CreditiVersoAltri" xlink:label="sm-gaap-ci_CreditiVersoAltri"/>
    <presentationArc xlink:type="arc" xlink:arcrole="http://www.xbrl.org/2003/arcrole/parent-child" xlink:from="sm-gaap-ci_Crediti" xlink:to="sm-gaap-ci_CreditiVersoAltri" order="6" priority="0" use="optional"/>
    <loc xlink:type="locator" xlink:href="sm-gaap-ci-2019-01-24.xsd#sm-gaap-ci_CreditiVersoAltriEsigibiliEntroEsercizioSuccessivo" xlink:label="sm-gaap-ci_CreditiVersoAltriEsigibiliEntroEsercizioSuccessivo"/>
    <presentationArc xlink:type="arc" xlink:arcrole="http://www.xbrl.org/2003/arcrole/parent-child" xlink:from="sm-gaap-ci_CreditiVersoAltri" xlink:to="sm-gaap-ci_CreditiVersoAltriEsigibiliEntroEsercizioSuccessivo" order="1" priority="0" use="optional"/>
    <loc xlink:type="locator" xlink:href="sm-gaap-ci-2019-01-24.xsd#sm-gaap-ci_CreditiVersoAltriEsigibiliOltreEsercizioSuccessivo" xlink:label="sm-gaap-ci_CreditiVersoAltriEsigibiliOltreEsercizioSuccessivo"/>
    <presentationArc xlink:type="arc" xlink:arcrole="http://www.xbrl.org/2003/arcrole/parent-child" xlink:from="sm-gaap-ci_CreditiVersoAltri" xlink:to="sm-gaap-ci_CreditiVersoAltriEsigibiliOltreEsercizioSuccessivo" order="2" priority="0" use="optional"/>
    <loc xlink:type="locator" xlink:href="sm-gaap-ci-2019-01-24.xsd#sm-gaap-ci_CreditiVersoAltriTotaleCreditiVersoAltri" xlink:label="sm-gaap-ci_CreditiVersoAltriTotaleCreditiVersoAltri"/>
    <presentationArc xlink:type="arc" xlink:arcrole="http://www.xbrl.org/2003/arcrole/parent-child" xlink:from="sm-gaap-ci_CreditiVersoAltri" xlink:to="sm-gaap-ci_CreditiVersoAltriTotaleCreditiVersoAltri" order="3" priority="0" use="optional"/>
    <loc xlink:type="locator" xlink:href="sm-gaap-ci-2019-01-24.xsd#sm-gaap-ci_TotaleCrediti" xlink:label="sm-gaap-ci_TotaleCrediti"/>
    <presentationArc xlink:type="arc" xlink:arcrole="http://www.xbrl.org/2003/arcrole/parent-child" xlink:from="sm-gaap-ci_Crediti" xlink:to="sm-gaap-ci_TotaleCrediti" order="7" priority="0" use="optional"/>
    <loc xlink:type="locator" xlink:href="sm-gaap-ci-2019-01-24.xsd#sm-gaap-ci_AttivitaFinanziarieNonCostituisconoImmobilizzazioni" xlink:label="sm-gaap-ci_AttivitaFinanziarieNonCostituisconoImmobilizzazioni"/>
    <presentationArc xlink:type="arc" xlink:arcrole="http://www.xbrl.org/2003/arcrole/parent-child" xlink:from="sm-gaap-ci_AttivoCircolante" xlink:to="sm-gaap-ci_AttivitaFinanziarieNonCostituisconoImmobilizzazioni" order="3" priority="0" use="optional"/>
    <loc xlink:type="locator" xlink:href="sm-gaap-ci-2019-01-24.xsd#sm-gaap-ci_AttivitaFinanziarieNonCostituisconoImmobilizzazioniPartecipazioniSocietaControllate" xlink:label="sm-gaap-ci_AttivitaFinanziarieNonCostituisconoImmobilizzazioniPartecipazioniSocietaControllate"/>
    <presentationArc xlink:type="arc" xlink:arcrole="http://www.xbrl.org/2003/arcrole/parent-child" xlink:from="sm-gaap-ci_AttivitaFinanziarieNonCostituisconoImmobilizzazioni" xlink:to="sm-gaap-ci_AttivitaFinanziarieNonCostituisconoImmobilizzazioniPartecipazioniSocietaControllate" order="1" priority="0" use="optional"/>
    <loc xlink:type="locator" xlink:href="sm-gaap-ci-2019-01-24.xsd#sm-gaap-ci_AttivitaFinanziarieNonCostituisconoImmobilizzazioniPartecipazioniSocietaCollegate" xlink:label="sm-gaap-ci_AttivitaFinanziarieNonCostituisconoImmobilizzazioniPartecipazioniSocietaCollegate"/>
    <presentationArc xlink:type="arc" xlink:arcrole="http://www.xbrl.org/2003/arcrole/parent-child" xlink:from="sm-gaap-ci_AttivitaFinanziarieNonCostituisconoImmobilizzazioni" xlink:to="sm-gaap-ci_AttivitaFinanziarieNonCostituisconoImmobilizzazioniPartecipazioniSocietaCollegate" order="2" priority="0" use="optional"/>
    <loc xlink:type="locator" xlink:href="sm-gaap-ci-2019-01-24.xsd#sm-gaap-ci_AttivitaFinanziarieNonCostituisconoImmobilizzazioniPartecipazioniSocietaControllanti" xlink:label="sm-gaap-ci_AttivitaFinanziarieNonCostituisconoImmobilizzazioniPartecipazioniSocietaControllanti"/>
    <presentationArc xlink:type="arc" xlink:arcrole="http://www.xbrl.org/2003/arcrole/parent-child" xlink:from="sm-gaap-ci_AttivitaFinanziarieNonCostituisconoImmobilizzazioni" xlink:to="sm-gaap-ci_AttivitaFinanziarieNonCostituisconoImmobilizzazioniPartecipazioniSocietaControllanti" order="3" priority="0" use="optional"/>
    <loc xlink:type="locator" xlink:href="sm-gaap-ci-2019-01-24.xsd#sm-gaap-ci_AttivitaFinanziarieNonCostituisconoImmobilizzazioniAltrePartecipazioni" xlink:label="sm-gaap-ci_AttivitaFinanziarieNonCostituisconoImmobilizzazioniAltrePartecipazioni"/>
    <presentationArc xlink:type="arc" xlink:arcrole="http://www.xbrl.org/2003/arcrole/parent-child" xlink:from="sm-gaap-ci_AttivitaFinanziarieNonCostituisconoImmobilizzazioni" xlink:to="sm-gaap-ci_AttivitaFinanziarieNonCostituisconoImmobilizzazioniAltrePartecipazioni" order="4" priority="0" use="optional"/>
    <loc xlink:type="locator" xlink:href="sm-gaap-ci-2019-01-24.xsd#sm-gaap-ci_AttivitaFinanziarieNonCostituisconoImmobilizzazioniAltriTitoli" xlink:label="sm-gaap-ci_AttivitaFinanziarieNonCostituisconoImmobilizzazioniAltriTitoli"/>
    <presentationArc xlink:type="arc" xlink:arcrole="http://www.xbrl.org/2003/arcrole/parent-child" xlink:from="sm-gaap-ci_AttivitaFinanziarieNonCostituisconoImmobilizzazioni" xlink:to="sm-gaap-ci_AttivitaFinanziarieNonCostituisconoImmobilizzazioniAltriTitoli" order="5" priority="0" use="optional"/>
    <loc xlink:type="locator" xlink:href="sm-gaap-ci-2019-01-24.xsd#sm-gaap-ci_AttivitaFinanziarieNonCostituisconoImmobilizzazioniAzioniProprie" xlink:label="sm-gaap-ci_AttivitaFinanziarieNonCostituisconoImmobilizzazioniAzioniProprie"/>
    <presentationArc xlink:type="arc" xlink:arcrole="http://www.xbrl.org/2003/arcrole/parent-child" xlink:from="sm-gaap-ci_AttivitaFinanziarieNonCostituisconoImmobilizzazioni" xlink:to="sm-gaap-ci_AttivitaFinanziarieNonCostituisconoImmobilizzazioniAzioniProprie" order="6" priority="0" use="optional"/>
    <loc xlink:type="locator" xlink:href="sm-gaap-ci-2019-01-24.xsd#sm-gaap-ci_TotaleAttivitaFinanziarieNonCostituisconoImmobilizzazioni" xlink:label="sm-gaap-ci_TotaleAttivitaFinanziarieNonCostituisconoImmobilizzazioni"/>
    <presentationArc xlink:type="arc" xlink:arcrole="http://www.xbrl.org/2003/arcrole/parent-child" xlink:from="sm-gaap-ci_AttivitaFinanziarieNonCostituisconoImmobilizzazioni" xlink:to="sm-gaap-ci_TotaleAttivitaFinanziarieNonCostituisconoImmobilizzazioni" order="7" priority="0" use="optional"/>
    <loc xlink:type="locator" xlink:href="sm-gaap-ci-2019-01-24.xsd#sm-gaap-ci_DisponibilitaLiquide" xlink:label="sm-gaap-ci_DisponibilitaLiquide"/>
    <presentationArc xlink:type="arc" xlink:arcrole="http://www.xbrl.org/2003/arcrole/parent-child" xlink:from="sm-gaap-ci_AttivoCircolante" xlink:to="sm-gaap-ci_DisponibilitaLiquide" order="4" priority="0" use="optional"/>
    <loc xlink:type="locator" xlink:href="sm-gaap-ci-2019-01-24.xsd#sm-gaap-ci_DisponibilitaLiquideDepositiBancariPostali" xlink:label="sm-gaap-ci_DisponibilitaLiquideDepositiBancariPostali"/>
    <presentationArc xlink:type="arc" xlink:arcrole="http://www.xbrl.org/2003/arcrole/parent-child" xlink:from="sm-gaap-ci_DisponibilitaLiquide" xlink:to="sm-gaap-ci_DisponibilitaLiquideDepositiBancariPostali" order="1" priority="0" use="optional"/>
    <loc xlink:type="locator" xlink:href="sm-gaap-ci-2019-01-24.xsd#sm-gaap-ci_DisponibilitaLiquideDenaroValoriCassa" xlink:label="sm-gaap-ci_DisponibilitaLiquideDenaroValoriCassa"/>
    <presentationArc xlink:type="arc" xlink:arcrole="http://www.xbrl.org/2003/arcrole/parent-child" xlink:from="sm-gaap-ci_DisponibilitaLiquide" xlink:to="sm-gaap-ci_DisponibilitaLiquideDenaroValoriCassa" order="2" priority="0" use="optional"/>
    <loc xlink:type="locator" xlink:href="sm-gaap-ci-2019-01-24.xsd#sm-gaap-ci_TotaleDisponibilitaLiquide" xlink:label="sm-gaap-ci_TotaleDisponibilitaLiquide"/>
    <presentationArc xlink:type="arc" xlink:arcrole="http://www.xbrl.org/2003/arcrole/parent-child" xlink:from="sm-gaap-ci_DisponibilitaLiquide" xlink:to="sm-gaap-ci_TotaleDisponibilitaLiquide" order="3" priority="0" use="optional"/>
    <loc xlink:type="locator" xlink:href="sm-gaap-ci-2019-01-24.xsd#sm-gaap-ci_ImmobilizzazioniTecnicheDestinateVendita" xlink:label="sm-gaap-ci_ImmobilizzazioniTecnicheDestinateVendita"/>
    <presentationArc xlink:type="arc" xlink:arcrole="http://www.xbrl.org/2003/arcrole/parent-child" xlink:from="sm-gaap-ci_AttivoCircolante" xlink:to="sm-gaap-ci_ImmobilizzazioniTecnicheDestinateVendita" order="5" priority="0" use="optional"/>
    <loc xlink:type="locator" xlink:href="sm-gaap-ci-2019-01-24.xsd#sm-gaap-ci_TotaleAttivoCircolante" xlink:label="sm-gaap-ci_TotaleAttivoCircolante"/>
    <presentationArc xlink:type="arc" xlink:arcrole="http://www.xbrl.org/2003/arcrole/parent-child" xlink:from="sm-gaap-ci_AttivoCircolante" xlink:to="sm-gaap-ci_TotaleAttivoCircolante" order="6" priority="0" use="optional"/>
    <loc xlink:type="locator" xlink:href="sm-gaap-ci-2019-01-24.xsd#sm-gaap-ci_AttivoRateiRisconti" xlink:label="sm-gaap-ci_AttivoRateiRisconti"/>
    <presentationArc xlink:type="arc" xlink:arcrole="http://www.xbrl.org/2003/arcrole/parent-child" xlink:from="sm-gaap-ci_Attivo" xlink:to="sm-gaap-ci_AttivoRateiRisconti" order="4" priority="0" use="optional"/>
    <loc xlink:type="locator" xlink:href="sm-gaap-ci-2019-01-24.xsd#sm-gaap-ci_AttivoRateiRiscontiRateiRiscontiAttivi" xlink:label="sm-gaap-ci_AttivoRateiRiscontiRateiRiscontiAttivi"/>
    <presentationArc xlink:type="arc" xlink:arcrole="http://www.xbrl.org/2003/arcrole/parent-child" xlink:from="sm-gaap-ci_AttivoRateiRisconti" xlink:to="sm-gaap-ci_AttivoRateiRiscontiRateiRiscontiAttivi" order="1" priority="0" use="optional"/>
    <loc xlink:type="locator" xlink:href="sm-gaap-ci-2019-01-24.xsd#sm-gaap-ci_AttivoRateiRiscontiTotaleRateiRisconti" xlink:label="sm-gaap-ci_AttivoRateiRiscontiTotaleRateiRisconti"/>
    <presentationArc xlink:type="arc" xlink:arcrole="http://www.xbrl.org/2003/arcrole/parent-child" xlink:from="sm-gaap-ci_AttivoRateiRisconti" xlink:to="sm-gaap-ci_AttivoRateiRiscontiTotaleRateiRisconti" order="2" priority="0" use="optional"/>
    <loc xlink:type="locator" xlink:href="sm-gaap-ci-2019-01-24.xsd#sm-gaap-ci_TotaleAttivo" xlink:label="sm-gaap-ci_TotaleAttivo"/>
    <presentationArc xlink:type="arc" xlink:arcrole="http://www.xbrl.org/2003/arcrole/parent-child" xlink:from="sm-gaap-ci_Attivo" xlink:to="sm-gaap-ci_TotaleAttivo" order="5" priority="0" use="optional"/>
    <loc xlink:type="locator" xlink:href="sm-gaap-ci-2019-01-24.xsd#sm-gaap-ci_Passivo" xlink:label="sm-gaap-ci_Passivo"/>
    <presentationArc xlink:type="arc" xlink:arcrole="http://www.xbrl.org/2003/arcrole/parent-child" xlink:from="sm-gaap-ci_StatoPatrimoniale" xlink:to="sm-gaap-ci_Passivo" order="2" priority="0" use="optional"/>
    <loc xlink:type="locator" xlink:href="sm-gaap-ci-2019-01-24.xsd#sm-gaap-ci_PatrimonioNetto" xlink:label="sm-gaap-ci_PatrimonioNetto"/>
    <presentationArc xlink:type="arc" xlink:arcrole="http://www.xbrl.org/2003/arcrole/parent-child" xlink:from="sm-gaap-ci_Passivo" xlink:to="sm-gaap-ci_PatrimonioNetto" order="1" priority="0" use="optional"/>
    <loc xlink:type="locator" xlink:href="sm-gaap-ci-2019-01-24.xsd#sm-gaap-ci_PatrimonioNettoCapitale" xlink:label="sm-gaap-ci_PatrimonioNettoCapitale"/>
    <presentationArc xlink:type="arc" xlink:arcrole="http://www.xbrl.org/2003/arcrole/parent-child" xlink:from="sm-gaap-ci_PatrimonioNetto" xlink:to="sm-gaap-ci_PatrimonioNettoCapitale" order="1" priority="0" use="optional"/>
    <loc xlink:type="locator" xlink:href="sm-gaap-ci-2019-01-24.xsd#sm-gaap-ci_PatrimonioNettoRiservaSoprapprezzoAzioni" xlink:label="sm-gaap-ci_PatrimonioNettoRiservaSoprapprezzoAzioni"/>
    <presentationArc xlink:type="arc" xlink:arcrole="http://www.xbrl.org/2003/arcrole/parent-child" xlink:from="sm-gaap-ci_PatrimonioNetto" xlink:to="sm-gaap-ci_PatrimonioNettoRiservaSoprapprezzoAzioni" order="2" priority="0" use="optional"/>
    <loc xlink:type="locator" xlink:href="sm-gaap-ci-2019-01-24.xsd#sm-gaap-ci_PatrimonioNettoRiserveRivalutazione" xlink:label="sm-gaap-ci_PatrimonioNettoRiserveRivalutazione"/>
    <presentationArc xlink:type="arc" xlink:arcrole="http://www.xbrl.org/2003/arcrole/parent-child" xlink:from="sm-gaap-ci_PatrimonioNetto" xlink:to="sm-gaap-ci_PatrimonioNettoRiserveRivalutazione" order="3" priority="0" use="optional"/>
    <loc xlink:type="locator" xlink:href="sm-gaap-ci-2019-01-24.xsd#sm-gaap-ci_PatrimonioNettoRiserveStatutarie" xlink:label="sm-gaap-ci_PatrimonioNettoRiserveStatutarie"/>
    <presentationArc xlink:type="arc" xlink:arcrole="http://www.xbrl.org/2003/arcrole/parent-child" xlink:from="sm-gaap-ci_PatrimonioNetto" xlink:to="sm-gaap-ci_PatrimonioNettoRiserveStatutarie" order="4" priority="0" use="optional"/>
    <loc xlink:type="locator" xlink:href="sm-gaap-ci-2019-01-24.xsd#sm-gaap-ci_PatrimonioNettoRiservaAzioniPropriePortafoglio" xlink:label="sm-gaap-ci_PatrimonioNettoRiservaAzioniPropriePortafoglio"/>
    <presentationArc xlink:type="arc" xlink:arcrole="http://www.xbrl.org/2003/arcrole/parent-child" xlink:from="sm-gaap-ci_PatrimonioNetto" xlink:to="sm-gaap-ci_PatrimonioNettoRiservaAzioniPropriePortafoglio" order="5" priority="0" use="optional"/>
    <loc xlink:type="locator" xlink:href="sm-gaap-ci-2019-01-24.xsd#sm-gaap-ci_PatrimonioNettoAltreRiserveDistintamenteIndicate" xlink:label="sm-gaap-ci_PatrimonioNettoAltreRiserveDistintamenteIndicate"/>
    <presentationArc xlink:type="arc" xlink:arcrole="http://www.xbrl.org/2003/arcrole/parent-child" xlink:from="sm-gaap-ci_PatrimonioNetto" xlink:to="sm-gaap-ci_PatrimonioNettoAltreRiserveDistintamenteIndicate" order="6" priority="0" use="optional"/>
    <loc xlink:type="locator" xlink:href="sm-gaap-ci-2019-01-24.xsd#sm-gaap-ci_PatrimonioNettoAltreRiserveDistintamenteIndicateRiservaStraordinariaFacoltativa" xlink:label="sm-gaap-ci_PatrimonioNettoAltreRiserveDistintamenteIndicateRiservaStraordinariaFacoltativa"/>
    <presentationArc xlink:type="arc" xlink:arcrole="http://www.xbrl.org/2003/arcrole/parent-child" xlink:from="sm-gaap-ci_PatrimonioNettoAltreRiserveDistintamenteIndicate" xlink:to="sm-gaap-ci_PatrimonioNettoAltreRiserveDistintamenteIndicateRiservaStraordinariaFacoltativa" order="1" priority="0" use="optional"/>
    <loc xlink:type="locator" xlink:href="sm-gaap-ci-2019-01-24.xsd#sm-gaap-ci_PatrimonioNettoAltreRiserveDistintamenteIndicateRiservaAcquistoAzioniProprie" xlink:label="sm-gaap-ci_PatrimonioNettoAltreRiserveDistintamenteIndicateRiservaAcquistoAzioniProprie"/>
    <presentationArc xlink:type="arc" xlink:arcrole="http://www.xbrl.org/2003/arcrole/parent-child" xlink:from="sm-gaap-ci_PatrimonioNettoAltreRiserveDistintamenteIndicate" xlink:to="sm-gaap-ci_PatrimonioNettoAltreRiserveDistintamenteIndicateRiservaAcquistoAzioniProprie" order="2" priority="0" use="optional"/>
    <loc xlink:type="locator" xlink:href="sm-gaap-ci-2019-01-24.xsd#sm-gaap-ci_PatrimonioNettoAltreRiserveDistintamenteIndicateRiservaNonDistribuibileRivalutazionePartecipazioni" xlink:label="sm-gaap-ci_PatrimonioNettoAltreRiserveDistintamenteIndicateRiservaNonDistribuibileRivalutazionePartecipazioni"/>
    <presentationArc xlink:type="arc" xlink:arcrole="http://www.xbrl.org/2003/arcrole/parent-child" xlink:from="sm-gaap-ci_PatrimonioNettoAltreRiserveDistintamenteIndicate" xlink:to="sm-gaap-ci_PatrimonioNettoAltreRiserveDistintamenteIndicateRiservaNonDistribuibileRivalutazionePartecipazioni" order="3" priority="0" use="optional"/>
    <loc xlink:type="locator" xlink:href="sm-gaap-ci-2019-01-24.xsd#sm-gaap-ci_PatrimonioNettoAltreRiserveDistintamenteIndicateVersamentiContoAumentoCapitale" xlink:label="sm-gaap-ci_PatrimonioNettoAltreRiserveDistintamenteIndicateVersamentiContoAumentoCapitale"/>
    <presentationArc xlink:type="arc" xlink:arcrole="http://www.xbrl.org/2003/arcrole/parent-child" xlink:from="sm-gaap-ci_PatrimonioNettoAltreRiserveDistintamenteIndicate" xlink:to="sm-gaap-ci_PatrimonioNettoAltreRiserveDistintamenteIndicateVersamentiContoAumentoCapitale" order="4" priority="0" use="optional"/>
    <loc xlink:type="locator" xlink:href="sm-gaap-ci-2019-01-24.xsd#sm-gaap-ci_PatrimonioNettoAltreRiserveDistintamenteIndicateVersamentiContoFuturoAumentoCapitale" xlink:label="sm-gaap-ci_PatrimonioNettoAltreRiserveDistintamenteIndicateVersamentiContoFuturoAumentoCapitale"/>
    <presentationArc xlink:type="arc" xlink:arcrole="http://www.xbrl.org/2003/arcrole/parent-child" xlink:from="sm-gaap-ci_PatrimonioNettoAltreRiserveDistintamenteIndicate" xlink:to="sm-gaap-ci_PatrimonioNettoAltreRiserveDistintamenteIndicateVersamentiContoFuturoAumentoCapitale" order="5" priority="0" use="optional"/>
    <loc xlink:type="locator" xlink:href="sm-gaap-ci-2019-01-24.xsd#sm-gaap-ci_PatrimonioNettoAltreRiserveDistintamenteIndicateVersamentiContoCapitale" xlink:label="sm-gaap-ci_PatrimonioNettoAltreRiserveDistintamenteIndicateVersamentiContoCapitale"/>
    <presentationArc xlink:type="arc" xlink:arcrole="http://www.xbrl.org/2003/arcrole/parent-child" xlink:from="sm-gaap-ci_PatrimonioNettoAltreRiserveDistintamenteIndicate" xlink:to="sm-gaap-ci_PatrimonioNettoAltreRiserveDistintamenteIndicateVersamentiContoCapitale" order="6" priority="0" use="optional"/>
    <loc xlink:type="locator" xlink:href="sm-gaap-ci-2019-01-24.xsd#sm-gaap-ci_PatrimonioNettoAltreRiserveDistintamenteIndicateVersamentiCoperturaPerdite" xlink:label="sm-gaap-ci_PatrimonioNettoAltreRiserveDistintamenteIndicateVersamentiCoperturaPerdite"/>
    <presentationArc xlink:type="arc" xlink:arcrole="http://www.xbrl.org/2003/arcrole/parent-child" xlink:from="sm-gaap-ci_PatrimonioNettoAltreRiserveDistintamenteIndicate" xlink:to="sm-gaap-ci_PatrimonioNettoAltreRiserveDistintamenteIndicateVersamentiCoperturaPerdite" order="7" priority="0" use="optional"/>
    <loc xlink:type="locator" xlink:href="sm-gaap-ci-2019-01-24.xsd#sm-gaap-ci_PatrimonioNettoAltreRiserveDistintamenteIndicateRiservaRiduzioneCapitaleSociale" xlink:label="sm-gaap-ci_PatrimonioNettoAltreRiserveDistintamenteIndicateRiservaRiduzioneCapitaleSociale"/>
    <presentationArc xlink:type="arc" xlink:arcrole="http://www.xbrl.org/2003/arcrole/parent-child" xlink:from="sm-gaap-ci_PatrimonioNettoAltreRiserveDistintamenteIndicate" xlink:to="sm-gaap-ci_PatrimonioNettoAltreRiserveDistintamenteIndicateRiservaRiduzioneCapitaleSociale" order="8" priority="0" use="optional"/>
    <loc xlink:type="locator" xlink:href="sm-gaap-ci-2019-01-24.xsd#sm-gaap-ci_PatrimonioNettoAltreRiserveDistintamenteIndicateRiservaAvanzoFusione" xlink:label="sm-gaap-ci_PatrimonioNettoAltreRiserveDistintamenteIndicateRiservaAvanzoFusione"/>
    <presentationArc xlink:type="arc" xlink:arcrole="http://www.xbrl.org/2003/arcrole/parent-child" xlink:from="sm-gaap-ci_PatrimonioNettoAltreRiserveDistintamenteIndicate" xlink:to="sm-gaap-ci_PatrimonioNettoAltreRiserveDistintamenteIndicateRiservaAvanzoFusione" order="9" priority="0" use="optional"/>
    <loc xlink:type="locator" xlink:href="sm-gaap-ci-2019-01-24.xsd#sm-gaap-ci_PatrimonioNettoAltreRiserveDistintamenteIndicateVarieAltreRiserve" xlink:label="sm-gaap-ci_PatrimonioNettoAltreRiserveDistintamenteIndicateVarieAltreRiserve"/>
    <presentationArc xlink:type="arc" xlink:arcrole="http://www.xbrl.org/2003/arcrole/parent-child" xlink:from="sm-gaap-ci_PatrimonioNettoAltreRiserveDistintamenteIndicate" xlink:to="sm-gaap-ci_PatrimonioNettoAltreRiserveDistintamenteIndicateVarieAltreRiserve" order="10" priority="0" use="optional"/>
    <loc xlink:type="locator" xlink:href="sm-gaap-ci-2019-01-24.xsd#sm-gaap-ci_PatrimonioNettoAltreRiserveDistintamenteIndicateTotaleAltreRiserve" xlink:label="sm-gaap-ci_PatrimonioNettoAltreRiserveDistintamenteIndicateTotaleAltreRiserve"/>
    <presentationArc xlink:type="arc" xlink:arcrole="http://www.xbrl.org/2003/arcrole/parent-child" xlink:from="sm-gaap-ci_PatrimonioNettoAltreRiserveDistintamenteIndicate" xlink:to="sm-gaap-ci_PatrimonioNettoAltreRiserveDistintamenteIndicateTotaleAltreRiserve" order="11" priority="0" use="optional"/>
    <loc xlink:type="locator" xlink:href="sm-gaap-ci-2019-01-24.xsd#sm-gaap-ci_PatrimonioNettoUtiliPerditePortatiNuovo" xlink:label="sm-gaap-ci_PatrimonioNettoUtiliPerditePortatiNuovo"/>
    <presentationArc xlink:type="arc" xlink:arcrole="http://www.xbrl.org/2003/arcrole/parent-child" xlink:from="sm-gaap-ci_PatrimonioNetto" xlink:to="sm-gaap-ci_PatrimonioNettoUtiliPerditePortatiNuovo" order="7" priority="0" use="optional"/>
    <loc xlink:type="locator" xlink:href="sm-gaap-ci-2019-01-24.xsd#sm-gaap-ci_PatrimonioNettoUtilePerditaEsercizio" xlink:label="sm-gaap-ci_PatrimonioNettoUtilePerditaEsercizio"/>
    <presentationArc xlink:type="arc" xlink:arcrole="http://www.xbrl.org/2003/arcrole/parent-child" xlink:from="sm-gaap-ci_PatrimonioNetto" xlink:to="sm-gaap-ci_PatrimonioNettoUtilePerditaEsercizio" order="8" priority="0" use="optional"/>
    <loc xlink:type="locator" xlink:href="sm-gaap-ci-2019-01-24.xsd#sm-gaap-ci_TotalePatrimonioNetto" xlink:label="sm-gaap-ci_TotalePatrimonioNetto"/>
    <presentationArc xlink:type="arc" xlink:arcrole="http://www.xbrl.org/2003/arcrole/parent-child" xlink:from="sm-gaap-ci_PatrimonioNetto" xlink:to="sm-gaap-ci_TotalePatrimonioNetto" order="9" priority="0" use="optional"/>
    <loc xlink:type="locator" xlink:href="sm-gaap-ci-2019-01-24.xsd#sm-gaap-ci_FondiRischiOneri" xlink:label="sm-gaap-ci_FondiRischiOneri"/>
    <presentationArc xlink:type="arc" xlink:arcrole="http://www.xbrl.org/2003/arcrole/parent-child" xlink:from="sm-gaap-ci_Passivo" xlink:to="sm-gaap-ci_FondiRischiOneri" order="2" priority="0" use="optional"/>
    <loc xlink:type="locator" xlink:href="sm-gaap-ci-2019-01-24.xsd#sm-gaap-ci_FondiRischiOneriImposte" xlink:label="sm-gaap-ci_FondiRischiOneriImposte"/>
    <presentationArc xlink:type="arc" xlink:arcrole="http://www.xbrl.org/2003/arcrole/parent-child" xlink:from="sm-gaap-ci_FondiRischiOneri" xlink:to="sm-gaap-ci_FondiRischiOneriImposte" order="1" priority="0" use="optional"/>
    <loc xlink:type="locator" xlink:href="sm-gaap-ci-2019-01-24.xsd#sm-gaap-ci_FondiRischiOneriAltri" xlink:label="sm-gaap-ci_FondiRischiOneriAltri"/>
    <presentationArc xlink:type="arc" xlink:arcrole="http://www.xbrl.org/2003/arcrole/parent-child" xlink:from="sm-gaap-ci_FondiRischiOneri" xlink:to="sm-gaap-ci_FondiRischiOneriAltri" order="2" priority="0" use="optional"/>
    <loc xlink:type="locator" xlink:href="sm-gaap-ci-2019-01-24.xsd#sm-gaap-ci_TotaleFondiRischiOneri" xlink:label="sm-gaap-ci_TotaleFondiRischiOneri"/>
    <presentationArc xlink:type="arc" xlink:arcrole="http://www.xbrl.org/2003/arcrole/parent-child" xlink:from="sm-gaap-ci_FondiRischiOneri" xlink:to="sm-gaap-ci_TotaleFondiRischiOneri" order="3" priority="0" use="optional"/>
    <loc xlink:type="locator" xlink:href="sm-gaap-ci-2019-01-24.xsd#sm-gaap-ci_TrattamentoFineRapportoLavoroSubordinato" xlink:label="sm-gaap-ci_TrattamentoFineRapportoLavoroSubordinato"/>
    <presentationArc xlink:type="arc" xlink:arcrole="http://www.xbrl.org/2003/arcrole/parent-child" xlink:from="sm-gaap-ci_Passivo" xlink:to="sm-gaap-ci_TrattamentoFineRapportoLavoroSubordinato" order="3" priority="0" use="optional"/>
    <loc xlink:type="locator" xlink:href="sm-gaap-ci-2019-01-24.xsd#sm-gaap-ci_Debiti" xlink:label="sm-gaap-ci_Debiti"/>
    <presentationArc xlink:type="arc" xlink:arcrole="http://www.xbrl.org/2003/arcrole/parent-child" xlink:from="sm-gaap-ci_Passivo" xlink:to="sm-gaap-ci_Debiti" order="4" priority="0" use="optional"/>
    <loc xlink:type="locator" xlink:href="sm-gaap-ci-2019-01-24.xsd#sm-gaap-ci_DebitiObbligazioni" xlink:label="sm-gaap-ci_DebitiObbligazioni"/>
    <presentationArc xlink:type="arc" xlink:arcrole="http://www.xbrl.org/2003/arcrole/parent-child" xlink:from="sm-gaap-ci_Debiti" xlink:to="sm-gaap-ci_DebitiObbligazioni" order="1" priority="0" use="optional"/>
    <loc xlink:type="locator" xlink:href="sm-gaap-ci-2019-01-24.xsd#sm-gaap-ci_DebitiObbligazioniEsigibiliEntroEsercizioSuccessivo" xlink:label="sm-gaap-ci_DebitiObbligazioniEsigibiliEntroEsercizioSuccessivo"/>
    <presentationArc xlink:type="arc" xlink:arcrole="http://www.xbrl.org/2003/arcrole/parent-child" xlink:from="sm-gaap-ci_DebitiObbligazioni" xlink:to="sm-gaap-ci_DebitiObbligazioniEsigibiliEntroEsercizioSuccessivo" order="1" priority="0" use="optional"/>
    <loc xlink:type="locator" xlink:href="sm-gaap-ci-2019-01-24.xsd#sm-gaap-ci_DebitiObbligazioniEsigibiliOltreEsercizioSuccessivo" xlink:label="sm-gaap-ci_DebitiObbligazioniEsigibiliOltreEsercizioSuccessivo"/>
    <presentationArc xlink:type="arc" xlink:arcrole="http://www.xbrl.org/2003/arcrole/parent-child" xlink:from="sm-gaap-ci_DebitiObbligazioni" xlink:to="sm-gaap-ci_DebitiObbligazioniEsigibiliOltreEsercizioSuccessivo" order="2" priority="0" use="optional"/>
    <loc xlink:type="locator" xlink:href="sm-gaap-ci-2019-01-24.xsd#sm-gaap-ci_DebitiObbligazioniTotaleObbligazioni" xlink:label="sm-gaap-ci_DebitiObbligazioniTotaleObbligazioni"/>
    <presentationArc xlink:type="arc" xlink:arcrole="http://www.xbrl.org/2003/arcrole/parent-child" xlink:from="sm-gaap-ci_DebitiObbligazioni" xlink:to="sm-gaap-ci_DebitiObbligazioniTotaleObbligazioni" order="3" priority="0" use="optional"/>
    <loc xlink:type="locator" xlink:href="sm-gaap-ci-2019-01-24.xsd#sm-gaap-ci_DebitiObbligazioniConvertibili" xlink:label="sm-gaap-ci_DebitiObbligazioniConvertibili"/>
    <presentationArc xlink:type="arc" xlink:arcrole="http://www.xbrl.org/2003/arcrole/parent-child" xlink:from="sm-gaap-ci_Debiti" xlink:to="sm-gaap-ci_DebitiObbligazioniConvertibili" order="2" priority="0" use="optional"/>
    <loc xlink:type="locator" xlink:href="sm-gaap-ci-2019-01-24.xsd#sm-gaap-ci_DebitiObbligazioniConvertibiliEsigibiliEntroEsercizioSuccessivo" xlink:label="sm-gaap-ci_DebitiObbligazioniConvertibiliEsigibiliEntroEsercizioSuccessivo"/>
    <presentationArc xlink:type="arc" xlink:arcrole="http://www.xbrl.org/2003/arcrole/parent-child" xlink:from="sm-gaap-ci_DebitiObbligazioniConvertibili" xlink:to="sm-gaap-ci_DebitiObbligazioniConvertibiliEsigibiliEntroEsercizioSuccessivo" order="1" priority="0" use="optional"/>
    <loc xlink:type="locator" xlink:href="sm-gaap-ci-2019-01-24.xsd#sm-gaap-ci_DebitiObbligazioniConvertibiliEsigibiliOltreEsercizioSuccessivo" xlink:label="sm-gaap-ci_DebitiObbligazioniConvertibiliEsigibiliOltreEsercizioSuccessivo"/>
    <presentationArc xlink:type="arc" xlink:arcrole="http://www.xbrl.org/2003/arcrole/parent-child" xlink:from="sm-gaap-ci_DebitiObbligazioniConvertibili" xlink:to="sm-gaap-ci_DebitiObbligazioniConvertibiliEsigibiliOltreEsercizioSuccessivo" order="2" priority="0" use="optional"/>
    <loc xlink:type="locator" xlink:href="sm-gaap-ci-2019-01-24.xsd#sm-gaap-ci_DebitiObbligazioniConvertibiliTotaleObbligazioniConvertibili" xlink:label="sm-gaap-ci_DebitiObbligazioniConvertibiliTotaleObbligazioniConvertibili"/>
    <presentationArc xlink:type="arc" xlink:arcrole="http://www.xbrl.org/2003/arcrole/parent-child" xlink:from="sm-gaap-ci_DebitiObbligazioniConvertibili" xlink:to="sm-gaap-ci_DebitiObbligazioniConvertibiliTotaleObbligazioniConvertibili" order="3" priority="0" use="optional"/>
    <loc xlink:type="locator" xlink:href="sm-gaap-ci-2019-01-24.xsd#sm-gaap-ci_DebitiDebitiVersoSociFinanziamenti" xlink:label="sm-gaap-ci_DebitiDebitiVersoSociFinanziamenti"/>
    <presentationArc xlink:type="arc" xlink:arcrole="http://www.xbrl.org/2003/arcrole/parent-child" xlink:from="sm-gaap-ci_Debiti" xlink:to="sm-gaap-ci_DebitiDebitiVersoSociFinanziamenti" order="3" priority="0" use="optional"/>
    <loc xlink:type="locator" xlink:href="sm-gaap-ci-2019-01-24.xsd#sm-gaap-ci_DebitiDebitiVersoSociFinanziamentiEsigibiliEntroEsercizioSuccessivo" xlink:label="sm-gaap-ci_DebitiDebitiVersoSociFinanziamentiEsigibiliEntroEsercizioSuccessivo"/>
    <presentationArc xlink:type="arc" xlink:arcrole="http://www.xbrl.org/2003/arcrole/parent-child" xlink:from="sm-gaap-ci_DebitiDebitiVersoSociFinanziamenti" xlink:to="sm-gaap-ci_DebitiDebitiVersoSociFinanziamentiEsigibiliEntroEsercizioSuccessivo" order="1" priority="0" use="optional"/>
    <loc xlink:type="locator" xlink:href="sm-gaap-ci-2019-01-24.xsd#sm-gaap-ci_DebitiDebitiVersoSociFinanziamentiEsigibiliOltreEsercizioSuccessivo" xlink:label="sm-gaap-ci_DebitiDebitiVersoSociFinanziamentiEsigibiliOltreEsercizioSuccessivo"/>
    <presentationArc xlink:type="arc" xlink:arcrole="http://www.xbrl.org/2003/arcrole/parent-child" xlink:from="sm-gaap-ci_DebitiDebitiVersoSociFinanziamenti" xlink:to="sm-gaap-ci_DebitiDebitiVersoSociFinanziamentiEsigibiliOltreEsercizioSuccessivo" order="2" priority="0" use="optional"/>
    <loc xlink:type="locator" xlink:href="sm-gaap-ci-2019-01-24.xsd#sm-gaap-ci_DebitiDebitiVersoSociFinanziamentiTotaleDebitiVersoSociFinanziamenti" xlink:label="sm-gaap-ci_DebitiDebitiVersoSociFinanziamentiTotaleDebitiVersoSociFinanziamenti"/>
    <presentationArc xlink:type="arc" xlink:arcrole="http://www.xbrl.org/2003/arcrole/parent-child" xlink:from="sm-gaap-ci_DebitiDebitiVersoSociFinanziamenti" xlink:to="sm-gaap-ci_DebitiDebitiVersoSociFinanziamentiTotaleDebitiVersoSociFinanziamenti" order="3" priority="0" use="optional"/>
    <loc xlink:type="locator" xlink:href="sm-gaap-ci-2019-01-24.xsd#sm-gaap-ci_DebitiDebitiVersoBanche" xlink:label="sm-gaap-ci_DebitiDebitiVersoBanche"/>
    <presentationArc xlink:type="arc" xlink:arcrole="http://www.xbrl.org/2003/arcrole/parent-child" xlink:from="sm-gaap-ci_Debiti" xlink:to="sm-gaap-ci_DebitiDebitiVersoBanche" order="4" priority="0" use="optional"/>
    <loc xlink:type="locator" xlink:href="sm-gaap-ci-2019-01-24.xsd#sm-gaap-ci_DebitiDebitiVersoBancheEsigibiliEntroEsercizioSuccessivo" xlink:label="sm-gaap-ci_DebitiDebitiVersoBancheEsigibiliEntroEsercizioSuccessivo"/>
    <presentationArc xlink:type="arc" xlink:arcrole="http://www.xbrl.org/2003/arcrole/parent-child" xlink:from="sm-gaap-ci_DebitiDebitiVersoBanche" xlink:to="sm-gaap-ci_DebitiDebitiVersoBancheEsigibiliEntroEsercizioSuccessivo" order="1" priority="0" use="optional"/>
    <loc xlink:type="locator" xlink:href="sm-gaap-ci-2019-01-24.xsd#sm-gaap-ci_DebitiDebitiVersoBancheEsigibiliOltreEsercizioSuccessivo" xlink:label="sm-gaap-ci_DebitiDebitiVersoBancheEsigibiliOltreEsercizioSuccessivo"/>
    <presentationArc xlink:type="arc" xlink:arcrole="http://www.xbrl.org/2003/arcrole/parent-child" xlink:from="sm-gaap-ci_DebitiDebitiVersoBanche" xlink:to="sm-gaap-ci_DebitiDebitiVersoBancheEsigibiliOltreEsercizioSuccessivo" order="2" priority="0" use="optional"/>
    <loc xlink:type="locator" xlink:href="sm-gaap-ci-2019-01-24.xsd#sm-gaap-ci_DebitiDebitiVersoBancheTotaleDebitiVersoBanche" xlink:label="sm-gaap-ci_DebitiDebitiVersoBancheTotaleDebitiVersoBanche"/>
    <presentationArc xlink:type="arc" xlink:arcrole="http://www.xbrl.org/2003/arcrole/parent-child" xlink:from="sm-gaap-ci_DebitiDebitiVersoBanche" xlink:to="sm-gaap-ci_DebitiDebitiVersoBancheTotaleDebitiVersoBanche" order="3" priority="0" use="optional"/>
    <loc xlink:type="locator" xlink:href="sm-gaap-ci-2019-01-24.xsd#sm-gaap-ci_DebitiDebitiVersoAltriFinanziatori" xlink:label="sm-gaap-ci_DebitiDebitiVersoAltriFinanziatori"/>
    <presentationArc xlink:type="arc" xlink:arcrole="http://www.xbrl.org/2003/arcrole/parent-child" xlink:from="sm-gaap-ci_Debiti" xlink:to="sm-gaap-ci_DebitiDebitiVersoAltriFinanziatori" order="5" priority="0" use="optional"/>
    <loc xlink:type="locator" xlink:href="sm-gaap-ci-2019-01-24.xsd#sm-gaap-ci_DebitiDebitiVersoAltriFinanziatoriEsigibiliEntroEsercizioSuccessivo" xlink:label="sm-gaap-ci_DebitiDebitiVersoAltriFinanziatoriEsigibiliEntroEsercizioSuccessivo"/>
    <presentationArc xlink:type="arc" xlink:arcrole="http://www.xbrl.org/2003/arcrole/parent-child" xlink:from="sm-gaap-ci_DebitiDebitiVersoAltriFinanziatori" xlink:to="sm-gaap-ci_DebitiDebitiVersoAltriFinanziatoriEsigibiliEntroEsercizioSuccessivo" order="1" priority="0" use="optional"/>
    <loc xlink:type="locator" xlink:href="sm-gaap-ci-2019-01-24.xsd#sm-gaap-ci_DebitiDebitiVersoAltriFinanziatoriEsigibiliOltreEsercizioSuccessivo" xlink:label="sm-gaap-ci_DebitiDebitiVersoAltriFinanziatoriEsigibiliOltreEsercizioSuccessivo"/>
    <presentationArc xlink:type="arc" xlink:arcrole="http://www.xbrl.org/2003/arcrole/parent-child" xlink:from="sm-gaap-ci_DebitiDebitiVersoAltriFinanziatori" xlink:to="sm-gaap-ci_DebitiDebitiVersoAltriFinanziatoriEsigibiliOltreEsercizioSuccessivo" order="2" priority="0" use="optional"/>
    <loc xlink:type="locator" xlink:href="sm-gaap-ci-2019-01-24.xsd#sm-gaap-ci_DebitiDebitiVersoAltriFinanziatoriTotaleDebitiVersoAltriFinanziatori" xlink:label="sm-gaap-ci_DebitiDebitiVersoAltriFinanziatoriTotaleDebitiVersoAltriFinanziatori"/>
    <presentationArc xlink:type="arc" xlink:arcrole="http://www.xbrl.org/2003/arcrole/parent-child" xlink:from="sm-gaap-ci_DebitiDebitiVersoAltriFinanziatori" xlink:to="sm-gaap-ci_DebitiDebitiVersoAltriFinanziatoriTotaleDebitiVersoAltriFinanziatori" order="3" priority="0" use="optional"/>
    <loc xlink:type="locator" xlink:href="sm-gaap-ci-2019-01-24.xsd#sm-gaap-ci_DebitiAcconti" xlink:label="sm-gaap-ci_DebitiAcconti"/>
    <presentationArc xlink:type="arc" xlink:arcrole="http://www.xbrl.org/2003/arcrole/parent-child" xlink:from="sm-gaap-ci_Debiti" xlink:to="sm-gaap-ci_DebitiAcconti" order="6" priority="0" use="optional"/>
    <loc xlink:type="locator" xlink:href="sm-gaap-ci-2019-01-24.xsd#sm-gaap-ci_DebitiAccontiEsigibiliEntroEsercizioSuccessivo" xlink:label="sm-gaap-ci_DebitiAccontiEsigibiliEntroEsercizioSuccessivo"/>
    <presentationArc xlink:type="arc" xlink:arcrole="http://www.xbrl.org/2003/arcrole/parent-child" xlink:from="sm-gaap-ci_DebitiAcconti" xlink:to="sm-gaap-ci_DebitiAccontiEsigibiliEntroEsercizioSuccessivo" order="1" priority="0" use="optional"/>
    <loc xlink:type="locator" xlink:href="sm-gaap-ci-2019-01-24.xsd#sm-gaap-ci_DebitiAccontiEsigibiliOltreEsercizioSuccessivo" xlink:label="sm-gaap-ci_DebitiAccontiEsigibiliOltreEsercizioSuccessivo"/>
    <presentationArc xlink:type="arc" xlink:arcrole="http://www.xbrl.org/2003/arcrole/parent-child" xlink:from="sm-gaap-ci_DebitiAcconti" xlink:to="sm-gaap-ci_DebitiAccontiEsigibiliOltreEsercizioSuccessivo" order="2" priority="0" use="optional"/>
    <loc xlink:type="locator" xlink:href="sm-gaap-ci-2019-01-24.xsd#sm-gaap-ci_DebitiAccontiTotaleAcconti" xlink:label="sm-gaap-ci_DebitiAccontiTotaleAcconti"/>
    <presentationArc xlink:type="arc" xlink:arcrole="http://www.xbrl.org/2003/arcrole/parent-child" xlink:from="sm-gaap-ci_DebitiAcconti" xlink:to="sm-gaap-ci_DebitiAccontiTotaleAcconti" order="3" priority="0" use="optional"/>
    <loc xlink:type="locator" xlink:href="sm-gaap-ci-2019-01-24.xsd#sm-gaap-ci_DebitiDebitiVersoFornitori" xlink:label="sm-gaap-ci_DebitiDebitiVersoFornitori"/>
    <presentationArc xlink:type="arc" xlink:arcrole="http://www.xbrl.org/2003/arcrole/parent-child" xlink:from="sm-gaap-ci_Debiti" xlink:to="sm-gaap-ci_DebitiDebitiVersoFornitori" order="7" priority="0" use="optional"/>
    <loc xlink:type="locator" xlink:href="sm-gaap-ci-2019-01-24.xsd#sm-gaap-ci_DebitiDebitiVersoFornitoriEsigibiliEntroEsercizioSuccessivo" xlink:label="sm-gaap-ci_DebitiDebitiVersoFornitoriEsigibiliEntroEsercizioSuccessivo"/>
    <presentationArc xlink:type="arc" xlink:arcrole="http://www.xbrl.org/2003/arcrole/parent-child" xlink:from="sm-gaap-ci_DebitiDebitiVersoFornitori" xlink:to="sm-gaap-ci_DebitiDebitiVersoFornitoriEsigibiliEntroEsercizioSuccessivo" order="1" priority="0" use="optional"/>
    <loc xlink:type="locator" xlink:href="sm-gaap-ci-2019-01-24.xsd#sm-gaap-ci_DebitiDebitiVersoFornitoriEsigibiliOltreEsercizioSuccessivo" xlink:label="sm-gaap-ci_DebitiDebitiVersoFornitoriEsigibiliOltreEsercizioSuccessivo"/>
    <presentationArc xlink:type="arc" xlink:arcrole="http://www.xbrl.org/2003/arcrole/parent-child" xlink:from="sm-gaap-ci_DebitiDebitiVersoFornitori" xlink:to="sm-gaap-ci_DebitiDebitiVersoFornitoriEsigibiliOltreEsercizioSuccessivo" order="2" priority="0" use="optional"/>
    <loc xlink:type="locator" xlink:href="sm-gaap-ci-2019-01-24.xsd#sm-gaap-ci_DebitiDebitiVersoFornitoriTotaleDebitiVersoFornitori" xlink:label="sm-gaap-ci_DebitiDebitiVersoFornitoriTotaleDebitiVersoFornitori"/>
    <presentationArc xlink:type="arc" xlink:arcrole="http://www.xbrl.org/2003/arcrole/parent-child" xlink:from="sm-gaap-ci_DebitiDebitiVersoFornitori" xlink:to="sm-gaap-ci_DebitiDebitiVersoFornitoriTotaleDebitiVersoFornitori" order="3" priority="0" use="optional"/>
    <loc xlink:type="locator" xlink:href="sm-gaap-ci-2019-01-24.xsd#sm-gaap-ci_DebitiDebitiRappresentatiTitoliCredito" xlink:label="sm-gaap-ci_DebitiDebitiRappresentatiTitoliCredito"/>
    <presentationArc xlink:type="arc" xlink:arcrole="http://www.xbrl.org/2003/arcrole/parent-child" xlink:from="sm-gaap-ci_Debiti" xlink:to="sm-gaap-ci_DebitiDebitiRappresentatiTitoliCredito" order="8" priority="0" use="optional"/>
    <loc xlink:type="locator" xlink:href="sm-gaap-ci-2019-01-24.xsd#sm-gaap-ci_DebitiDebitiRappresentatiTitoliCreditoEsigibiliEntroEsercizioSuccessivo" xlink:label="sm-gaap-ci_DebitiDebitiRappresentatiTitoliCreditoEsigibiliEntroEsercizioSuccessivo"/>
    <presentationArc xlink:type="arc" xlink:arcrole="http://www.xbrl.org/2003/arcrole/parent-child" xlink:from="sm-gaap-ci_DebitiDebitiRappresentatiTitoliCredito" xlink:to="sm-gaap-ci_DebitiDebitiRappresentatiTitoliCreditoEsigibiliEntroEsercizioSuccessivo" order="1" priority="0" use="optional"/>
    <loc xlink:type="locator" xlink:href="sm-gaap-ci-2019-01-24.xsd#sm-gaap-ci_DebitiDebitiRappresentatiTitoliCreditoEsigibiliOltreEsercizioSuccessivo" xlink:label="sm-gaap-ci_DebitiDebitiRappresentatiTitoliCreditoEsigibiliOltreEsercizioSuccessivo"/>
    <presentationArc xlink:type="arc" xlink:arcrole="http://www.xbrl.org/2003/arcrole/parent-child" xlink:from="sm-gaap-ci_DebitiDebitiRappresentatiTitoliCredito" xlink:to="sm-gaap-ci_DebitiDebitiRappresentatiTitoliCreditoEsigibiliOltreEsercizioSuccessivo" order="2" priority="0" use="optional"/>
    <loc xlink:type="locator" xlink:href="sm-gaap-ci-2019-01-24.xsd#sm-gaap-ci_DebitiDebitiRappresentatiTitoliCreditoTotaleDebitiRappresentatiTitoliCredito" xlink:label="sm-gaap-ci_DebitiDebitiRappresentatiTitoliCreditoTotaleDebitiRappresentatiTitoliCredito"/>
    <presentationArc xlink:type="arc" xlink:arcrole="http://www.xbrl.org/2003/arcrole/parent-child" xlink:from="sm-gaap-ci_DebitiDebitiRappresentatiTitoliCredito" xlink:to="sm-gaap-ci_DebitiDebitiRappresentatiTitoliCreditoTotaleDebitiRappresentatiTitoliCredito" order="3" priority="0" use="optional"/>
    <loc xlink:type="locator" xlink:href="sm-gaap-ci-2019-01-24.xsd#sm-gaap-ci_DebitiDebitiVersoSocietaControllate" xlink:label="sm-gaap-ci_DebitiDebitiVersoSocietaControllate"/>
    <presentationArc xlink:type="arc" xlink:arcrole="http://www.xbrl.org/2003/arcrole/parent-child" xlink:from="sm-gaap-ci_Debiti" xlink:to="sm-gaap-ci_DebitiDebitiVersoSocietaControllate" order="9" priority="0" use="optional"/>
    <loc xlink:type="locator" xlink:href="sm-gaap-ci-2019-01-24.xsd#sm-gaap-ci_DebitiDebitiVersoSocietaControllateEsigibiliEntroEsercizioSuccessivo" xlink:label="sm-gaap-ci_DebitiDebitiVersoSocietaControllateEsigibiliEntroEsercizioSuccessivo"/>
    <presentationArc xlink:type="arc" xlink:arcrole="http://www.xbrl.org/2003/arcrole/parent-child" xlink:from="sm-gaap-ci_DebitiDebitiVersoSocietaControllate" xlink:to="sm-gaap-ci_DebitiDebitiVersoSocietaControllateEsigibiliEntroEsercizioSuccessivo" order="1" priority="0" use="optional"/>
    <loc xlink:type="locator" xlink:href="sm-gaap-ci-2019-01-24.xsd#sm-gaap-ci_DebitiDebitiVersoSocietaControllateEsigibiliOltreEsercizioSuccessivo" xlink:label="sm-gaap-ci_DebitiDebitiVersoSocietaControllateEsigibiliOltreEsercizioSuccessivo"/>
    <presentationArc xlink:type="arc" xlink:arcrole="http://www.xbrl.org/2003/arcrole/parent-child" xlink:from="sm-gaap-ci_DebitiDebitiVersoSocietaControllate" xlink:to="sm-gaap-ci_DebitiDebitiVersoSocietaControllateEsigibiliOltreEsercizioSuccessivo" order="2" priority="0" use="optional"/>
    <loc xlink:type="locator" xlink:href="sm-gaap-ci-2019-01-24.xsd#sm-gaap-ci_DebitiDebitiVersoSocietaControllateTotaleDebitiVersoSocietaControllate" xlink:label="sm-gaap-ci_DebitiDebitiVersoSocietaControllateTotaleDebitiVersoSocietaControllate"/>
    <presentationArc xlink:type="arc" xlink:arcrole="http://www.xbrl.org/2003/arcrole/parent-child" xlink:from="sm-gaap-ci_DebitiDebitiVersoSocietaControllate" xlink:to="sm-gaap-ci_DebitiDebitiVersoSocietaControllateTotaleDebitiVersoSocietaControllate" order="3" priority="0" use="optional"/>
    <loc xlink:type="locator" xlink:href="sm-gaap-ci-2019-01-24.xsd#sm-gaap-ci_DebitiDebitiVersoSocietaCollegate" xlink:label="sm-gaap-ci_DebitiDebitiVersoSocietaCollegate"/>
    <presentationArc xlink:type="arc" xlink:arcrole="http://www.xbrl.org/2003/arcrole/parent-child" xlink:from="sm-gaap-ci_Debiti" xlink:to="sm-gaap-ci_DebitiDebitiVersoSocietaCollegate" order="10" priority="0" use="optional"/>
    <loc xlink:type="locator" xlink:href="sm-gaap-ci-2019-01-24.xsd#sm-gaap-ci_DebitiDebitiVersoSocietaCollegateEsigibiliEntroEsercizioSuccessivo" xlink:label="sm-gaap-ci_DebitiDebitiVersoSocietaCollegateEsigibiliEntroEsercizioSuccessivo"/>
    <presentationArc xlink:type="arc" xlink:arcrole="http://www.xbrl.org/2003/arcrole/parent-child" xlink:from="sm-gaap-ci_DebitiDebitiVersoSocietaCollegate" xlink:to="sm-gaap-ci_DebitiDebitiVersoSocietaCollegateEsigibiliEntroEsercizioSuccessivo" order="1" priority="0" use="optional"/>
    <loc xlink:type="locator" xlink:href="sm-gaap-ci-2019-01-24.xsd#sm-gaap-ci_DebitiDebitiVersoSocietaCollegateEsigibiliOltreEsercizioSuccessivo" xlink:label="sm-gaap-ci_DebitiDebitiVersoSocietaCollegateEsigibiliOltreEsercizioSuccessivo"/>
    <presentationArc xlink:type="arc" xlink:arcrole="http://www.xbrl.org/2003/arcrole/parent-child" xlink:from="sm-gaap-ci_DebitiDebitiVersoSocietaCollegate" xlink:to="sm-gaap-ci_DebitiDebitiVersoSocietaCollegateEsigibiliOltreEsercizioSuccessivo" order="2" priority="0" use="optional"/>
    <loc xlink:type="locator" xlink:href="sm-gaap-ci-2019-01-24.xsd#sm-gaap-ci_DebitiDebitiVersoSocietaCollegateTotaleDebitiVersoSocietaCollegate" xlink:label="sm-gaap-ci_DebitiDebitiVersoSocietaCollegateTotaleDebitiVersoSocietaCollegate"/>
    <presentationArc xlink:type="arc" xlink:arcrole="http://www.xbrl.org/2003/arcrole/parent-child" xlink:from="sm-gaap-ci_DebitiDebitiVersoSocietaCollegate" xlink:to="sm-gaap-ci_DebitiDebitiVersoSocietaCollegateTotaleDebitiVersoSocietaCollegate" order="3" priority="0" use="optional"/>
    <loc xlink:type="locator" xlink:href="sm-gaap-ci-2019-01-24.xsd#sm-gaap-ci_DebitiDebitiVersoControllanti" xlink:label="sm-gaap-ci_DebitiDebitiVersoControllanti"/>
    <presentationArc xlink:type="arc" xlink:arcrole="http://www.xbrl.org/2003/arcrole/parent-child" xlink:from="sm-gaap-ci_Debiti" xlink:to="sm-gaap-ci_DebitiDebitiVersoControllanti" order="11" priority="0" use="optional"/>
    <loc xlink:type="locator" xlink:href="sm-gaap-ci-2019-01-24.xsd#sm-gaap-ci_DebitiDebitiVersoControllantiEsigibiliEntroEsercizioSuccessivo" xlink:label="sm-gaap-ci_DebitiDebitiVersoControllantiEsigibiliEntroEsercizioSuccessivo"/>
    <presentationArc xlink:type="arc" xlink:arcrole="http://www.xbrl.org/2003/arcrole/parent-child" xlink:from="sm-gaap-ci_DebitiDebitiVersoControllanti" xlink:to="sm-gaap-ci_DebitiDebitiVersoControllantiEsigibiliEntroEsercizioSuccessivo" order="1" priority="0" use="optional"/>
    <loc xlink:type="locator" xlink:href="sm-gaap-ci-2019-01-24.xsd#sm-gaap-ci_DebitiDebitiVersoControllantiEsigibiliOltreEsercizioSuccessivo" xlink:label="sm-gaap-ci_DebitiDebitiVersoControllantiEsigibiliOltreEsercizioSuccessivo"/>
    <presentationArc xlink:type="arc" xlink:arcrole="http://www.xbrl.org/2003/arcrole/parent-child" xlink:from="sm-gaap-ci_DebitiDebitiVersoControllanti" xlink:to="sm-gaap-ci_DebitiDebitiVersoControllantiEsigibiliOltreEsercizioSuccessivo" order="2" priority="0" use="optional"/>
    <loc xlink:type="locator" xlink:href="sm-gaap-ci-2019-01-24.xsd#sm-gaap-ci_DebitiDebitiVersoControllantiTotaleDebitiVersoControllanti" xlink:label="sm-gaap-ci_DebitiDebitiVersoControllantiTotaleDebitiVersoControllanti"/>
    <presentationArc xlink:type="arc" xlink:arcrole="http://www.xbrl.org/2003/arcrole/parent-child" xlink:from="sm-gaap-ci_DebitiDebitiVersoControllanti" xlink:to="sm-gaap-ci_DebitiDebitiVersoControllantiTotaleDebitiVersoControllanti" order="3" priority="0" use="optional"/>
    <loc xlink:type="locator" xlink:href="sm-gaap-ci-2019-01-24.xsd#sm-gaap-ci_DebitiDebitiTributari" xlink:label="sm-gaap-ci_DebitiDebitiTributari"/>
    <presentationArc xlink:type="arc" xlink:arcrole="http://www.xbrl.org/2003/arcrole/parent-child" xlink:from="sm-gaap-ci_Debiti" xlink:to="sm-gaap-ci_DebitiDebitiTributari" order="12" priority="0" use="optional"/>
    <loc xlink:type="locator" xlink:href="sm-gaap-ci-2019-01-24.xsd#sm-gaap-ci_DebitiDebitiTributariEsigibiliEntroEsercizioSuccessivo" xlink:label="sm-gaap-ci_DebitiDebitiTributariEsigibiliEntroEsercizioSuccessivo"/>
    <presentationArc xlink:type="arc" xlink:arcrole="http://www.xbrl.org/2003/arcrole/parent-child" xlink:from="sm-gaap-ci_DebitiDebitiTributari" xlink:to="sm-gaap-ci_DebitiDebitiTributariEsigibiliEntroEsercizioSuccessivo" order="1" priority="0" use="optional"/>
    <loc xlink:type="locator" xlink:href="sm-gaap-ci-2019-01-24.xsd#sm-gaap-ci_DebitiDebitiTributariEsigibiliOltreEsercizioSuccessivo" xlink:label="sm-gaap-ci_DebitiDebitiTributariEsigibiliOltreEsercizioSuccessivo"/>
    <presentationArc xlink:type="arc" xlink:arcrole="http://www.xbrl.org/2003/arcrole/parent-child" xlink:from="sm-gaap-ci_DebitiDebitiTributari" xlink:to="sm-gaap-ci_DebitiDebitiTributariEsigibiliOltreEsercizioSuccessivo" order="2" priority="0" use="optional"/>
    <loc xlink:type="locator" xlink:href="sm-gaap-ci-2019-01-24.xsd#sm-gaap-ci_DebitiDebitiTributariTotaleDebitiTributari" xlink:label="sm-gaap-ci_DebitiDebitiTributariTotaleDebitiTributari"/>
    <presentationArc xlink:type="arc" xlink:arcrole="http://www.xbrl.org/2003/arcrole/parent-child" xlink:from="sm-gaap-ci_DebitiDebitiTributari" xlink:to="sm-gaap-ci_DebitiDebitiTributariTotaleDebitiTributari" order="3" priority="0" use="optional"/>
    <loc xlink:type="locator" xlink:href="sm-gaap-ci-2019-01-24.xsd#sm-gaap-ci_DebitiDebitiVersoIstitutiPrevidenzaSicurezzaSociale" xlink:label="sm-gaap-ci_DebitiDebitiVersoIstitutiPrevidenzaSicurezzaSociale"/>
    <presentationArc xlink:type="arc" xlink:arcrole="http://www.xbrl.org/2003/arcrole/parent-child" xlink:from="sm-gaap-ci_Debiti" xlink:to="sm-gaap-ci_DebitiDebitiVersoIstitutiPrevidenzaSicurezzaSociale" order="13" priority="0" use="optional"/>
    <loc xlink:type="locator" xlink:href="sm-gaap-ci-2019-01-24.xsd#sm-gaap-ci_DebitiDebitiVersoIstitutiPrevidenzaSicurezzaSocialeEsigibiliEntroEsercizioSuccessivo" xlink:label="sm-gaap-ci_DebitiDebitiVersoIstitutiPrevidenzaSicurezzaSocialeEsigibiliEntroEsercizioSuccessivo"/>
    <presentationArc xlink:type="arc" xlink:arcrole="http://www.xbrl.org/2003/arcrole/parent-child" xlink:from="sm-gaap-ci_DebitiDebitiVersoIstitutiPrevidenzaSicurezzaSociale" xlink:to="sm-gaap-ci_DebitiDebitiVersoIstitutiPrevidenzaSicurezzaSocialeEsigibiliEntroEsercizioSuccessivo" order="1" priority="0" use="optional"/>
    <loc xlink:type="locator" xlink:href="sm-gaap-ci-2019-01-24.xsd#sm-gaap-ci_DebitiDebitiVersoIstitutiPrevidenzaSicurezzaSocialeEsigibiliOltreEsercizioSuccessivo" xlink:label="sm-gaap-ci_DebitiDebitiVersoIstitutiPrevidenzaSicurezzaSocialeEsigibiliOltreEsercizioSuccessivo"/>
    <presentationArc xlink:type="arc" xlink:arcrole="http://www.xbrl.org/2003/arcrole/parent-child" xlink:from="sm-gaap-ci_DebitiDebitiVersoIstitutiPrevidenzaSicurezzaSociale" xlink:to="sm-gaap-ci_DebitiDebitiVersoIstitutiPrevidenzaSicurezzaSocialeEsigibiliOltreEsercizioSuccessivo" order="2" priority="0" use="optional"/>
    <loc xlink:type="locator" xlink:href="sm-gaap-ci-2019-01-24.xsd#sm-gaap-ci_DebitiDebitiVersoIstitutiPrevidenzaSicurezzaSocialeTotaleDebitiVersoIstitutiPrevidenzaSicurezzaSociale" xlink:label="sm-gaap-ci_DebitiDebitiVersoIstitutiPrevidenzaSicurezzaSocialeTotaleDebitiVersoIstitutiPrevidenzaSicurezzaSociale"/>
    <presentationArc xlink:type="arc" xlink:arcrole="http://www.xbrl.org/2003/arcrole/parent-child" xlink:from="sm-gaap-ci_DebitiDebitiVersoIstitutiPrevidenzaSicurezzaSociale" xlink:to="sm-gaap-ci_DebitiDebitiVersoIstitutiPrevidenzaSicurezzaSocialeTotaleDebitiVersoIstitutiPrevidenzaSicurezzaSociale" order="3" priority="0" use="optional"/>
    <loc xlink:type="locator" xlink:href="sm-gaap-ci-2019-01-24.xsd#sm-gaap-ci_DebitiAltriDebiti" xlink:label="sm-gaap-ci_DebitiAltriDebiti"/>
    <presentationArc xlink:type="arc" xlink:arcrole="http://www.xbrl.org/2003/arcrole/parent-child" xlink:from="sm-gaap-ci_Debiti" xlink:to="sm-gaap-ci_DebitiAltriDebiti" order="14" priority="0" use="optional"/>
    <loc xlink:type="locator" xlink:href="sm-gaap-ci-2019-01-24.xsd#sm-gaap-ci_DebitiAltriDebitiEsigibiliEntroEsercizioSuccessivo" xlink:label="sm-gaap-ci_DebitiAltriDebitiEsigibiliEntroEsercizioSuccessivo"/>
    <presentationArc xlink:type="arc" xlink:arcrole="http://www.xbrl.org/2003/arcrole/parent-child" xlink:from="sm-gaap-ci_DebitiAltriDebiti" xlink:to="sm-gaap-ci_DebitiAltriDebitiEsigibiliEntroEsercizioSuccessivo" order="1" priority="0" use="optional"/>
    <loc xlink:type="locator" xlink:href="sm-gaap-ci-2019-01-24.xsd#sm-gaap-ci_DebitiAltriDebitiEsigibiliOltreEsercizioSuccessivo" xlink:label="sm-gaap-ci_DebitiAltriDebitiEsigibiliOltreEsercizioSuccessivo"/>
    <presentationArc xlink:type="arc" xlink:arcrole="http://www.xbrl.org/2003/arcrole/parent-child" xlink:from="sm-gaap-ci_DebitiAltriDebiti" xlink:to="sm-gaap-ci_DebitiAltriDebitiEsigibiliOltreEsercizioSuccessivo" order="2" priority="0" use="optional"/>
    <loc xlink:type="locator" xlink:href="sm-gaap-ci-2019-01-24.xsd#sm-gaap-ci_DebitiAltriDebitiTotaleAltriDebiti" xlink:label="sm-gaap-ci_DebitiAltriDebitiTotaleAltriDebiti"/>
    <presentationArc xlink:type="arc" xlink:arcrole="http://www.xbrl.org/2003/arcrole/parent-child" xlink:from="sm-gaap-ci_DebitiAltriDebiti" xlink:to="sm-gaap-ci_DebitiAltriDebitiTotaleAltriDebiti" order="3" priority="0" use="optional"/>
    <loc xlink:type="locator" xlink:href="sm-gaap-ci-2019-01-24.xsd#sm-gaap-ci_TotaleDebiti" xlink:label="sm-gaap-ci_TotaleDebiti"/>
    <presentationArc xlink:type="arc" xlink:arcrole="http://www.xbrl.org/2003/arcrole/parent-child" xlink:from="sm-gaap-ci_Debiti" xlink:to="sm-gaap-ci_TotaleDebiti" order="15" priority="0" use="optional"/>
    <loc xlink:type="locator" xlink:href="sm-gaap-ci-2019-01-24.xsd#sm-gaap-ci_PassivoRateiRisconti" xlink:label="sm-gaap-ci_PassivoRateiRisconti"/>
    <presentationArc xlink:type="arc" xlink:arcrole="http://www.xbrl.org/2003/arcrole/parent-child" xlink:from="sm-gaap-ci_Passivo" xlink:to="sm-gaap-ci_PassivoRateiRisconti" order="5" priority="0" use="optional"/>
    <loc xlink:type="locator" xlink:href="sm-gaap-ci-2019-01-24.xsd#sm-gaap-ci_PassivoRateiRiscontiRateiRiscontiPassivi" xlink:label="sm-gaap-ci_PassivoRateiRiscontiRateiRiscontiPassivi"/>
    <presentationArc xlink:type="arc" xlink:arcrole="http://www.xbrl.org/2003/arcrole/parent-child" xlink:from="sm-gaap-ci_PassivoRateiRisconti" xlink:to="sm-gaap-ci_PassivoRateiRiscontiRateiRiscontiPassivi" order="1" priority="0" use="optional"/>
    <loc xlink:type="locator" xlink:href="sm-gaap-ci-2019-01-24.xsd#sm-gaap-ci_PassivoRateiRiscontiTotaleRateiRisconti" xlink:label="sm-gaap-ci_PassivoRateiRiscontiTotaleRateiRisconti"/>
    <presentationArc xlink:type="arc" xlink:arcrole="http://www.xbrl.org/2003/arcrole/parent-child" xlink:from="sm-gaap-ci_PassivoRateiRisconti" xlink:to="sm-gaap-ci_PassivoRateiRiscontiTotaleRateiRisconti" order="2" priority="0" use="optional"/>
    <loc xlink:type="locator" xlink:href="sm-gaap-ci-2019-01-24.xsd#sm-gaap-ci_TotalePassivo" xlink:label="sm-gaap-ci_TotalePassivo"/>
    <presentationArc xlink:type="arc" xlink:arcrole="http://www.xbrl.org/2003/arcrole/parent-child" xlink:from="sm-gaap-ci_Passivo" xlink:to="sm-gaap-ci_TotalePassivo" order="6" priority="0" use="optional"/>
  </presentationLink>
</linkbase>
