<?xml version="1.0" encoding="UTF-8"?>
<!--
Tassonomia XBRL della Repubblica di San Marino

File: sm-gaap-ci-cal-sp-2019-01-24.xml
Versione: 2019-01-24
Sito di riferimento: https://www.xbrl.sm/
Archivio: https://www.xbrl.sm/sm-gaap-ci-2019-01-24.zip
-->
<linkbase xmlns="http://www.xbrl.org/2003/linkbase" xmlns:xsi="http://www.w3.org/2001/XMLSchema-instance" xmlns:xlink="http://www.w3.org/1999/xlink" xsi:schemaLocation="http://www.xbrl.org/2003/linkbase http://www.xbrl.org/2003/xbrl-linkbase-2003-12-31.xsd">
  <roleRef xlink:type="simple" xlink:href="sm-gaap-ci-roles-2019-01-24.xsd#SpLeggeSocieta" roleURI="http://www.xbrl.sm/sm/gaap/role/SpLeggeSocieta"/>
  <calculationLink xlink:type="extended" xlink:role="http://www.xbrl.sm/sm/gaap/role/SpLeggeSocieta">
    <loc xlink:type="locator" xlink:href="sm-gaap-ci-2019-01-24.xsd#sm-gaap-ci_TotaleAttivo" xlink:label="sm-gaap-ci_TotaleAttivo"/>
    <loc xlink:type="locator" xlink:href="sm-gaap-ci-2019-01-24.xsd#sm-gaap-ci_TotaleCreditiVersoSociVersamentiAncoraDovuti" xlink:label="sm-gaap-ci_TotaleCreditiVersoSociVersamentiAncoraDovuti"/>
    <calculationArc xlink:type="arc" xlink:arcrole="http://www.xbrl.org/2003/arcrole/summation-item" xlink:from="sm-gaap-ci_TotaleAttivo" xlink:to="sm-gaap-ci_TotaleCreditiVersoSociVersamentiAncoraDovuti" order="1" weight="1" priority="0" use="optional"/>
    <loc xlink:type="locator" xlink:href="sm-gaap-ci-2019-01-24.xsd#sm-gaap-ci_TotaleImmobilizzazioni" xlink:label="sm-gaap-ci_TotaleImmobilizzazioni"/>
    <calculationArc xlink:type="arc" xlink:arcrole="http://www.xbrl.org/2003/arcrole/summation-item" xlink:from="sm-gaap-ci_TotaleAttivo" xlink:to="sm-gaap-ci_TotaleImmobilizzazioni" order="2" weight="1" priority="0" use="optional"/>
    <loc xlink:type="locator" xlink:href="sm-gaap-ci-2019-01-24.xsd#sm-gaap-ci_TotaleImmobilizzazioniImmateriali" xlink:label="sm-gaap-ci_TotaleImmobilizzazioniImmateriali"/>
    <calculationArc xlink:type="arc" xlink:arcrole="http://www.xbrl.org/2003/arcrole/summation-item" xlink:from="sm-gaap-ci_TotaleImmobilizzazioni" xlink:to="sm-gaap-ci_TotaleImmobilizzazioniImmateriali" order="1" weight="1" priority="0" use="optional"/>
    <loc xlink:type="locator" xlink:href="sm-gaap-ci-2019-01-24.xsd#sm-gaap-ci_ImmobilizzazioniImmaterialiCostiImpiantoAmpliamento" xlink:label="sm-gaap-ci_ImmobilizzazioniImmaterialiCostiImpiantoAmpliamento"/>
    <calculationArc xlink:type="arc" xlink:arcrole="http://www.xbrl.org/2003/arcrole/summation-item" xlink:from="sm-gaap-ci_TotaleImmobilizzazioniImmateriali" xlink:to="sm-gaap-ci_ImmobilizzazioniImmaterialiCostiImpiantoAmpliamento" order="1" weight="1" priority="0" use="optional"/>
    <loc xlink:type="locator" xlink:href="sm-gaap-ci-2019-01-24.xsd#sm-gaap-ci_ImmobilizzazioniImmaterialiCostiRicercaSviluppoPubblicita" xlink:label="sm-gaap-ci_ImmobilizzazioniImmaterialiCostiRicercaSviluppoPubblicita"/>
    <calculationArc xlink:type="arc" xlink:arcrole="http://www.xbrl.org/2003/arcrole/summation-item" xlink:from="sm-gaap-ci_TotaleImmobilizzazioniImmateriali" xlink:to="sm-gaap-ci_ImmobilizzazioniImmaterialiCostiRicercaSviluppoPubblicita" order="2" weight="1" priority="0" use="optional"/>
    <loc xlink:type="locator" xlink:href="sm-gaap-ci-2019-01-24.xsd#sm-gaap-ci_ImmobilizzazioniImmaterialiDirittiBrevettoIndustrialeDirittiUtilizzazioneOpereIngegno" xlink:label="sm-gaap-ci_ImmobilizzazioniImmaterialiDirittiBrevettoIndustrialeDirittiUtilizzazioneOpereIngegno"/>
    <calculationArc xlink:type="arc" xlink:arcrole="http://www.xbrl.org/2003/arcrole/summation-item" xlink:from="sm-gaap-ci_TotaleImmobilizzazioniImmateriali" xlink:to="sm-gaap-ci_ImmobilizzazioniImmaterialiDirittiBrevettoIndustrialeDirittiUtilizzazioneOpereIngegno" order="3" weight="1" priority="0" use="optional"/>
    <loc xlink:type="locator" xlink:href="sm-gaap-ci-2019-01-24.xsd#sm-gaap-ci_ImmobilizzazioniImmaterialiConcessioniLicenzeMarchiDirittiSimili" xlink:label="sm-gaap-ci_ImmobilizzazioniImmaterialiConcessioniLicenzeMarchiDirittiSimili"/>
    <calculationArc xlink:type="arc" xlink:arcrole="http://www.xbrl.org/2003/arcrole/summation-item" xlink:from="sm-gaap-ci_TotaleImmobilizzazioniImmateriali" xlink:to="sm-gaap-ci_ImmobilizzazioniImmaterialiConcessioniLicenzeMarchiDirittiSimili" order="4" weight="1" priority="0" use="optional"/>
    <loc xlink:type="locator" xlink:href="sm-gaap-ci-2019-01-24.xsd#sm-gaap-ci_ImmobilizzazioniImmaterialiAvviamentoSeAcquisitoTitoloOneroso" xlink:label="sm-gaap-ci_ImmobilizzazioniImmaterialiAvviamentoSeAcquisitoTitoloOneroso"/>
    <calculationArc xlink:type="arc" xlink:arcrole="http://www.xbrl.org/2003/arcrole/summation-item" xlink:from="sm-gaap-ci_TotaleImmobilizzazioniImmateriali" xlink:to="sm-gaap-ci_ImmobilizzazioniImmaterialiAvviamentoSeAcquisitoTitoloOneroso" order="5" weight="1" priority="0" use="optional"/>
    <loc xlink:type="locator" xlink:href="sm-gaap-ci-2019-01-24.xsd#sm-gaap-ci_ImmobilizzazioniImmaterialiImmobilizzazioniCorsoAcconti" xlink:label="sm-gaap-ci_ImmobilizzazioniImmaterialiImmobilizzazioniCorsoAcconti"/>
    <calculationArc xlink:type="arc" xlink:arcrole="http://www.xbrl.org/2003/arcrole/summation-item" xlink:from="sm-gaap-ci_TotaleImmobilizzazioniImmateriali" xlink:to="sm-gaap-ci_ImmobilizzazioniImmaterialiImmobilizzazioniCorsoAcconti" order="6" weight="1" priority="0" use="optional"/>
    <loc xlink:type="locator" xlink:href="sm-gaap-ci-2019-01-24.xsd#sm-gaap-ci_ImmobilizzazioniImmaterialiAltre" xlink:label="sm-gaap-ci_ImmobilizzazioniImmaterialiAltre"/>
    <calculationArc xlink:type="arc" xlink:arcrole="http://www.xbrl.org/2003/arcrole/summation-item" xlink:from="sm-gaap-ci_TotaleImmobilizzazioniImmateriali" xlink:to="sm-gaap-ci_ImmobilizzazioniImmaterialiAltre" order="7" weight="1" priority="0" use="optional"/>
    <loc xlink:type="locator" xlink:href="sm-gaap-ci-2019-01-24.xsd#sm-gaap-ci_TotaleImmobilizzazioniMateriali" xlink:label="sm-gaap-ci_TotaleImmobilizzazioniMateriali"/>
    <calculationArc xlink:type="arc" xlink:arcrole="http://www.xbrl.org/2003/arcrole/summation-item" xlink:from="sm-gaap-ci_TotaleImmobilizzazioni" xlink:to="sm-gaap-ci_TotaleImmobilizzazioniMateriali" order="2" weight="1" priority="0" use="optional"/>
    <loc xlink:type="locator" xlink:href="sm-gaap-ci-2019-01-24.xsd#sm-gaap-ci_ImmobilizzazioniMaterialiTerreniFabbricati" xlink:label="sm-gaap-ci_ImmobilizzazioniMaterialiTerreniFabbricati"/>
    <calculationArc xlink:type="arc" xlink:arcrole="http://www.xbrl.org/2003/arcrole/summation-item" xlink:from="sm-gaap-ci_TotaleImmobilizzazioniMateriali" xlink:to="sm-gaap-ci_ImmobilizzazioniMaterialiTerreniFabbricati" order="1" weight="1" priority="0" use="optional"/>
    <loc xlink:type="locator" xlink:href="sm-gaap-ci-2019-01-24.xsd#sm-gaap-ci_ImmobilizzazioniMaterialiImpiantiMacchinari" xlink:label="sm-gaap-ci_ImmobilizzazioniMaterialiImpiantiMacchinari"/>
    <calculationArc xlink:type="arc" xlink:arcrole="http://www.xbrl.org/2003/arcrole/summation-item" xlink:from="sm-gaap-ci_TotaleImmobilizzazioniMateriali" xlink:to="sm-gaap-ci_ImmobilizzazioniMaterialiImpiantiMacchinari" order="2" weight="1" priority="0" use="optional"/>
    <loc xlink:type="locator" xlink:href="sm-gaap-ci-2019-01-24.xsd#sm-gaap-ci_ImmobilizzazioniMaterialiAttrezzatureIndustrialiCommerciali" xlink:label="sm-gaap-ci_ImmobilizzazioniMaterialiAttrezzatureIndustrialiCommerciali"/>
    <calculationArc xlink:type="arc" xlink:arcrole="http://www.xbrl.org/2003/arcrole/summation-item" xlink:from="sm-gaap-ci_TotaleImmobilizzazioniMateriali" xlink:to="sm-gaap-ci_ImmobilizzazioniMaterialiAttrezzatureIndustrialiCommerciali" order="3" weight="1" priority="0" use="optional"/>
    <loc xlink:type="locator" xlink:href="sm-gaap-ci-2019-01-24.xsd#sm-gaap-ci_ImmobilizzazioniMaterialiAltriBeni" xlink:label="sm-gaap-ci_ImmobilizzazioniMaterialiAltriBeni"/>
    <calculationArc xlink:type="arc" xlink:arcrole="http://www.xbrl.org/2003/arcrole/summation-item" xlink:from="sm-gaap-ci_TotaleImmobilizzazioniMateriali" xlink:to="sm-gaap-ci_ImmobilizzazioniMaterialiAltriBeni" order="4" weight="1" priority="0" use="optional"/>
    <loc xlink:type="locator" xlink:href="sm-gaap-ci-2019-01-24.xsd#sm-gaap-ci_ImmobilizzazioniMaterialiImmobilizzazioniCorsoAcconti" xlink:label="sm-gaap-ci_ImmobilizzazioniMaterialiImmobilizzazioniCorsoAcconti"/>
    <calculationArc xlink:type="arc" xlink:arcrole="http://www.xbrl.org/2003/arcrole/summation-item" xlink:from="sm-gaap-ci_TotaleImmobilizzazioniMateriali" xlink:to="sm-gaap-ci_ImmobilizzazioniMaterialiImmobilizzazioniCorsoAcconti" order="5" weight="1" priority="0" use="optional"/>
    <loc xlink:type="locator" xlink:href="sm-gaap-ci-2019-01-24.xsd#sm-gaap-ci_TotaleImmobilizzazioniFinanziarie" xlink:label="sm-gaap-ci_TotaleImmobilizzazioniFinanziarie"/>
    <calculationArc xlink:type="arc" xlink:arcrole="http://www.xbrl.org/2003/arcrole/summation-item" xlink:from="sm-gaap-ci_TotaleImmobilizzazioni" xlink:to="sm-gaap-ci_TotaleImmobilizzazioniFinanziarie" order="3" weight="1" priority="0" use="optional"/>
    <loc xlink:type="locator" xlink:href="sm-gaap-ci-2019-01-24.xsd#sm-gaap-ci_ImmobilizzazioniFinanziariePartecipazioniTotalePartecipazioni" xlink:label="sm-gaap-ci_ImmobilizzazioniFinanziariePartecipazioniTotalePartecipazioni"/>
    <calculationArc xlink:type="arc" xlink:arcrole="http://www.xbrl.org/2003/arcrole/summation-item" xlink:from="sm-gaap-ci_TotaleImmobilizzazioniFinanziarie" xlink:to="sm-gaap-ci_ImmobilizzazioniFinanziariePartecipazioniTotalePartecipazioni" order="1" weight="1" priority="0" use="optional"/>
    <loc xlink:type="locator" xlink:href="sm-gaap-ci-2019-01-24.xsd#sm-gaap-ci_ImmobilizzazioniFinanziariePartecipazioniSocietaControllate" xlink:label="sm-gaap-ci_ImmobilizzazioniFinanziariePartecipazioniSocietaControllate"/>
    <calculationArc xlink:type="arc" xlink:arcrole="http://www.xbrl.org/2003/arcrole/summation-item" xlink:from="sm-gaap-ci_ImmobilizzazioniFinanziariePartecipazioniTotalePartecipazioni" xlink:to="sm-gaap-ci_ImmobilizzazioniFinanziariePartecipazioniSocietaControllate" order="1" weight="1" priority="0" use="optional"/>
    <loc xlink:type="locator" xlink:href="sm-gaap-ci-2019-01-24.xsd#sm-gaap-ci_ImmobilizzazioniFinanziariePartecipazioniSocietaCollegate" xlink:label="sm-gaap-ci_ImmobilizzazioniFinanziariePartecipazioniSocietaCollegate"/>
    <calculationArc xlink:type="arc" xlink:arcrole="http://www.xbrl.org/2003/arcrole/summation-item" xlink:from="sm-gaap-ci_ImmobilizzazioniFinanziariePartecipazioniTotalePartecipazioni" xlink:to="sm-gaap-ci_ImmobilizzazioniFinanziariePartecipazioniSocietaCollegate" order="2" weight="1" priority="0" use="optional"/>
    <loc xlink:type="locator" xlink:href="sm-gaap-ci-2019-01-24.xsd#sm-gaap-ci_ImmobilizzazioniFinanziariePartecipazioniSocietaControllanti" xlink:label="sm-gaap-ci_ImmobilizzazioniFinanziariePartecipazioniSocietaControllanti"/>
    <calculationArc xlink:type="arc" xlink:arcrole="http://www.xbrl.org/2003/arcrole/summation-item" xlink:from="sm-gaap-ci_ImmobilizzazioniFinanziariePartecipazioniTotalePartecipazioni" xlink:to="sm-gaap-ci_ImmobilizzazioniFinanziariePartecipazioniSocietaControllanti" order="3" weight="1" priority="0" use="optional"/>
    <loc xlink:type="locator" xlink:href="sm-gaap-ci-2019-01-24.xsd#sm-gaap-ci_ImmobilizzazioniFinanziariePartecipazioniAltreSocieta" xlink:label="sm-gaap-ci_ImmobilizzazioniFinanziariePartecipazioniAltreSocieta"/>
    <calculationArc xlink:type="arc" xlink:arcrole="http://www.xbrl.org/2003/arcrole/summation-item" xlink:from="sm-gaap-ci_ImmobilizzazioniFinanziariePartecipazioniTotalePartecipazioni" xlink:to="sm-gaap-ci_ImmobilizzazioniFinanziariePartecipazioniAltreSocieta" order="4" weight="1" priority="0" use="optional"/>
    <loc xlink:type="locator" xlink:href="sm-gaap-ci-2019-01-24.xsd#sm-gaap-ci_ImmobilizzazioniFinanziarieCreditiTotaleCrediti" xlink:label="sm-gaap-ci_ImmobilizzazioniFinanziarieCreditiTotaleCrediti"/>
    <calculationArc xlink:type="arc" xlink:arcrole="http://www.xbrl.org/2003/arcrole/summation-item" xlink:from="sm-gaap-ci_TotaleImmobilizzazioniFinanziarie" xlink:to="sm-gaap-ci_ImmobilizzazioniFinanziarieCreditiTotaleCrediti" order="2" weight="1" priority="0" use="optional"/>
    <loc xlink:type="locator" xlink:href="sm-gaap-ci-2019-01-24.xsd#sm-gaap-ci_ImmobilizzazioniFinanziarieCreditiVersoSocietaControllateTotaleCreditiVersoSocietaControllate" xlink:label="sm-gaap-ci_ImmobilizzazioniFinanziarieCreditiVersoSocietaControllateTotaleCreditiVersoSocietaControllate"/>
    <calculationArc xlink:type="arc" xlink:arcrole="http://www.xbrl.org/2003/arcrole/summation-item" xlink:from="sm-gaap-ci_ImmobilizzazioniFinanziarieCreditiTotaleCrediti" xlink:to="sm-gaap-ci_ImmobilizzazioniFinanziarieCreditiVersoSocietaControllateTotaleCreditiVersoSocietaControllate" order="1" weight="1" priority="0" use="optional"/>
    <loc xlink:type="locator" xlink:href="sm-gaap-ci-2019-01-24.xsd#sm-gaap-ci_ImmobilizzazioniFinanziarieCreditiVersoSocietaControllateEsigibiliEntroEsercizioSuccessivo" xlink:label="sm-gaap-ci_ImmobilizzazioniFinanziarieCreditiVersoSocietaControllateEsigibiliEntroEsercizioSuccessivo"/>
    <calculationArc xlink:type="arc" xlink:arcrole="http://www.xbrl.org/2003/arcrole/summation-item" xlink:from="sm-gaap-ci_ImmobilizzazioniFinanziarieCreditiVersoSocietaControllateTotaleCreditiVersoSocietaControllate" xlink:to="sm-gaap-ci_ImmobilizzazioniFinanziarieCreditiVersoSocietaControllateEsigibiliEntroEsercizioSuccessivo" order="1" weight="1" priority="0" use="optional"/>
    <loc xlink:type="locator" xlink:href="sm-gaap-ci-2019-01-24.xsd#sm-gaap-ci_ImmobilizzazioniFinanziarieCreditiVersoSocietaControllateEsigibiliOltreEsercizioSuccessivo" xlink:label="sm-gaap-ci_ImmobilizzazioniFinanziarieCreditiVersoSocietaControllateEsigibiliOltreEsercizioSuccessivo"/>
    <calculationArc xlink:type="arc" xlink:arcrole="http://www.xbrl.org/2003/arcrole/summation-item" xlink:from="sm-gaap-ci_ImmobilizzazioniFinanziarieCreditiVersoSocietaControllateTotaleCreditiVersoSocietaControllate" xlink:to="sm-gaap-ci_ImmobilizzazioniFinanziarieCreditiVersoSocietaControllateEsigibiliOltreEsercizioSuccessivo" order="2" weight="1" priority="0" use="optional"/>
    <loc xlink:type="locator" xlink:href="sm-gaap-ci-2019-01-24.xsd#sm-gaap-ci_ImmobilizzazioniFinanziarieCreditiVersoSocietaCollegateTotaleCreditiVersoSocietaCollegate" xlink:label="sm-gaap-ci_ImmobilizzazioniFinanziarieCreditiVersoSocietaCollegateTotaleCreditiVersoSocietaCollegate"/>
    <calculationArc xlink:type="arc" xlink:arcrole="http://www.xbrl.org/2003/arcrole/summation-item" xlink:from="sm-gaap-ci_ImmobilizzazioniFinanziarieCreditiTotaleCrediti" xlink:to="sm-gaap-ci_ImmobilizzazioniFinanziarieCreditiVersoSocietaCollegateTotaleCreditiVersoSocietaCollegate" order="2" weight="1" priority="0" use="optional"/>
    <loc xlink:type="locator" xlink:href="sm-gaap-ci-2019-01-24.xsd#sm-gaap-ci_ImmobilizzazioniFinanziarieCreditiVersoSocietaCollegateEsigibiliEntroEsercizioSuccessivo" xlink:label="sm-gaap-ci_ImmobilizzazioniFinanziarieCreditiVersoSocietaCollegateEsigibiliEntroEsercizioSuccessivo"/>
    <calculationArc xlink:type="arc" xlink:arcrole="http://www.xbrl.org/2003/arcrole/summation-item" xlink:from="sm-gaap-ci_ImmobilizzazioniFinanziarieCreditiVersoSocietaCollegateTotaleCreditiVersoSocietaCollegate" xlink:to="sm-gaap-ci_ImmobilizzazioniFinanziarieCreditiVersoSocietaCollegateEsigibiliEntroEsercizioSuccessivo" order="1" weight="1" priority="0" use="optional"/>
    <loc xlink:type="locator" xlink:href="sm-gaap-ci-2019-01-24.xsd#sm-gaap-ci_ImmobilizzazioniFinanziarieCreditiVersoSocietaCollegateEsigibiliOltreEsercizioSuccessivo" xlink:label="sm-gaap-ci_ImmobilizzazioniFinanziarieCreditiVersoSocietaCollegateEsigibiliOltreEsercizioSuccessivo"/>
    <calculationArc xlink:type="arc" xlink:arcrole="http://www.xbrl.org/2003/arcrole/summation-item" xlink:from="sm-gaap-ci_ImmobilizzazioniFinanziarieCreditiVersoSocietaCollegateTotaleCreditiVersoSocietaCollegate" xlink:to="sm-gaap-ci_ImmobilizzazioniFinanziarieCreditiVersoSocietaCollegateEsigibiliOltreEsercizioSuccessivo" order="2" weight="1" priority="0" use="optional"/>
    <loc xlink:type="locator" xlink:href="sm-gaap-ci-2019-01-24.xsd#sm-gaap-ci_ImmobilizzazioniFinanziarieCreditiVersoControllantiTotaleCreditiVersoControllanti" xlink:label="sm-gaap-ci_ImmobilizzazioniFinanziarieCreditiVersoControllantiTotaleCreditiVersoControllanti"/>
    <calculationArc xlink:type="arc" xlink:arcrole="http://www.xbrl.org/2003/arcrole/summation-item" xlink:from="sm-gaap-ci_ImmobilizzazioniFinanziarieCreditiTotaleCrediti" xlink:to="sm-gaap-ci_ImmobilizzazioniFinanziarieCreditiVersoControllantiTotaleCreditiVersoControllanti" order="3" weight="1" priority="0" use="optional"/>
    <loc xlink:type="locator" xlink:href="sm-gaap-ci-2019-01-24.xsd#sm-gaap-ci_ImmobilizzazioniFinanziarieCreditiVersoControllantiEsigibiliEntroEsercizioSuccessivo" xlink:label="sm-gaap-ci_ImmobilizzazioniFinanziarieCreditiVersoControllantiEsigibiliEntroEsercizioSuccessivo"/>
    <calculationArc xlink:type="arc" xlink:arcrole="http://www.xbrl.org/2003/arcrole/summation-item" xlink:from="sm-gaap-ci_ImmobilizzazioniFinanziarieCreditiVersoControllantiTotaleCreditiVersoControllanti" xlink:to="sm-gaap-ci_ImmobilizzazioniFinanziarieCreditiVersoControllantiEsigibiliEntroEsercizioSuccessivo" order="1" weight="1" priority="0" use="optional"/>
    <loc xlink:type="locator" xlink:href="sm-gaap-ci-2019-01-24.xsd#sm-gaap-ci_ImmobilizzazioniFinanziarieCreditiVersoControllantiEsigibiliOltreEsercizioSuccessivo" xlink:label="sm-gaap-ci_ImmobilizzazioniFinanziarieCreditiVersoControllantiEsigibiliOltreEsercizioSuccessivo"/>
    <calculationArc xlink:type="arc" xlink:arcrole="http://www.xbrl.org/2003/arcrole/summation-item" xlink:from="sm-gaap-ci_ImmobilizzazioniFinanziarieCreditiVersoControllantiTotaleCreditiVersoControllanti" xlink:to="sm-gaap-ci_ImmobilizzazioniFinanziarieCreditiVersoControllantiEsigibiliOltreEsercizioSuccessivo" order="2" weight="1" priority="0" use="optional"/>
    <loc xlink:type="locator" xlink:href="sm-gaap-ci-2019-01-24.xsd#sm-gaap-ci_ImmobilizzazioniFinanziarieCreditiVersoAltriTotaleCreditiVersoAltri" xlink:label="sm-gaap-ci_ImmobilizzazioniFinanziarieCreditiVersoAltriTotaleCreditiVersoAltri"/>
    <calculationArc xlink:type="arc" xlink:arcrole="http://www.xbrl.org/2003/arcrole/summation-item" xlink:from="sm-gaap-ci_ImmobilizzazioniFinanziarieCreditiTotaleCrediti" xlink:to="sm-gaap-ci_ImmobilizzazioniFinanziarieCreditiVersoAltriTotaleCreditiVersoAltri" order="4" weight="1" priority="0" use="optional"/>
    <loc xlink:type="locator" xlink:href="sm-gaap-ci-2019-01-24.xsd#sm-gaap-ci_ImmobilizzazioniFinanziarieCreditiVersoAltriEsigibiliEntroEsercizioSuccessivo" xlink:label="sm-gaap-ci_ImmobilizzazioniFinanziarieCreditiVersoAltriEsigibiliEntroEsercizioSuccessivo"/>
    <calculationArc xlink:type="arc" xlink:arcrole="http://www.xbrl.org/2003/arcrole/summation-item" xlink:from="sm-gaap-ci_ImmobilizzazioniFinanziarieCreditiVersoAltriTotaleCreditiVersoAltri" xlink:to="sm-gaap-ci_ImmobilizzazioniFinanziarieCreditiVersoAltriEsigibiliEntroEsercizioSuccessivo" order="1" weight="1" priority="0" use="optional"/>
    <loc xlink:type="locator" xlink:href="sm-gaap-ci-2019-01-24.xsd#sm-gaap-ci_ImmobilizzazioniFinanziarieCreditiVersoAltriEsigibiliOltreEsercizioSuccessivo" xlink:label="sm-gaap-ci_ImmobilizzazioniFinanziarieCreditiVersoAltriEsigibiliOltreEsercizioSuccessivo"/>
    <calculationArc xlink:type="arc" xlink:arcrole="http://www.xbrl.org/2003/arcrole/summation-item" xlink:from="sm-gaap-ci_ImmobilizzazioniFinanziarieCreditiVersoAltriTotaleCreditiVersoAltri" xlink:to="sm-gaap-ci_ImmobilizzazioniFinanziarieCreditiVersoAltriEsigibiliOltreEsercizioSuccessivo" order="2" weight="1" priority="0" use="optional"/>
    <loc xlink:type="locator" xlink:href="sm-gaap-ci-2019-01-24.xsd#sm-gaap-ci_ImmobilizzazioniFinanziarieAltriTitoli" xlink:label="sm-gaap-ci_ImmobilizzazioniFinanziarieAltriTitoli"/>
    <calculationArc xlink:type="arc" xlink:arcrole="http://www.xbrl.org/2003/arcrole/summation-item" xlink:from="sm-gaap-ci_TotaleImmobilizzazioniFinanziarie" xlink:to="sm-gaap-ci_ImmobilizzazioniFinanziarieAltriTitoli" order="3" weight="1" priority="0" use="optional"/>
    <loc xlink:type="locator" xlink:href="sm-gaap-ci-2019-01-24.xsd#sm-gaap-ci_ImmobilizzazioniFinanziarieAzioniProprie" xlink:label="sm-gaap-ci_ImmobilizzazioniFinanziarieAzioniProprie"/>
    <calculationArc xlink:type="arc" xlink:arcrole="http://www.xbrl.org/2003/arcrole/summation-item" xlink:from="sm-gaap-ci_TotaleImmobilizzazioniFinanziarie" xlink:to="sm-gaap-ci_ImmobilizzazioniFinanziarieAzioniProprie" order="4" weight="1" priority="0" use="optional"/>
    <loc xlink:type="locator" xlink:href="sm-gaap-ci-2019-01-24.xsd#sm-gaap-ci_TotaleAttivoCircolante" xlink:label="sm-gaap-ci_TotaleAttivoCircolante"/>
    <calculationArc xlink:type="arc" xlink:arcrole="http://www.xbrl.org/2003/arcrole/summation-item" xlink:from="sm-gaap-ci_TotaleAttivo" xlink:to="sm-gaap-ci_TotaleAttivoCircolante" order="3" weight="1" priority="0" use="optional"/>
    <loc xlink:type="locator" xlink:href="sm-gaap-ci-2019-01-24.xsd#sm-gaap-ci_TotaleRimanenze" xlink:label="sm-gaap-ci_TotaleRimanenze"/>
    <calculationArc xlink:type="arc" xlink:arcrole="http://www.xbrl.org/2003/arcrole/summation-item" xlink:from="sm-gaap-ci_TotaleAttivoCircolante" xlink:to="sm-gaap-ci_TotaleRimanenze" order="1" weight="1" priority="0" use="optional"/>
    <loc xlink:type="locator" xlink:href="sm-gaap-ci-2019-01-24.xsd#sm-gaap-ci_RimanenzeMateriePrimeSussidiarieConsumo" xlink:label="sm-gaap-ci_RimanenzeMateriePrimeSussidiarieConsumo"/>
    <calculationArc xlink:type="arc" xlink:arcrole="http://www.xbrl.org/2003/arcrole/summation-item" xlink:from="sm-gaap-ci_TotaleRimanenze" xlink:to="sm-gaap-ci_RimanenzeMateriePrimeSussidiarieConsumo" order="1" weight="1" priority="0" use="optional"/>
    <loc xlink:type="locator" xlink:href="sm-gaap-ci-2019-01-24.xsd#sm-gaap-ci_RimanenzeProdottiCorsoLavorazioneSemilavorati" xlink:label="sm-gaap-ci_RimanenzeProdottiCorsoLavorazioneSemilavorati"/>
    <calculationArc xlink:type="arc" xlink:arcrole="http://www.xbrl.org/2003/arcrole/summation-item" xlink:from="sm-gaap-ci_TotaleRimanenze" xlink:to="sm-gaap-ci_RimanenzeProdottiCorsoLavorazioneSemilavorati" order="2" weight="1" priority="0" use="optional"/>
    <loc xlink:type="locator" xlink:href="sm-gaap-ci-2019-01-24.xsd#sm-gaap-ci_RimanenzeLavoriCorsoOrdinazione" xlink:label="sm-gaap-ci_RimanenzeLavoriCorsoOrdinazione"/>
    <calculationArc xlink:type="arc" xlink:arcrole="http://www.xbrl.org/2003/arcrole/summation-item" xlink:from="sm-gaap-ci_TotaleRimanenze" xlink:to="sm-gaap-ci_RimanenzeLavoriCorsoOrdinazione" order="3" weight="1" priority="0" use="optional"/>
    <loc xlink:type="locator" xlink:href="sm-gaap-ci-2019-01-24.xsd#sm-gaap-ci_RimanenzeProdottiFinitiMerci" xlink:label="sm-gaap-ci_RimanenzeProdottiFinitiMerci"/>
    <calculationArc xlink:type="arc" xlink:arcrole="http://www.xbrl.org/2003/arcrole/summation-item" xlink:from="sm-gaap-ci_TotaleRimanenze" xlink:to="sm-gaap-ci_RimanenzeProdottiFinitiMerci" order="4" weight="1" priority="0" use="optional"/>
    <loc xlink:type="locator" xlink:href="sm-gaap-ci-2019-01-24.xsd#sm-gaap-ci_RimanenzeAcconti" xlink:label="sm-gaap-ci_RimanenzeAcconti"/>
    <calculationArc xlink:type="arc" xlink:arcrole="http://www.xbrl.org/2003/arcrole/summation-item" xlink:from="sm-gaap-ci_TotaleRimanenze" xlink:to="sm-gaap-ci_RimanenzeAcconti" order="5" weight="1" priority="0" use="optional"/>
    <loc xlink:type="locator" xlink:href="sm-gaap-ci-2019-01-24.xsd#sm-gaap-ci_TotaleCrediti" xlink:label="sm-gaap-ci_TotaleCrediti"/>
    <calculationArc xlink:type="arc" xlink:arcrole="http://www.xbrl.org/2003/arcrole/summation-item" xlink:from="sm-gaap-ci_TotaleAttivoCircolante" xlink:to="sm-gaap-ci_TotaleCrediti" order="2" weight="1" priority="0" use="optional"/>
    <loc xlink:type="locator" xlink:href="sm-gaap-ci-2019-01-24.xsd#sm-gaap-ci_CreditiVersoClientiTotaleCreditiVersoClienti" xlink:label="sm-gaap-ci_CreditiVersoClientiTotaleCreditiVersoClienti"/>
    <calculationArc xlink:type="arc" xlink:arcrole="http://www.xbrl.org/2003/arcrole/summation-item" xlink:from="sm-gaap-ci_TotaleCrediti" xlink:to="sm-gaap-ci_CreditiVersoClientiTotaleCreditiVersoClienti" order="1" weight="1" priority="0" use="optional"/>
    <loc xlink:type="locator" xlink:href="sm-gaap-ci-2019-01-24.xsd#sm-gaap-ci_CreditiVersoClientiEsigibiliEntroEsercizioSuccessivo" xlink:label="sm-gaap-ci_CreditiVersoClientiEsigibiliEntroEsercizioSuccessivo"/>
    <calculationArc xlink:type="arc" xlink:arcrole="http://www.xbrl.org/2003/arcrole/summation-item" xlink:from="sm-gaap-ci_CreditiVersoClientiTotaleCreditiVersoClienti" xlink:to="sm-gaap-ci_CreditiVersoClientiEsigibiliEntroEsercizioSuccessivo" order="1" weight="1" priority="0" use="optional"/>
    <loc xlink:type="locator" xlink:href="sm-gaap-ci-2019-01-24.xsd#sm-gaap-ci_CreditiVersoClientiEsigibiliOltreEsercizioSuccessivo" xlink:label="sm-gaap-ci_CreditiVersoClientiEsigibiliOltreEsercizioSuccessivo"/>
    <calculationArc xlink:type="arc" xlink:arcrole="http://www.xbrl.org/2003/arcrole/summation-item" xlink:from="sm-gaap-ci_CreditiVersoClientiTotaleCreditiVersoClienti" xlink:to="sm-gaap-ci_CreditiVersoClientiEsigibiliOltreEsercizioSuccessivo" order="2" weight="1" priority="0" use="optional"/>
    <loc xlink:type="locator" xlink:href="sm-gaap-ci-2019-01-24.xsd#sm-gaap-ci_CreditiVersoSocietaControllateTotaleCreditiVersoSocietaControllate" xlink:label="sm-gaap-ci_CreditiVersoSocietaControllateTotaleCreditiVersoSocietaControllate"/>
    <calculationArc xlink:type="arc" xlink:arcrole="http://www.xbrl.org/2003/arcrole/summation-item" xlink:from="sm-gaap-ci_TotaleCrediti" xlink:to="sm-gaap-ci_CreditiVersoSocietaControllateTotaleCreditiVersoSocietaControllate" order="2" weight="1" priority="0" use="optional"/>
    <loc xlink:type="locator" xlink:href="sm-gaap-ci-2019-01-24.xsd#sm-gaap-ci_CreditiVersoSocietaControllateEsigibiliEntroEsercizioSuccessivo" xlink:label="sm-gaap-ci_CreditiVersoSocietaControllateEsigibiliEntroEsercizioSuccessivo"/>
    <calculationArc xlink:type="arc" xlink:arcrole="http://www.xbrl.org/2003/arcrole/summation-item" xlink:from="sm-gaap-ci_CreditiVersoSocietaControllateTotaleCreditiVersoSocietaControllate" xlink:to="sm-gaap-ci_CreditiVersoSocietaControllateEsigibiliEntroEsercizioSuccessivo" order="1" weight="1" priority="0" use="optional"/>
    <loc xlink:type="locator" xlink:href="sm-gaap-ci-2019-01-24.xsd#sm-gaap-ci_CreditiVersoSocietaControllateEsigibiliOltreEsercizioSuccessivo" xlink:label="sm-gaap-ci_CreditiVersoSocietaControllateEsigibiliOltreEsercizioSuccessivo"/>
    <calculationArc xlink:type="arc" xlink:arcrole="http://www.xbrl.org/2003/arcrole/summation-item" xlink:from="sm-gaap-ci_CreditiVersoSocietaControllateTotaleCreditiVersoSocietaControllate" xlink:to="sm-gaap-ci_CreditiVersoSocietaControllateEsigibiliOltreEsercizioSuccessivo" order="2" weight="1" priority="0" use="optional"/>
    <loc xlink:type="locator" xlink:href="sm-gaap-ci-2019-01-24.xsd#sm-gaap-ci_CreditiVersoSocietaCollegateTotaleCreditiVersoSocietaCollegate" xlink:label="sm-gaap-ci_CreditiVersoSocietaCollegateTotaleCreditiVersoSocietaCollegate"/>
    <calculationArc xlink:type="arc" xlink:arcrole="http://www.xbrl.org/2003/arcrole/summation-item" xlink:from="sm-gaap-ci_TotaleCrediti" xlink:to="sm-gaap-ci_CreditiVersoSocietaCollegateTotaleCreditiVersoSocietaCollegate" order="3" weight="1" priority="0" use="optional"/>
    <loc xlink:type="locator" xlink:href="sm-gaap-ci-2019-01-24.xsd#sm-gaap-ci_CreditiVersoSocietaCollegateEsigibiliEntroEsercizioSuccessivo" xlink:label="sm-gaap-ci_CreditiVersoSocietaCollegateEsigibiliEntroEsercizioSuccessivo"/>
    <calculationArc xlink:type="arc" xlink:arcrole="http://www.xbrl.org/2003/arcrole/summation-item" xlink:from="sm-gaap-ci_CreditiVersoSocietaCollegateTotaleCreditiVersoSocietaCollegate" xlink:to="sm-gaap-ci_CreditiVersoSocietaCollegateEsigibiliEntroEsercizioSuccessivo" order="1" weight="1" priority="0" use="optional"/>
    <loc xlink:type="locator" xlink:href="sm-gaap-ci-2019-01-24.xsd#sm-gaap-ci_CreditiVersoSocietaCollegateEsigibiliOltreEsercizioSuccessivo" xlink:label="sm-gaap-ci_CreditiVersoSocietaCollegateEsigibiliOltreEsercizioSuccessivo"/>
    <calculationArc xlink:type="arc" xlink:arcrole="http://www.xbrl.org/2003/arcrole/summation-item" xlink:from="sm-gaap-ci_CreditiVersoSocietaCollegateTotaleCreditiVersoSocietaCollegate" xlink:to="sm-gaap-ci_CreditiVersoSocietaCollegateEsigibiliOltreEsercizioSuccessivo" order="2" weight="1" priority="0" use="optional"/>
    <loc xlink:type="locator" xlink:href="sm-gaap-ci-2019-01-24.xsd#sm-gaap-ci_CreditiVersoControllantiTotaleCreditiVersoControllanti" xlink:label="sm-gaap-ci_CreditiVersoControllantiTotaleCreditiVersoControllanti"/>
    <calculationArc xlink:type="arc" xlink:arcrole="http://www.xbrl.org/2003/arcrole/summation-item" xlink:from="sm-gaap-ci_TotaleCrediti" xlink:to="sm-gaap-ci_CreditiVersoControllantiTotaleCreditiVersoControllanti" order="4" weight="1" priority="0" use="optional"/>
    <loc xlink:type="locator" xlink:href="sm-gaap-ci-2019-01-24.xsd#sm-gaap-ci_CreditiVersoControllantiEsigibiliEntroEsercizioSuccessivo" xlink:label="sm-gaap-ci_CreditiVersoControllantiEsigibiliEntroEsercizioSuccessivo"/>
    <calculationArc xlink:type="arc" xlink:arcrole="http://www.xbrl.org/2003/arcrole/summation-item" xlink:from="sm-gaap-ci_CreditiVersoControllantiTotaleCreditiVersoControllanti" xlink:to="sm-gaap-ci_CreditiVersoControllantiEsigibiliEntroEsercizioSuccessivo" order="1" weight="1" priority="0" use="optional"/>
    <loc xlink:type="locator" xlink:href="sm-gaap-ci-2019-01-24.xsd#sm-gaap-ci_CreditiVersoControllantiEsigibiliOltreEsercizioSuccessivo" xlink:label="sm-gaap-ci_CreditiVersoControllantiEsigibiliOltreEsercizioSuccessivo"/>
    <calculationArc xlink:type="arc" xlink:arcrole="http://www.xbrl.org/2003/arcrole/summation-item" xlink:from="sm-gaap-ci_CreditiVersoControllantiTotaleCreditiVersoControllanti" xlink:to="sm-gaap-ci_CreditiVersoControllantiEsigibiliOltreEsercizioSuccessivo" order="2" weight="1" priority="0" use="optional"/>
    <loc xlink:type="locator" xlink:href="sm-gaap-ci-2019-01-24.xsd#sm-gaap-ci_CreditiCreditiTributariTotaleCreditiTributari" xlink:label="sm-gaap-ci_CreditiCreditiTributariTotaleCreditiTributari"/>
    <calculationArc xlink:type="arc" xlink:arcrole="http://www.xbrl.org/2003/arcrole/summation-item" xlink:from="sm-gaap-ci_TotaleCrediti" xlink:to="sm-gaap-ci_CreditiCreditiTributariTotaleCreditiTributari" order="5" weight="1" priority="0" use="optional"/>
    <loc xlink:type="locator" xlink:href="sm-gaap-ci-2019-01-24.xsd#sm-gaap-ci_CreditiCreditiTributariEsigibiliEntroEsercizioSuccessivo" xlink:label="sm-gaap-ci_CreditiCreditiTributariEsigibiliEntroEsercizioSuccessivo"/>
    <calculationArc xlink:type="arc" xlink:arcrole="http://www.xbrl.org/2003/arcrole/summation-item" xlink:from="sm-gaap-ci_CreditiCreditiTributariTotaleCreditiTributari" xlink:to="sm-gaap-ci_CreditiCreditiTributariEsigibiliEntroEsercizioSuccessivo" order="1" weight="1" priority="0" use="optional"/>
    <loc xlink:type="locator" xlink:href="sm-gaap-ci-2019-01-24.xsd#sm-gaap-ci_CreditiCreditiTributariEsigibiliOltreEsercizioSuccessivo" xlink:label="sm-gaap-ci_CreditiCreditiTributariEsigibiliOltreEsercizioSuccessivo"/>
    <calculationArc xlink:type="arc" xlink:arcrole="http://www.xbrl.org/2003/arcrole/summation-item" xlink:from="sm-gaap-ci_CreditiCreditiTributariTotaleCreditiTributari" xlink:to="sm-gaap-ci_CreditiCreditiTributariEsigibiliOltreEsercizioSuccessivo" order="2" weight="1" priority="0" use="optional"/>
    <loc xlink:type="locator" xlink:href="sm-gaap-ci-2019-01-24.xsd#sm-gaap-ci_CreditiVersoAltriTotaleCreditiVersoAltri" xlink:label="sm-gaap-ci_CreditiVersoAltriTotaleCreditiVersoAltri"/>
    <calculationArc xlink:type="arc" xlink:arcrole="http://www.xbrl.org/2003/arcrole/summation-item" xlink:from="sm-gaap-ci_TotaleCrediti" xlink:to="sm-gaap-ci_CreditiVersoAltriTotaleCreditiVersoAltri" order="6" weight="1" priority="0" use="optional"/>
    <loc xlink:type="locator" xlink:href="sm-gaap-ci-2019-01-24.xsd#sm-gaap-ci_CreditiVersoAltriEsigibiliEntroEsercizioSuccessivo" xlink:label="sm-gaap-ci_CreditiVersoAltriEsigibiliEntroEsercizioSuccessivo"/>
    <calculationArc xlink:type="arc" xlink:arcrole="http://www.xbrl.org/2003/arcrole/summation-item" xlink:from="sm-gaap-ci_CreditiVersoAltriTotaleCreditiVersoAltri" xlink:to="sm-gaap-ci_CreditiVersoAltriEsigibiliEntroEsercizioSuccessivo" order="1" weight="1" priority="0" use="optional"/>
    <loc xlink:type="locator" xlink:href="sm-gaap-ci-2019-01-24.xsd#sm-gaap-ci_CreditiVersoAltriEsigibiliOltreEsercizioSuccessivo" xlink:label="sm-gaap-ci_CreditiVersoAltriEsigibiliOltreEsercizioSuccessivo"/>
    <calculationArc xlink:type="arc" xlink:arcrole="http://www.xbrl.org/2003/arcrole/summation-item" xlink:from="sm-gaap-ci_CreditiVersoAltriTotaleCreditiVersoAltri" xlink:to="sm-gaap-ci_CreditiVersoAltriEsigibiliOltreEsercizioSuccessivo" order="2" weight="1" priority="0" use="optional"/>
    <loc xlink:type="locator" xlink:href="sm-gaap-ci-2019-01-24.xsd#sm-gaap-ci_TotaleAttivitaFinanziarieNonCostituisconoImmobilizzazioni" xlink:label="sm-gaap-ci_TotaleAttivitaFinanziarieNonCostituisconoImmobilizzazioni"/>
    <calculationArc xlink:type="arc" xlink:arcrole="http://www.xbrl.org/2003/arcrole/summation-item" xlink:from="sm-gaap-ci_TotaleAttivoCircolante" xlink:to="sm-gaap-ci_TotaleAttivitaFinanziarieNonCostituisconoImmobilizzazioni" order="3" weight="1" priority="0" use="optional"/>
    <loc xlink:type="locator" xlink:href="sm-gaap-ci-2019-01-24.xsd#sm-gaap-ci_AttivitaFinanziarieNonCostituisconoImmobilizzazioniPartecipazioniSocietaControllate" xlink:label="sm-gaap-ci_AttivitaFinanziarieNonCostituisconoImmobilizzazioniPartecipazioniSocietaControllate"/>
    <calculationArc xlink:type="arc" xlink:arcrole="http://www.xbrl.org/2003/arcrole/summation-item" xlink:from="sm-gaap-ci_TotaleAttivitaFinanziarieNonCostituisconoImmobilizzazioni" xlink:to="sm-gaap-ci_AttivitaFinanziarieNonCostituisconoImmobilizzazioniPartecipazioniSocietaControllate" order="1" weight="1" priority="0" use="optional"/>
    <loc xlink:type="locator" xlink:href="sm-gaap-ci-2019-01-24.xsd#sm-gaap-ci_AttivitaFinanziarieNonCostituisconoImmobilizzazioniPartecipazioniSocietaCollegate" xlink:label="sm-gaap-ci_AttivitaFinanziarieNonCostituisconoImmobilizzazioniPartecipazioniSocietaCollegate"/>
    <calculationArc xlink:type="arc" xlink:arcrole="http://www.xbrl.org/2003/arcrole/summation-item" xlink:from="sm-gaap-ci_TotaleAttivitaFinanziarieNonCostituisconoImmobilizzazioni" xlink:to="sm-gaap-ci_AttivitaFinanziarieNonCostituisconoImmobilizzazioniPartecipazioniSocietaCollegate" order="2" weight="1" priority="0" use="optional"/>
    <loc xlink:type="locator" xlink:href="sm-gaap-ci-2019-01-24.xsd#sm-gaap-ci_AttivitaFinanziarieNonCostituisconoImmobilizzazioniPartecipazioniSocietaControllanti" xlink:label="sm-gaap-ci_AttivitaFinanziarieNonCostituisconoImmobilizzazioniPartecipazioniSocietaControllanti"/>
    <calculationArc xlink:type="arc" xlink:arcrole="http://www.xbrl.org/2003/arcrole/summation-item" xlink:from="sm-gaap-ci_TotaleAttivitaFinanziarieNonCostituisconoImmobilizzazioni" xlink:to="sm-gaap-ci_AttivitaFinanziarieNonCostituisconoImmobilizzazioniPartecipazioniSocietaControllanti" order="3" weight="1" priority="0" use="optional"/>
    <loc xlink:type="locator" xlink:href="sm-gaap-ci-2019-01-24.xsd#sm-gaap-ci_AttivitaFinanziarieNonCostituisconoImmobilizzazioniAltrePartecipazioni" xlink:label="sm-gaap-ci_AttivitaFinanziarieNonCostituisconoImmobilizzazioniAltrePartecipazioni"/>
    <calculationArc xlink:type="arc" xlink:arcrole="http://www.xbrl.org/2003/arcrole/summation-item" xlink:from="sm-gaap-ci_TotaleAttivitaFinanziarieNonCostituisconoImmobilizzazioni" xlink:to="sm-gaap-ci_AttivitaFinanziarieNonCostituisconoImmobilizzazioniAltrePartecipazioni" order="4" weight="1" priority="0" use="optional"/>
    <loc xlink:type="locator" xlink:href="sm-gaap-ci-2019-01-24.xsd#sm-gaap-ci_AttivitaFinanziarieNonCostituisconoImmobilizzazioniAltriTitoli" xlink:label="sm-gaap-ci_AttivitaFinanziarieNonCostituisconoImmobilizzazioniAltriTitoli"/>
    <calculationArc xlink:type="arc" xlink:arcrole="http://www.xbrl.org/2003/arcrole/summation-item" xlink:from="sm-gaap-ci_TotaleAttivitaFinanziarieNonCostituisconoImmobilizzazioni" xlink:to="sm-gaap-ci_AttivitaFinanziarieNonCostituisconoImmobilizzazioniAltriTitoli" order="5" weight="1" priority="0" use="optional"/>
    <loc xlink:type="locator" xlink:href="sm-gaap-ci-2019-01-24.xsd#sm-gaap-ci_AttivitaFinanziarieNonCostituisconoImmobilizzazioniAzioniProprie" xlink:label="sm-gaap-ci_AttivitaFinanziarieNonCostituisconoImmobilizzazioniAzioniProprie"/>
    <calculationArc xlink:type="arc" xlink:arcrole="http://www.xbrl.org/2003/arcrole/summation-item" xlink:from="sm-gaap-ci_TotaleAttivitaFinanziarieNonCostituisconoImmobilizzazioni" xlink:to="sm-gaap-ci_AttivitaFinanziarieNonCostituisconoImmobilizzazioniAzioniProprie" order="6" weight="1" priority="0" use="optional"/>
    <loc xlink:type="locator" xlink:href="sm-gaap-ci-2019-01-24.xsd#sm-gaap-ci_TotaleDisponibilitaLiquide" xlink:label="sm-gaap-ci_TotaleDisponibilitaLiquide"/>
    <calculationArc xlink:type="arc" xlink:arcrole="http://www.xbrl.org/2003/arcrole/summation-item" xlink:from="sm-gaap-ci_TotaleAttivoCircolante" xlink:to="sm-gaap-ci_TotaleDisponibilitaLiquide" order="4" weight="1" priority="0" use="optional"/>
    <loc xlink:type="locator" xlink:href="sm-gaap-ci-2019-01-24.xsd#sm-gaap-ci_DisponibilitaLiquideDepositiBancariPostali" xlink:label="sm-gaap-ci_DisponibilitaLiquideDepositiBancariPostali"/>
    <calculationArc xlink:type="arc" xlink:arcrole="http://www.xbrl.org/2003/arcrole/summation-item" xlink:from="sm-gaap-ci_TotaleDisponibilitaLiquide" xlink:to="sm-gaap-ci_DisponibilitaLiquideDepositiBancariPostali" order="1" weight="1" priority="0" use="optional"/>
    <loc xlink:type="locator" xlink:href="sm-gaap-ci-2019-01-24.xsd#sm-gaap-ci_DisponibilitaLiquideDenaroValoriCassa" xlink:label="sm-gaap-ci_DisponibilitaLiquideDenaroValoriCassa"/>
    <calculationArc xlink:type="arc" xlink:arcrole="http://www.xbrl.org/2003/arcrole/summation-item" xlink:from="sm-gaap-ci_TotaleDisponibilitaLiquide" xlink:to="sm-gaap-ci_DisponibilitaLiquideDenaroValoriCassa" order="2" weight="1" priority="0" use="optional"/>
    <loc xlink:type="locator" xlink:href="sm-gaap-ci-2019-01-24.xsd#sm-gaap-ci_ImmobilizzazioniTecnicheDestinateVendita" xlink:label="sm-gaap-ci_ImmobilizzazioniTecnicheDestinateVendita"/>
    <calculationArc xlink:type="arc" xlink:arcrole="http://www.xbrl.org/2003/arcrole/summation-item" xlink:from="sm-gaap-ci_TotaleAttivoCircolante" xlink:to="sm-gaap-ci_ImmobilizzazioniTecnicheDestinateVendita" order="5" weight="1" priority="0" use="optional"/>
    <loc xlink:type="locator" xlink:href="sm-gaap-ci-2019-01-24.xsd#sm-gaap-ci_AttivoRateiRiscontiTotaleRateiRisconti" xlink:label="sm-gaap-ci_AttivoRateiRiscontiTotaleRateiRisconti"/>
    <calculationArc xlink:type="arc" xlink:arcrole="http://www.xbrl.org/2003/arcrole/summation-item" xlink:from="sm-gaap-ci_TotaleAttivo" xlink:to="sm-gaap-ci_AttivoRateiRiscontiTotaleRateiRisconti" order="4" weight="1" priority="0" use="optional"/>
    <loc xlink:type="locator" xlink:href="sm-gaap-ci-2019-01-24.xsd#sm-gaap-ci_AttivoRateiRiscontiRateiRiscontiAttivi" xlink:label="sm-gaap-ci_AttivoRateiRiscontiRateiRiscontiAttivi"/>
    <calculationArc xlink:type="arc" xlink:arcrole="http://www.xbrl.org/2003/arcrole/summation-item" xlink:from="sm-gaap-ci_AttivoRateiRiscontiTotaleRateiRisconti" xlink:to="sm-gaap-ci_AttivoRateiRiscontiRateiRiscontiAttivi" order="1" weight="1" priority="0" use="optional"/>
    <loc xlink:type="locator" xlink:href="sm-gaap-ci-2019-01-24.xsd#sm-gaap-ci_TotalePassivo" xlink:label="sm-gaap-ci_TotalePassivo"/>
    <loc xlink:type="locator" xlink:href="sm-gaap-ci-2019-01-24.xsd#sm-gaap-ci_TotalePatrimonioNetto" xlink:label="sm-gaap-ci_TotalePatrimonioNetto"/>
    <calculationArc xlink:type="arc" xlink:arcrole="http://www.xbrl.org/2003/arcrole/summation-item" xlink:from="sm-gaap-ci_TotalePassivo" xlink:to="sm-gaap-ci_TotalePatrimonioNetto" order="1" weight="1" priority="0" use="optional"/>
    <loc xlink:type="locator" xlink:href="sm-gaap-ci-2019-01-24.xsd#sm-gaap-ci_PatrimonioNettoCapitale" xlink:label="sm-gaap-ci_PatrimonioNettoCapitale"/>
    <calculationArc xlink:type="arc" xlink:arcrole="http://www.xbrl.org/2003/arcrole/summation-item" xlink:from="sm-gaap-ci_TotalePatrimonioNetto" xlink:to="sm-gaap-ci_PatrimonioNettoCapitale" order="1" weight="1" priority="0" use="optional"/>
    <loc xlink:type="locator" xlink:href="sm-gaap-ci-2019-01-24.xsd#sm-gaap-ci_PatrimonioNettoRiservaSoprapprezzoAzioni" xlink:label="sm-gaap-ci_PatrimonioNettoRiservaSoprapprezzoAzioni"/>
    <calculationArc xlink:type="arc" xlink:arcrole="http://www.xbrl.org/2003/arcrole/summation-item" xlink:from="sm-gaap-ci_TotalePatrimonioNetto" xlink:to="sm-gaap-ci_PatrimonioNettoRiservaSoprapprezzoAzioni" order="2" weight="1" priority="0" use="optional"/>
    <loc xlink:type="locator" xlink:href="sm-gaap-ci-2019-01-24.xsd#sm-gaap-ci_PatrimonioNettoRiserveRivalutazione" xlink:label="sm-gaap-ci_PatrimonioNettoRiserveRivalutazione"/>
    <calculationArc xlink:type="arc" xlink:arcrole="http://www.xbrl.org/2003/arcrole/summation-item" xlink:from="sm-gaap-ci_TotalePatrimonioNetto" xlink:to="sm-gaap-ci_PatrimonioNettoRiserveRivalutazione" order="3" weight="1" priority="0" use="optional"/>
    <loc xlink:type="locator" xlink:href="sm-gaap-ci-2019-01-24.xsd#sm-gaap-ci_PatrimonioNettoRiserveStatutarie" xlink:label="sm-gaap-ci_PatrimonioNettoRiserveStatutarie"/>
    <calculationArc xlink:type="arc" xlink:arcrole="http://www.xbrl.org/2003/arcrole/summation-item" xlink:from="sm-gaap-ci_TotalePatrimonioNetto" xlink:to="sm-gaap-ci_PatrimonioNettoRiserveStatutarie" order="4" weight="1" priority="0" use="optional"/>
    <loc xlink:type="locator" xlink:href="sm-gaap-ci-2019-01-24.xsd#sm-gaap-ci_PatrimonioNettoRiservaAzioniPropriePortafoglio" xlink:label="sm-gaap-ci_PatrimonioNettoRiservaAzioniPropriePortafoglio"/>
    <calculationArc xlink:type="arc" xlink:arcrole="http://www.xbrl.org/2003/arcrole/summation-item" xlink:from="sm-gaap-ci_TotalePatrimonioNetto" xlink:to="sm-gaap-ci_PatrimonioNettoRiservaAzioniPropriePortafoglio" order="5" weight="1" priority="0" use="optional"/>
    <loc xlink:type="locator" xlink:href="sm-gaap-ci-2019-01-24.xsd#sm-gaap-ci_PatrimonioNettoAltreRiserveDistintamenteIndicateTotaleAltreRiserve" xlink:label="sm-gaap-ci_PatrimonioNettoAltreRiserveDistintamenteIndicateTotaleAltreRiserve"/>
    <calculationArc xlink:type="arc" xlink:arcrole="http://www.xbrl.org/2003/arcrole/summation-item" xlink:from="sm-gaap-ci_TotalePatrimonioNetto" xlink:to="sm-gaap-ci_PatrimonioNettoAltreRiserveDistintamenteIndicateTotaleAltreRiserve" order="6" weight="1" priority="0" use="optional"/>
    <loc xlink:type="locator" xlink:href="sm-gaap-ci-2019-01-24.xsd#sm-gaap-ci_PatrimonioNettoAltreRiserveDistintamenteIndicateRiservaStraordinariaFacoltativa" xlink:label="sm-gaap-ci_PatrimonioNettoAltreRiserveDistintamenteIndicateRiservaStraordinariaFacoltativa"/>
    <calculationArc xlink:type="arc" xlink:arcrole="http://www.xbrl.org/2003/arcrole/summation-item" xlink:from="sm-gaap-ci_PatrimonioNettoAltreRiserveDistintamenteIndicateTotaleAltreRiserve" xlink:to="sm-gaap-ci_PatrimonioNettoAltreRiserveDistintamenteIndicateRiservaStraordinariaFacoltativa" order="1" weight="1" priority="0" use="optional"/>
    <loc xlink:type="locator" xlink:href="sm-gaap-ci-2019-01-24.xsd#sm-gaap-ci_PatrimonioNettoAltreRiserveDistintamenteIndicateRiservaAcquistoAzioniProprie" xlink:label="sm-gaap-ci_PatrimonioNettoAltreRiserveDistintamenteIndicateRiservaAcquistoAzioniProprie"/>
    <calculationArc xlink:type="arc" xlink:arcrole="http://www.xbrl.org/2003/arcrole/summation-item" xlink:from="sm-gaap-ci_PatrimonioNettoAltreRiserveDistintamenteIndicateTotaleAltreRiserve" xlink:to="sm-gaap-ci_PatrimonioNettoAltreRiserveDistintamenteIndicateRiservaAcquistoAzioniProprie" order="2" weight="1" priority="0" use="optional"/>
    <loc xlink:type="locator" xlink:href="sm-gaap-ci-2019-01-24.xsd#sm-gaap-ci_PatrimonioNettoAltreRiserveDistintamenteIndicateRiservaNonDistribuibileRivalutazionePartecipazioni" xlink:label="sm-gaap-ci_PatrimonioNettoAltreRiserveDistintamenteIndicateRiservaNonDistribuibileRivalutazionePartecipazioni"/>
    <calculationArc xlink:type="arc" xlink:arcrole="http://www.xbrl.org/2003/arcrole/summation-item" xlink:from="sm-gaap-ci_PatrimonioNettoAltreRiserveDistintamenteIndicateTotaleAltreRiserve" xlink:to="sm-gaap-ci_PatrimonioNettoAltreRiserveDistintamenteIndicateRiservaNonDistribuibileRivalutazionePartecipazioni" order="3" weight="1" priority="0" use="optional"/>
    <loc xlink:type="locator" xlink:href="sm-gaap-ci-2019-01-24.xsd#sm-gaap-ci_PatrimonioNettoAltreRiserveDistintamenteIndicateVersamentiContoAumentoCapitale" xlink:label="sm-gaap-ci_PatrimonioNettoAltreRiserveDistintamenteIndicateVersamentiContoAumentoCapitale"/>
    <calculationArc xlink:type="arc" xlink:arcrole="http://www.xbrl.org/2003/arcrole/summation-item" xlink:from="sm-gaap-ci_PatrimonioNettoAltreRiserveDistintamenteIndicateTotaleAltreRiserve" xlink:to="sm-gaap-ci_PatrimonioNettoAltreRiserveDistintamenteIndicateVersamentiContoAumentoCapitale" order="4" weight="1" priority="0" use="optional"/>
    <loc xlink:type="locator" xlink:href="sm-gaap-ci-2019-01-24.xsd#sm-gaap-ci_PatrimonioNettoAltreRiserveDistintamenteIndicateVersamentiContoFuturoAumentoCapitale" xlink:label="sm-gaap-ci_PatrimonioNettoAltreRiserveDistintamenteIndicateVersamentiContoFuturoAumentoCapitale"/>
    <calculationArc xlink:type="arc" xlink:arcrole="http://www.xbrl.org/2003/arcrole/summation-item" xlink:from="sm-gaap-ci_PatrimonioNettoAltreRiserveDistintamenteIndicateTotaleAltreRiserve" xlink:to="sm-gaap-ci_PatrimonioNettoAltreRiserveDistintamenteIndicateVersamentiContoFuturoAumentoCapitale" order="5" weight="1" priority="0" use="optional"/>
    <loc xlink:type="locator" xlink:href="sm-gaap-ci-2019-01-24.xsd#sm-gaap-ci_PatrimonioNettoAltreRiserveDistintamenteIndicateVersamentiContoCapitale" xlink:label="sm-gaap-ci_PatrimonioNettoAltreRiserveDistintamenteIndicateVersamentiContoCapitale"/>
    <calculationArc xlink:type="arc" xlink:arcrole="http://www.xbrl.org/2003/arcrole/summation-item" xlink:from="sm-gaap-ci_PatrimonioNettoAltreRiserveDistintamenteIndicateTotaleAltreRiserve" xlink:to="sm-gaap-ci_PatrimonioNettoAltreRiserveDistintamenteIndicateVersamentiContoCapitale" order="6" weight="1" priority="0" use="optional"/>
    <loc xlink:type="locator" xlink:href="sm-gaap-ci-2019-01-24.xsd#sm-gaap-ci_PatrimonioNettoAltreRiserveDistintamenteIndicateVersamentiCoperturaPerdite" xlink:label="sm-gaap-ci_PatrimonioNettoAltreRiserveDistintamenteIndicateVersamentiCoperturaPerdite"/>
    <calculationArc xlink:type="arc" xlink:arcrole="http://www.xbrl.org/2003/arcrole/summation-item" xlink:from="sm-gaap-ci_PatrimonioNettoAltreRiserveDistintamenteIndicateTotaleAltreRiserve" xlink:to="sm-gaap-ci_PatrimonioNettoAltreRiserveDistintamenteIndicateVersamentiCoperturaPerdite" order="7" weight="1" priority="0" use="optional"/>
    <loc xlink:type="locator" xlink:href="sm-gaap-ci-2019-01-24.xsd#sm-gaap-ci_PatrimonioNettoAltreRiserveDistintamenteIndicateRiservaRiduzioneCapitaleSociale" xlink:label="sm-gaap-ci_PatrimonioNettoAltreRiserveDistintamenteIndicateRiservaRiduzioneCapitaleSociale"/>
    <calculationArc xlink:type="arc" xlink:arcrole="http://www.xbrl.org/2003/arcrole/summation-item" xlink:from="sm-gaap-ci_PatrimonioNettoAltreRiserveDistintamenteIndicateTotaleAltreRiserve" xlink:to="sm-gaap-ci_PatrimonioNettoAltreRiserveDistintamenteIndicateRiservaRiduzioneCapitaleSociale" order="8" weight="1" priority="0" use="optional"/>
    <loc xlink:type="locator" xlink:href="sm-gaap-ci-2019-01-24.xsd#sm-gaap-ci_PatrimonioNettoAltreRiserveDistintamenteIndicateRiservaAvanzoFusione" xlink:label="sm-gaap-ci_PatrimonioNettoAltreRiserveDistintamenteIndicateRiservaAvanzoFusione"/>
    <calculationArc xlink:type="arc" xlink:arcrole="http://www.xbrl.org/2003/arcrole/summation-item" xlink:from="sm-gaap-ci_PatrimonioNettoAltreRiserveDistintamenteIndicateTotaleAltreRiserve" xlink:to="sm-gaap-ci_PatrimonioNettoAltreRiserveDistintamenteIndicateRiservaAvanzoFusione" order="9" weight="1" priority="0" use="optional"/>
    <loc xlink:type="locator" xlink:href="sm-gaap-ci-2019-01-24.xsd#sm-gaap-ci_PatrimonioNettoAltreRiserveDistintamenteIndicateVarieAltreRiserve" xlink:label="sm-gaap-ci_PatrimonioNettoAltreRiserveDistintamenteIndicateVarieAltreRiserve"/>
    <calculationArc xlink:type="arc" xlink:arcrole="http://www.xbrl.org/2003/arcrole/summation-item" xlink:from="sm-gaap-ci_PatrimonioNettoAltreRiserveDistintamenteIndicateTotaleAltreRiserve" xlink:to="sm-gaap-ci_PatrimonioNettoAltreRiserveDistintamenteIndicateVarieAltreRiserve" order="10" weight="1" priority="0" use="optional"/>
    <loc xlink:type="locator" xlink:href="sm-gaap-ci-2019-01-24.xsd#sm-gaap-ci_PatrimonioNettoUtiliPerditePortatiNuovo" xlink:label="sm-gaap-ci_PatrimonioNettoUtiliPerditePortatiNuovo"/>
    <calculationArc xlink:type="arc" xlink:arcrole="http://www.xbrl.org/2003/arcrole/summation-item" xlink:from="sm-gaap-ci_TotalePatrimonioNetto" xlink:to="sm-gaap-ci_PatrimonioNettoUtiliPerditePortatiNuovo" order="7" weight="1" priority="0" use="optional"/>
    <loc xlink:type="locator" xlink:href="sm-gaap-ci-2019-01-24.xsd#sm-gaap-ci_PatrimonioNettoUtilePerditaEsercizio" xlink:label="sm-gaap-ci_PatrimonioNettoUtilePerditaEsercizio"/>
    <calculationArc xlink:type="arc" xlink:arcrole="http://www.xbrl.org/2003/arcrole/summation-item" xlink:from="sm-gaap-ci_TotalePatrimonioNetto" xlink:to="sm-gaap-ci_PatrimonioNettoUtilePerditaEsercizio" order="8" weight="1" priority="0" use="optional"/>
    <loc xlink:type="locator" xlink:href="sm-gaap-ci-2019-01-24.xsd#sm-gaap-ci_TotaleFondiRischiOneri" xlink:label="sm-gaap-ci_TotaleFondiRischiOneri"/>
    <calculationArc xlink:type="arc" xlink:arcrole="http://www.xbrl.org/2003/arcrole/summation-item" xlink:from="sm-gaap-ci_TotalePassivo" xlink:to="sm-gaap-ci_TotaleFondiRischiOneri" order="2" weight="1" priority="0" use="optional"/>
    <loc xlink:type="locator" xlink:href="sm-gaap-ci-2019-01-24.xsd#sm-gaap-ci_FondiRischiOneriImposte" xlink:label="sm-gaap-ci_FondiRischiOneriImposte"/>
    <calculationArc xlink:type="arc" xlink:arcrole="http://www.xbrl.org/2003/arcrole/summation-item" xlink:from="sm-gaap-ci_TotaleFondiRischiOneri" xlink:to="sm-gaap-ci_FondiRischiOneriImposte" order="1" weight="1" priority="0" use="optional"/>
    <loc xlink:type="locator" xlink:href="sm-gaap-ci-2019-01-24.xsd#sm-gaap-ci_FondiRischiOneriAltri" xlink:label="sm-gaap-ci_FondiRischiOneriAltri"/>
    <calculationArc xlink:type="arc" xlink:arcrole="http://www.xbrl.org/2003/arcrole/summation-item" xlink:from="sm-gaap-ci_TotaleFondiRischiOneri" xlink:to="sm-gaap-ci_FondiRischiOneriAltri" order="2" weight="1" priority="0" use="optional"/>
    <loc xlink:type="locator" xlink:href="sm-gaap-ci-2019-01-24.xsd#sm-gaap-ci_TrattamentoFineRapportoLavoroSubordinato" xlink:label="sm-gaap-ci_TrattamentoFineRapportoLavoroSubordinato"/>
    <calculationArc xlink:type="arc" xlink:arcrole="http://www.xbrl.org/2003/arcrole/summation-item" xlink:from="sm-gaap-ci_TotalePassivo" xlink:to="sm-gaap-ci_TrattamentoFineRapportoLavoroSubordinato" order="3" weight="1" priority="0" use="optional"/>
    <loc xlink:type="locator" xlink:href="sm-gaap-ci-2019-01-24.xsd#sm-gaap-ci_TotaleDebiti" xlink:label="sm-gaap-ci_TotaleDebiti"/>
    <calculationArc xlink:type="arc" xlink:arcrole="http://www.xbrl.org/2003/arcrole/summation-item" xlink:from="sm-gaap-ci_TotalePassivo" xlink:to="sm-gaap-ci_TotaleDebiti" order="4" weight="1" priority="0" use="optional"/>
    <loc xlink:type="locator" xlink:href="sm-gaap-ci-2019-01-24.xsd#sm-gaap-ci_DebitiObbligazioniTotaleObbligazioni" xlink:label="sm-gaap-ci_DebitiObbligazioniTotaleObbligazioni"/>
    <calculationArc xlink:type="arc" xlink:arcrole="http://www.xbrl.org/2003/arcrole/summation-item" xlink:from="sm-gaap-ci_TotaleDebiti" xlink:to="sm-gaap-ci_DebitiObbligazioniTotaleObbligazioni" order="1" weight="1" priority="0" use="optional"/>
    <loc xlink:type="locator" xlink:href="sm-gaap-ci-2019-01-24.xsd#sm-gaap-ci_DebitiObbligazioniEsigibiliEntroEsercizioSuccessivo" xlink:label="sm-gaap-ci_DebitiObbligazioniEsigibiliEntroEsercizioSuccessivo"/>
    <calculationArc xlink:type="arc" xlink:arcrole="http://www.xbrl.org/2003/arcrole/summation-item" xlink:from="sm-gaap-ci_DebitiObbligazioniTotaleObbligazioni" xlink:to="sm-gaap-ci_DebitiObbligazioniEsigibiliEntroEsercizioSuccessivo" order="1" weight="1" priority="0" use="optional"/>
    <loc xlink:type="locator" xlink:href="sm-gaap-ci-2019-01-24.xsd#sm-gaap-ci_DebitiObbligazioniEsigibiliOltreEsercizioSuccessivo" xlink:label="sm-gaap-ci_DebitiObbligazioniEsigibiliOltreEsercizioSuccessivo"/>
    <calculationArc xlink:type="arc" xlink:arcrole="http://www.xbrl.org/2003/arcrole/summation-item" xlink:from="sm-gaap-ci_DebitiObbligazioniTotaleObbligazioni" xlink:to="sm-gaap-ci_DebitiObbligazioniEsigibiliOltreEsercizioSuccessivo" order="2" weight="1" priority="0" use="optional"/>
    <loc xlink:type="locator" xlink:href="sm-gaap-ci-2019-01-24.xsd#sm-gaap-ci_DebitiObbligazioniConvertibiliTotaleObbligazioniConvertibili" xlink:label="sm-gaap-ci_DebitiObbligazioniConvertibiliTotaleObbligazioniConvertibili"/>
    <calculationArc xlink:type="arc" xlink:arcrole="http://www.xbrl.org/2003/arcrole/summation-item" xlink:from="sm-gaap-ci_TotaleDebiti" xlink:to="sm-gaap-ci_DebitiObbligazioniConvertibiliTotaleObbligazioniConvertibili" order="2" weight="1" priority="0" use="optional"/>
    <loc xlink:type="locator" xlink:href="sm-gaap-ci-2019-01-24.xsd#sm-gaap-ci_DebitiObbligazioniConvertibiliEsigibiliEntroEsercizioSuccessivo" xlink:label="sm-gaap-ci_DebitiObbligazioniConvertibiliEsigibiliEntroEsercizioSuccessivo"/>
    <calculationArc xlink:type="arc" xlink:arcrole="http://www.xbrl.org/2003/arcrole/summation-item" xlink:from="sm-gaap-ci_DebitiObbligazioniConvertibiliTotaleObbligazioniConvertibili" xlink:to="sm-gaap-ci_DebitiObbligazioniConvertibiliEsigibiliEntroEsercizioSuccessivo" order="1" weight="1" priority="0" use="optional"/>
    <loc xlink:type="locator" xlink:href="sm-gaap-ci-2019-01-24.xsd#sm-gaap-ci_DebitiObbligazioniConvertibiliEsigibiliOltreEsercizioSuccessivo" xlink:label="sm-gaap-ci_DebitiObbligazioniConvertibiliEsigibiliOltreEsercizioSuccessivo"/>
    <calculationArc xlink:type="arc" xlink:arcrole="http://www.xbrl.org/2003/arcrole/summation-item" xlink:from="sm-gaap-ci_DebitiObbligazioniConvertibiliTotaleObbligazioniConvertibili" xlink:to="sm-gaap-ci_DebitiObbligazioniConvertibiliEsigibiliOltreEsercizioSuccessivo" order="2" weight="1" priority="0" use="optional"/>
    <loc xlink:type="locator" xlink:href="sm-gaap-ci-2019-01-24.xsd#sm-gaap-ci_DebitiDebitiVersoSociFinanziamentiTotaleDebitiVersoSociFinanziamenti" xlink:label="sm-gaap-ci_DebitiDebitiVersoSociFinanziamentiTotaleDebitiVersoSociFinanziamenti"/>
    <calculationArc xlink:type="arc" xlink:arcrole="http://www.xbrl.org/2003/arcrole/summation-item" xlink:from="sm-gaap-ci_TotaleDebiti" xlink:to="sm-gaap-ci_DebitiDebitiVersoSociFinanziamentiTotaleDebitiVersoSociFinanziamenti" order="3" weight="1" priority="0" use="optional"/>
    <loc xlink:type="locator" xlink:href="sm-gaap-ci-2019-01-24.xsd#sm-gaap-ci_DebitiDebitiVersoSociFinanziamentiEsigibiliEntroEsercizioSuccessivo" xlink:label="sm-gaap-ci_DebitiDebitiVersoSociFinanziamentiEsigibiliEntroEsercizioSuccessivo"/>
    <calculationArc xlink:type="arc" xlink:arcrole="http://www.xbrl.org/2003/arcrole/summation-item" xlink:from="sm-gaap-ci_DebitiDebitiVersoSociFinanziamentiTotaleDebitiVersoSociFinanziamenti" xlink:to="sm-gaap-ci_DebitiDebitiVersoSociFinanziamentiEsigibiliEntroEsercizioSuccessivo" order="1" weight="1" priority="0" use="optional"/>
    <loc xlink:type="locator" xlink:href="sm-gaap-ci-2019-01-24.xsd#sm-gaap-ci_DebitiDebitiVersoSociFinanziamentiEsigibiliOltreEsercizioSuccessivo" xlink:label="sm-gaap-ci_DebitiDebitiVersoSociFinanziamentiEsigibiliOltreEsercizioSuccessivo"/>
    <calculationArc xlink:type="arc" xlink:arcrole="http://www.xbrl.org/2003/arcrole/summation-item" xlink:from="sm-gaap-ci_DebitiDebitiVersoSociFinanziamentiTotaleDebitiVersoSociFinanziamenti" xlink:to="sm-gaap-ci_DebitiDebitiVersoSociFinanziamentiEsigibiliOltreEsercizioSuccessivo" order="2" weight="1" priority="0" use="optional"/>
    <loc xlink:type="locator" xlink:href="sm-gaap-ci-2019-01-24.xsd#sm-gaap-ci_DebitiDebitiVersoBancheTotaleDebitiVersoBanche" xlink:label="sm-gaap-ci_DebitiDebitiVersoBancheTotaleDebitiVersoBanche"/>
    <calculationArc xlink:type="arc" xlink:arcrole="http://www.xbrl.org/2003/arcrole/summation-item" xlink:from="sm-gaap-ci_TotaleDebiti" xlink:to="sm-gaap-ci_DebitiDebitiVersoBancheTotaleDebitiVersoBanche" order="4" weight="1" priority="0" use="optional"/>
    <loc xlink:type="locator" xlink:href="sm-gaap-ci-2019-01-24.xsd#sm-gaap-ci_DebitiDebitiVersoBancheEsigibiliEntroEsercizioSuccessivo" xlink:label="sm-gaap-ci_DebitiDebitiVersoBancheEsigibiliEntroEsercizioSuccessivo"/>
    <calculationArc xlink:type="arc" xlink:arcrole="http://www.xbrl.org/2003/arcrole/summation-item" xlink:from="sm-gaap-ci_DebitiDebitiVersoBancheTotaleDebitiVersoBanche" xlink:to="sm-gaap-ci_DebitiDebitiVersoBancheEsigibiliEntroEsercizioSuccessivo" order="1" weight="1" priority="0" use="optional"/>
    <loc xlink:type="locator" xlink:href="sm-gaap-ci-2019-01-24.xsd#sm-gaap-ci_DebitiDebitiVersoBancheEsigibiliOltreEsercizioSuccessivo" xlink:label="sm-gaap-ci_DebitiDebitiVersoBancheEsigibiliOltreEsercizioSuccessivo"/>
    <calculationArc xlink:type="arc" xlink:arcrole="http://www.xbrl.org/2003/arcrole/summation-item" xlink:from="sm-gaap-ci_DebitiDebitiVersoBancheTotaleDebitiVersoBanche" xlink:to="sm-gaap-ci_DebitiDebitiVersoBancheEsigibiliOltreEsercizioSuccessivo" order="2" weight="1" priority="0" use="optional"/>
    <loc xlink:type="locator" xlink:href="sm-gaap-ci-2019-01-24.xsd#sm-gaap-ci_DebitiDebitiVersoAltriFinanziatoriTotaleDebitiVersoAltriFinanziatori" xlink:label="sm-gaap-ci_DebitiDebitiVersoAltriFinanziatoriTotaleDebitiVersoAltriFinanziatori"/>
    <calculationArc xlink:type="arc" xlink:arcrole="http://www.xbrl.org/2003/arcrole/summation-item" xlink:from="sm-gaap-ci_TotaleDebiti" xlink:to="sm-gaap-ci_DebitiDebitiVersoAltriFinanziatoriTotaleDebitiVersoAltriFinanziatori" order="5" weight="1" priority="0" use="optional"/>
    <loc xlink:type="locator" xlink:href="sm-gaap-ci-2019-01-24.xsd#sm-gaap-ci_DebitiDebitiVersoAltriFinanziatoriEsigibiliEntroEsercizioSuccessivo" xlink:label="sm-gaap-ci_DebitiDebitiVersoAltriFinanziatoriEsigibiliEntroEsercizioSuccessivo"/>
    <calculationArc xlink:type="arc" xlink:arcrole="http://www.xbrl.org/2003/arcrole/summation-item" xlink:from="sm-gaap-ci_DebitiDebitiVersoAltriFinanziatoriTotaleDebitiVersoAltriFinanziatori" xlink:to="sm-gaap-ci_DebitiDebitiVersoAltriFinanziatoriEsigibiliEntroEsercizioSuccessivo" order="1" weight="1" priority="0" use="optional"/>
    <loc xlink:type="locator" xlink:href="sm-gaap-ci-2019-01-24.xsd#sm-gaap-ci_DebitiDebitiVersoAltriFinanziatoriEsigibiliOltreEsercizioSuccessivo" xlink:label="sm-gaap-ci_DebitiDebitiVersoAltriFinanziatoriEsigibiliOltreEsercizioSuccessivo"/>
    <calculationArc xlink:type="arc" xlink:arcrole="http://www.xbrl.org/2003/arcrole/summation-item" xlink:from="sm-gaap-ci_DebitiDebitiVersoAltriFinanziatoriTotaleDebitiVersoAltriFinanziatori" xlink:to="sm-gaap-ci_DebitiDebitiVersoAltriFinanziatoriEsigibiliOltreEsercizioSuccessivo" order="2" weight="1" priority="0" use="optional"/>
    <loc xlink:type="locator" xlink:href="sm-gaap-ci-2019-01-24.xsd#sm-gaap-ci_DebitiAccontiTotaleAcconti" xlink:label="sm-gaap-ci_DebitiAccontiTotaleAcconti"/>
    <calculationArc xlink:type="arc" xlink:arcrole="http://www.xbrl.org/2003/arcrole/summation-item" xlink:from="sm-gaap-ci_TotaleDebiti" xlink:to="sm-gaap-ci_DebitiAccontiTotaleAcconti" order="6" weight="1" priority="0" use="optional"/>
    <loc xlink:type="locator" xlink:href="sm-gaap-ci-2019-01-24.xsd#sm-gaap-ci_DebitiAccontiEsigibiliEntroEsercizioSuccessivo" xlink:label="sm-gaap-ci_DebitiAccontiEsigibiliEntroEsercizioSuccessivo"/>
    <calculationArc xlink:type="arc" xlink:arcrole="http://www.xbrl.org/2003/arcrole/summation-item" xlink:from="sm-gaap-ci_DebitiAccontiTotaleAcconti" xlink:to="sm-gaap-ci_DebitiAccontiEsigibiliEntroEsercizioSuccessivo" order="1" weight="1" priority="0" use="optional"/>
    <loc xlink:type="locator" xlink:href="sm-gaap-ci-2019-01-24.xsd#sm-gaap-ci_DebitiAccontiEsigibiliOltreEsercizioSuccessivo" xlink:label="sm-gaap-ci_DebitiAccontiEsigibiliOltreEsercizioSuccessivo"/>
    <calculationArc xlink:type="arc" xlink:arcrole="http://www.xbrl.org/2003/arcrole/summation-item" xlink:from="sm-gaap-ci_DebitiAccontiTotaleAcconti" xlink:to="sm-gaap-ci_DebitiAccontiEsigibiliOltreEsercizioSuccessivo" order="2" weight="1" priority="0" use="optional"/>
    <loc xlink:type="locator" xlink:href="sm-gaap-ci-2019-01-24.xsd#sm-gaap-ci_DebitiDebitiVersoFornitoriTotaleDebitiVersoFornitori" xlink:label="sm-gaap-ci_DebitiDebitiVersoFornitoriTotaleDebitiVersoFornitori"/>
    <calculationArc xlink:type="arc" xlink:arcrole="http://www.xbrl.org/2003/arcrole/summation-item" xlink:from="sm-gaap-ci_TotaleDebiti" xlink:to="sm-gaap-ci_DebitiDebitiVersoFornitoriTotaleDebitiVersoFornitori" order="7" weight="1" priority="0" use="optional"/>
    <loc xlink:type="locator" xlink:href="sm-gaap-ci-2019-01-24.xsd#sm-gaap-ci_DebitiDebitiVersoFornitoriEsigibiliEntroEsercizioSuccessivo" xlink:label="sm-gaap-ci_DebitiDebitiVersoFornitoriEsigibiliEntroEsercizioSuccessivo"/>
    <calculationArc xlink:type="arc" xlink:arcrole="http://www.xbrl.org/2003/arcrole/summation-item" xlink:from="sm-gaap-ci_DebitiDebitiVersoFornitoriTotaleDebitiVersoFornitori" xlink:to="sm-gaap-ci_DebitiDebitiVersoFornitoriEsigibiliEntroEsercizioSuccessivo" order="1" weight="1" priority="0" use="optional"/>
    <loc xlink:type="locator" xlink:href="sm-gaap-ci-2019-01-24.xsd#sm-gaap-ci_DebitiDebitiVersoFornitoriEsigibiliOltreEsercizioSuccessivo" xlink:label="sm-gaap-ci_DebitiDebitiVersoFornitoriEsigibiliOltreEsercizioSuccessivo"/>
    <calculationArc xlink:type="arc" xlink:arcrole="http://www.xbrl.org/2003/arcrole/summation-item" xlink:from="sm-gaap-ci_DebitiDebitiVersoFornitoriTotaleDebitiVersoFornitori" xlink:to="sm-gaap-ci_DebitiDebitiVersoFornitoriEsigibiliOltreEsercizioSuccessivo" order="2" weight="1" priority="0" use="optional"/>
    <loc xlink:type="locator" xlink:href="sm-gaap-ci-2019-01-24.xsd#sm-gaap-ci_DebitiDebitiRappresentatiTitoliCreditoTotaleDebitiRappresentatiTitoliCredito" xlink:label="sm-gaap-ci_DebitiDebitiRappresentatiTitoliCreditoTotaleDebitiRappresentatiTitoliCredito"/>
    <calculationArc xlink:type="arc" xlink:arcrole="http://www.xbrl.org/2003/arcrole/summation-item" xlink:from="sm-gaap-ci_TotaleDebiti" xlink:to="sm-gaap-ci_DebitiDebitiRappresentatiTitoliCreditoTotaleDebitiRappresentatiTitoliCredito" order="8" weight="1" priority="0" use="optional"/>
    <loc xlink:type="locator" xlink:href="sm-gaap-ci-2019-01-24.xsd#sm-gaap-ci_DebitiDebitiRappresentatiTitoliCreditoEsigibiliEntroEsercizioSuccessivo" xlink:label="sm-gaap-ci_DebitiDebitiRappresentatiTitoliCreditoEsigibiliEntroEsercizioSuccessivo"/>
    <calculationArc xlink:type="arc" xlink:arcrole="http://www.xbrl.org/2003/arcrole/summation-item" xlink:from="sm-gaap-ci_DebitiDebitiRappresentatiTitoliCreditoTotaleDebitiRappresentatiTitoliCredito" xlink:to="sm-gaap-ci_DebitiDebitiRappresentatiTitoliCreditoEsigibiliEntroEsercizioSuccessivo" order="1" weight="1" priority="0" use="optional"/>
    <loc xlink:type="locator" xlink:href="sm-gaap-ci-2019-01-24.xsd#sm-gaap-ci_DebitiDebitiRappresentatiTitoliCreditoEsigibiliOltreEsercizioSuccessivo" xlink:label="sm-gaap-ci_DebitiDebitiRappresentatiTitoliCreditoEsigibiliOltreEsercizioSuccessivo"/>
    <calculationArc xlink:type="arc" xlink:arcrole="http://www.xbrl.org/2003/arcrole/summation-item" xlink:from="sm-gaap-ci_DebitiDebitiRappresentatiTitoliCreditoTotaleDebitiRappresentatiTitoliCredito" xlink:to="sm-gaap-ci_DebitiDebitiRappresentatiTitoliCreditoEsigibiliOltreEsercizioSuccessivo" order="2" weight="1" priority="0" use="optional"/>
    <loc xlink:type="locator" xlink:href="sm-gaap-ci-2019-01-24.xsd#sm-gaap-ci_DebitiDebitiVersoSocietaControllateTotaleDebitiVersoSocietaControllate" xlink:label="sm-gaap-ci_DebitiDebitiVersoSocietaControllateTotaleDebitiVersoSocietaControllate"/>
    <calculationArc xlink:type="arc" xlink:arcrole="http://www.xbrl.org/2003/arcrole/summation-item" xlink:from="sm-gaap-ci_TotaleDebiti" xlink:to="sm-gaap-ci_DebitiDebitiVersoSocietaControllateTotaleDebitiVersoSocietaControllate" order="9" weight="1" priority="0" use="optional"/>
    <loc xlink:type="locator" xlink:href="sm-gaap-ci-2019-01-24.xsd#sm-gaap-ci_DebitiDebitiVersoSocietaControllateEsigibiliEntroEsercizioSuccessivo" xlink:label="sm-gaap-ci_DebitiDebitiVersoSocietaControllateEsigibiliEntroEsercizioSuccessivo"/>
    <calculationArc xlink:type="arc" xlink:arcrole="http://www.xbrl.org/2003/arcrole/summation-item" xlink:from="sm-gaap-ci_DebitiDebitiVersoSocietaControllateTotaleDebitiVersoSocietaControllate" xlink:to="sm-gaap-ci_DebitiDebitiVersoSocietaControllateEsigibiliEntroEsercizioSuccessivo" order="1" weight="1" priority="0" use="optional"/>
    <loc xlink:type="locator" xlink:href="sm-gaap-ci-2019-01-24.xsd#sm-gaap-ci_DebitiDebitiVersoSocietaControllateEsigibiliOltreEsercizioSuccessivo" xlink:label="sm-gaap-ci_DebitiDebitiVersoSocietaControllateEsigibiliOltreEsercizioSuccessivo"/>
    <calculationArc xlink:type="arc" xlink:arcrole="http://www.xbrl.org/2003/arcrole/summation-item" xlink:from="sm-gaap-ci_DebitiDebitiVersoSocietaControllateTotaleDebitiVersoSocietaControllate" xlink:to="sm-gaap-ci_DebitiDebitiVersoSocietaControllateEsigibiliOltreEsercizioSuccessivo" order="2" weight="1" priority="0" use="optional"/>
    <loc xlink:type="locator" xlink:href="sm-gaap-ci-2019-01-24.xsd#sm-gaap-ci_DebitiDebitiVersoSocietaCollegateTotaleDebitiVersoSocietaCollegate" xlink:label="sm-gaap-ci_DebitiDebitiVersoSocietaCollegateTotaleDebitiVersoSocietaCollegate"/>
    <calculationArc xlink:type="arc" xlink:arcrole="http://www.xbrl.org/2003/arcrole/summation-item" xlink:from="sm-gaap-ci_TotaleDebiti" xlink:to="sm-gaap-ci_DebitiDebitiVersoSocietaCollegateTotaleDebitiVersoSocietaCollegate" order="10" weight="1" priority="0" use="optional"/>
    <loc xlink:type="locator" xlink:href="sm-gaap-ci-2019-01-24.xsd#sm-gaap-ci_DebitiDebitiVersoSocietaCollegateEsigibiliEntroEsercizioSuccessivo" xlink:label="sm-gaap-ci_DebitiDebitiVersoSocietaCollegateEsigibiliEntroEsercizioSuccessivo"/>
    <calculationArc xlink:type="arc" xlink:arcrole="http://www.xbrl.org/2003/arcrole/summation-item" xlink:from="sm-gaap-ci_DebitiDebitiVersoSocietaCollegateTotaleDebitiVersoSocietaCollegate" xlink:to="sm-gaap-ci_DebitiDebitiVersoSocietaCollegateEsigibiliEntroEsercizioSuccessivo" order="1" weight="1" priority="0" use="optional"/>
    <loc xlink:type="locator" xlink:href="sm-gaap-ci-2019-01-24.xsd#sm-gaap-ci_DebitiDebitiVersoSocietaCollegateEsigibiliOltreEsercizioSuccessivo" xlink:label="sm-gaap-ci_DebitiDebitiVersoSocietaCollegateEsigibiliOltreEsercizioSuccessivo"/>
    <calculationArc xlink:type="arc" xlink:arcrole="http://www.xbrl.org/2003/arcrole/summation-item" xlink:from="sm-gaap-ci_DebitiDebitiVersoSocietaCollegateTotaleDebitiVersoSocietaCollegate" xlink:to="sm-gaap-ci_DebitiDebitiVersoSocietaCollegateEsigibiliOltreEsercizioSuccessivo" order="2" weight="1" priority="0" use="optional"/>
    <loc xlink:type="locator" xlink:href="sm-gaap-ci-2019-01-24.xsd#sm-gaap-ci_DebitiDebitiVersoControllantiTotaleDebitiVersoControllanti" xlink:label="sm-gaap-ci_DebitiDebitiVersoControllantiTotaleDebitiVersoControllanti"/>
    <calculationArc xlink:type="arc" xlink:arcrole="http://www.xbrl.org/2003/arcrole/summation-item" xlink:from="sm-gaap-ci_TotaleDebiti" xlink:to="sm-gaap-ci_DebitiDebitiVersoControllantiTotaleDebitiVersoControllanti" order="11" weight="1" priority="0" use="optional"/>
    <loc xlink:type="locator" xlink:href="sm-gaap-ci-2019-01-24.xsd#sm-gaap-ci_DebitiDebitiVersoControllantiEsigibiliEntroEsercizioSuccessivo" xlink:label="sm-gaap-ci_DebitiDebitiVersoControllantiEsigibiliEntroEsercizioSuccessivo"/>
    <calculationArc xlink:type="arc" xlink:arcrole="http://www.xbrl.org/2003/arcrole/summation-item" xlink:from="sm-gaap-ci_DebitiDebitiVersoControllantiTotaleDebitiVersoControllanti" xlink:to="sm-gaap-ci_DebitiDebitiVersoControllantiEsigibiliEntroEsercizioSuccessivo" order="1" weight="1" priority="0" use="optional"/>
    <loc xlink:type="locator" xlink:href="sm-gaap-ci-2019-01-24.xsd#sm-gaap-ci_DebitiDebitiVersoControllantiEsigibiliOltreEsercizioSuccessivo" xlink:label="sm-gaap-ci_DebitiDebitiVersoControllantiEsigibiliOltreEsercizioSuccessivo"/>
    <calculationArc xlink:type="arc" xlink:arcrole="http://www.xbrl.org/2003/arcrole/summation-item" xlink:from="sm-gaap-ci_DebitiDebitiVersoControllantiTotaleDebitiVersoControllanti" xlink:to="sm-gaap-ci_DebitiDebitiVersoControllantiEsigibiliOltreEsercizioSuccessivo" order="2" weight="1" priority="0" use="optional"/>
    <loc xlink:type="locator" xlink:href="sm-gaap-ci-2019-01-24.xsd#sm-gaap-ci_DebitiDebitiTributariTotaleDebitiTributari" xlink:label="sm-gaap-ci_DebitiDebitiTributariTotaleDebitiTributari"/>
    <calculationArc xlink:type="arc" xlink:arcrole="http://www.xbrl.org/2003/arcrole/summation-item" xlink:from="sm-gaap-ci_TotaleDebiti" xlink:to="sm-gaap-ci_DebitiDebitiTributariTotaleDebitiTributari" order="12" weight="1" priority="0" use="optional"/>
    <loc xlink:type="locator" xlink:href="sm-gaap-ci-2019-01-24.xsd#sm-gaap-ci_DebitiDebitiTributariEsigibiliEntroEsercizioSuccessivo" xlink:label="sm-gaap-ci_DebitiDebitiTributariEsigibiliEntroEsercizioSuccessivo"/>
    <calculationArc xlink:type="arc" xlink:arcrole="http://www.xbrl.org/2003/arcrole/summation-item" xlink:from="sm-gaap-ci_DebitiDebitiTributariTotaleDebitiTributari" xlink:to="sm-gaap-ci_DebitiDebitiTributariEsigibiliEntroEsercizioSuccessivo" order="1" weight="1" priority="0" use="optional"/>
    <loc xlink:type="locator" xlink:href="sm-gaap-ci-2019-01-24.xsd#sm-gaap-ci_DebitiDebitiTributariEsigibiliOltreEsercizioSuccessivo" xlink:label="sm-gaap-ci_DebitiDebitiTributariEsigibiliOltreEsercizioSuccessivo"/>
    <calculationArc xlink:type="arc" xlink:arcrole="http://www.xbrl.org/2003/arcrole/summation-item" xlink:from="sm-gaap-ci_DebitiDebitiTributariTotaleDebitiTributari" xlink:to="sm-gaap-ci_DebitiDebitiTributariEsigibiliOltreEsercizioSuccessivo" order="2" weight="1" priority="0" use="optional"/>
    <loc xlink:type="locator" xlink:href="sm-gaap-ci-2019-01-24.xsd#sm-gaap-ci_DebitiDebitiVersoIstitutiPrevidenzaSicurezzaSocialeTotaleDebitiVersoIstitutiPrevidenzaSicurezzaSociale" xlink:label="sm-gaap-ci_DebitiDebitiVersoIstitutiPrevidenzaSicurezzaSocialeTotaleDebitiVersoIstitutiPrevidenzaSicurezzaSociale"/>
    <calculationArc xlink:type="arc" xlink:arcrole="http://www.xbrl.org/2003/arcrole/summation-item" xlink:from="sm-gaap-ci_TotaleDebiti" xlink:to="sm-gaap-ci_DebitiDebitiVersoIstitutiPrevidenzaSicurezzaSocialeTotaleDebitiVersoIstitutiPrevidenzaSicurezzaSociale" order="13" weight="1" priority="0" use="optional"/>
    <loc xlink:type="locator" xlink:href="sm-gaap-ci-2019-01-24.xsd#sm-gaap-ci_DebitiDebitiVersoIstitutiPrevidenzaSicurezzaSocialeEsigibiliEntroEsercizioSuccessivo" xlink:label="sm-gaap-ci_DebitiDebitiVersoIstitutiPrevidenzaSicurezzaSocialeEsigibiliEntroEsercizioSuccessivo"/>
    <calculationArc xlink:type="arc" xlink:arcrole="http://www.xbrl.org/2003/arcrole/summation-item" xlink:from="sm-gaap-ci_DebitiDebitiVersoIstitutiPrevidenzaSicurezzaSocialeTotaleDebitiVersoIstitutiPrevidenzaSicurezzaSociale" xlink:to="sm-gaap-ci_DebitiDebitiVersoIstitutiPrevidenzaSicurezzaSocialeEsigibiliEntroEsercizioSuccessivo" order="1" weight="1" priority="0" use="optional"/>
    <loc xlink:type="locator" xlink:href="sm-gaap-ci-2019-01-24.xsd#sm-gaap-ci_DebitiDebitiVersoIstitutiPrevidenzaSicurezzaSocialeEsigibiliOltreEsercizioSuccessivo" xlink:label="sm-gaap-ci_DebitiDebitiVersoIstitutiPrevidenzaSicurezzaSocialeEsigibiliOltreEsercizioSuccessivo"/>
    <calculationArc xlink:type="arc" xlink:arcrole="http://www.xbrl.org/2003/arcrole/summation-item" xlink:from="sm-gaap-ci_DebitiDebitiVersoIstitutiPrevidenzaSicurezzaSocialeTotaleDebitiVersoIstitutiPrevidenzaSicurezzaSociale" xlink:to="sm-gaap-ci_DebitiDebitiVersoIstitutiPrevidenzaSicurezzaSocialeEsigibiliOltreEsercizioSuccessivo" order="2" weight="1" priority="0" use="optional"/>
    <loc xlink:type="locator" xlink:href="sm-gaap-ci-2019-01-24.xsd#sm-gaap-ci_DebitiAltriDebitiTotaleAltriDebiti" xlink:label="sm-gaap-ci_DebitiAltriDebitiTotaleAltriDebiti"/>
    <calculationArc xlink:type="arc" xlink:arcrole="http://www.xbrl.org/2003/arcrole/summation-item" xlink:from="sm-gaap-ci_TotaleDebiti" xlink:to="sm-gaap-ci_DebitiAltriDebitiTotaleAltriDebiti" order="14" weight="1" priority="0" use="optional"/>
    <loc xlink:type="locator" xlink:href="sm-gaap-ci-2019-01-24.xsd#sm-gaap-ci_DebitiAltriDebitiEsigibiliEntroEsercizioSuccessivo" xlink:label="sm-gaap-ci_DebitiAltriDebitiEsigibiliEntroEsercizioSuccessivo"/>
    <calculationArc xlink:type="arc" xlink:arcrole="http://www.xbrl.org/2003/arcrole/summation-item" xlink:from="sm-gaap-ci_DebitiAltriDebitiTotaleAltriDebiti" xlink:to="sm-gaap-ci_DebitiAltriDebitiEsigibiliEntroEsercizioSuccessivo" order="1" weight="1" priority="0" use="optional"/>
    <loc xlink:type="locator" xlink:href="sm-gaap-ci-2019-01-24.xsd#sm-gaap-ci_DebitiAltriDebitiEsigibiliOltreEsercizioSuccessivo" xlink:label="sm-gaap-ci_DebitiAltriDebitiEsigibiliOltreEsercizioSuccessivo"/>
    <calculationArc xlink:type="arc" xlink:arcrole="http://www.xbrl.org/2003/arcrole/summation-item" xlink:from="sm-gaap-ci_DebitiAltriDebitiTotaleAltriDebiti" xlink:to="sm-gaap-ci_DebitiAltriDebitiEsigibiliOltreEsercizioSuccessivo" order="2" weight="1" priority="0" use="optional"/>
    <loc xlink:type="locator" xlink:href="sm-gaap-ci-2019-01-24.xsd#sm-gaap-ci_PassivoRateiRiscontiTotaleRateiRisconti" xlink:label="sm-gaap-ci_PassivoRateiRiscontiTotaleRateiRisconti"/>
    <calculationArc xlink:type="arc" xlink:arcrole="http://www.xbrl.org/2003/arcrole/summation-item" xlink:from="sm-gaap-ci_TotalePassivo" xlink:to="sm-gaap-ci_PassivoRateiRiscontiTotaleRateiRisconti" order="5" weight="1" priority="0" use="optional"/>
    <loc xlink:type="locator" xlink:href="sm-gaap-ci-2019-01-24.xsd#sm-gaap-ci_PassivoRateiRiscontiRateiRiscontiPassivi" xlink:label="sm-gaap-ci_PassivoRateiRiscontiRateiRiscontiPassivi"/>
    <calculationArc xlink:type="arc" xlink:arcrole="http://www.xbrl.org/2003/arcrole/summation-item" xlink:from="sm-gaap-ci_PassivoRateiRiscontiTotaleRateiRisconti" xlink:to="sm-gaap-ci_PassivoRateiRiscontiRateiRiscontiPassivi" order="1" weight="1" priority="0" use="optional"/>
  </calculationLink>
</linkbase>
