<?xml version="1.0" encoding="UTF-8"?>
<!--
Tassonomia XBRL della Repubblica di San Marino

File: sm-gaap-ci-cal-nialtro-2019-01-24.xml
Versione: 2019-01-24
Sito di riferimento: https://www.xbrl.sm/
Archivio: https://www.xbrl.sm/sm-gaap-ci-2019-01-24.zip
-->
<linkbase xmlns="http://www.xbrl.org/2003/linkbase" xmlns:xsi="http://www.w3.org/2001/XMLSchema-instance" xmlns:xlink="http://www.w3.org/1999/xlink" xsi:schemaLocation="http://www.xbrl.org/2003/linkbase http://www.xbrl.org/2003/xbrl-linkbase-2003-12-31.xsd">
  <roleRef xlink:type="simple" xlink:href="sm-gaap-ci-roles-2019-01-24.xsd#NotaIntegrativaAltreInformazioni" roleURI="http://www.xbrl.sm/sm/gaap/role/NotaIntegrativaAltreInformazioni"/>
  <roleRef xlink:type="simple" xlink:href="sm-gaap-ci-roles-2019-01-24.xsd#SommeImportiTupleNotaIntegrativaAltreInformazioni" roleURI="http://www.xbrl.sm/sm/gaap/role/SommeImportiTupleNotaIntegrativaAltreInformazioni"/>
  <calculationLink xlink:type="extended" xlink:role="http://www.xbrl.sm/sm/gaap/role/NotaIntegrativaAltreInformazioni">
    <loc xlink:type="locator" xlink:href="sm-gaap-ci-2019-01-24.xsd#sm-gaap-ci_TotaleDipendentiNumeroMedio" xlink:label="sm-gaap-ci_TotaleDipendentiNumeroMedio"/>
    <loc xlink:type="locator" xlink:href="sm-gaap-ci-2019-01-24.xsd#sm-gaap-ci_NumeroMedioDirigenti" xlink:label="sm-gaap-ci_NumeroMedioDirigenti"/>
    <calculationArc xlink:type="arc" xlink:arcrole="http://www.xbrl.org/2003/arcrole/summation-item" xlink:from="sm-gaap-ci_TotaleDipendentiNumeroMedio" xlink:to="sm-gaap-ci_NumeroMedioDirigenti" order="1" weight="1" priority="0" use="optional"/>
    <loc xlink:type="locator" xlink:href="sm-gaap-ci-2019-01-24.xsd#sm-gaap-ci_NumeroMedioQuadri" xlink:label="sm-gaap-ci_NumeroMedioQuadri"/>
    <calculationArc xlink:type="arc" xlink:arcrole="http://www.xbrl.org/2003/arcrole/summation-item" xlink:from="sm-gaap-ci_TotaleDipendentiNumeroMedio" xlink:to="sm-gaap-ci_NumeroMedioQuadri" order="2" weight="1" priority="0" use="optional"/>
    <loc xlink:type="locator" xlink:href="sm-gaap-ci-2019-01-24.xsd#sm-gaap-ci_NumeroMedioImpiegati" xlink:label="sm-gaap-ci_NumeroMedioImpiegati"/>
    <calculationArc xlink:type="arc" xlink:arcrole="http://www.xbrl.org/2003/arcrole/summation-item" xlink:from="sm-gaap-ci_TotaleDipendentiNumeroMedio" xlink:to="sm-gaap-ci_NumeroMedioImpiegati" order="3" weight="1" priority="0" use="optional"/>
    <loc xlink:type="locator" xlink:href="sm-gaap-ci-2019-01-24.xsd#sm-gaap-ci_NumeroMedioOperai" xlink:label="sm-gaap-ci_NumeroMedioOperai"/>
    <calculationArc xlink:type="arc" xlink:arcrole="http://www.xbrl.org/2003/arcrole/summation-item" xlink:from="sm-gaap-ci_TotaleDipendentiNumeroMedio" xlink:to="sm-gaap-ci_NumeroMedioOperai" order="4" weight="1" priority="0" use="optional"/>
    <loc xlink:type="locator" xlink:href="sm-gaap-ci-2019-01-24.xsd#sm-gaap-ci_NumeroMedioAltriDipendenti" xlink:label="sm-gaap-ci_NumeroMedioAltriDipendenti"/>
    <calculationArc xlink:type="arc" xlink:arcrole="http://www.xbrl.org/2003/arcrole/summation-item" xlink:from="sm-gaap-ci_TotaleDipendentiNumeroMedio" xlink:to="sm-gaap-ci_NumeroMedioAltriDipendenti" order="5" weight="1" priority="0" use="optional"/>
    <loc xlink:type="locator" xlink:href="sm-gaap-ci-2019-01-24.xsd#sm-gaap-ci_TotaleConsistenzaFinaleNumeroAzioniEmesseSocietaCategorie" xlink:label="sm-gaap-ci_TotaleConsistenzaFinaleNumeroAzioniEmesseSocietaCategorie"/>
    <loc xlink:type="locator" xlink:href="sm-gaap-ci-2019-01-24.xsd#sm-gaap-ci_ConsistenzaFinaleNumeroAzioniEmesseSocietaCategorie" xlink:label="sm-gaap-ci_ConsistenzaFinaleNumeroAzioniEmesseSocietaCategorie"/>
    <calculationArc xlink:type="arc" xlink:arcrole="http://www.xbrl.org/2003/arcrole/summation-item" xlink:from="sm-gaap-ci_TotaleConsistenzaFinaleNumeroAzioniEmesseSocietaCategorie" xlink:to="sm-gaap-ci_ConsistenzaFinaleNumeroAzioniEmesseSocietaCategorie" order="1" weight="1" priority="0" use="optional"/>
    <loc xlink:type="locator" xlink:href="sm-gaap-ci-2019-01-24.xsd#sm-gaap-ci_TotaleConsistenzaFinaleValoreNominaleAzioniEmesseSocietaCategorie" xlink:label="sm-gaap-ci_TotaleConsistenzaFinaleValoreNominaleAzioniEmesseSocietaCategorie"/>
    <loc xlink:type="locator" xlink:href="sm-gaap-ci-2019-01-24.xsd#sm-gaap-ci_ConsistenzaFinaleValoreNominaleAzioniEmesseSocietaCategorie" xlink:label="sm-gaap-ci_ConsistenzaFinaleValoreNominaleAzioniEmesseSocietaCategorie"/>
    <calculationArc xlink:type="arc" xlink:arcrole="http://www.xbrl.org/2003/arcrole/summation-item" xlink:from="sm-gaap-ci_TotaleConsistenzaFinaleValoreNominaleAzioniEmesseSocietaCategorie" xlink:to="sm-gaap-ci_ConsistenzaFinaleValoreNominaleAzioniEmesseSocietaCategorie" order="1" weight="1" priority="0" use="optional"/>
    <loc xlink:type="locator" xlink:href="sm-gaap-ci-2019-01-24.xsd#sm-gaap-ci_TotaleCorrispettiviSpettantiRevisoreLegaleSocietaRevisioneValore" xlink:label="sm-gaap-ci_TotaleCorrispettiviSpettantiRevisoreLegaleSocietaRevisioneValore"/>
    <loc xlink:type="locator" xlink:href="sm-gaap-ci-2019-01-24.xsd#sm-gaap-ci_RevisioneLegaleContiAnnualiValore" xlink:label="sm-gaap-ci_RevisioneLegaleContiAnnualiValore"/>
    <calculationArc xlink:type="arc" xlink:arcrole="http://www.xbrl.org/2003/arcrole/summation-item" xlink:from="sm-gaap-ci_TotaleCorrispettiviSpettantiRevisoreLegaleSocietaRevisioneValore" xlink:to="sm-gaap-ci_RevisioneLegaleContiAnnualiValore" order="1" weight="1" priority="0" use="optional"/>
    <loc xlink:type="locator" xlink:href="sm-gaap-ci-2019-01-24.xsd#sm-gaap-ci_AltriServiziVerificaSvoltiValore" xlink:label="sm-gaap-ci_AltriServiziVerificaSvoltiValore"/>
    <calculationArc xlink:type="arc" xlink:arcrole="http://www.xbrl.org/2003/arcrole/summation-item" xlink:from="sm-gaap-ci_TotaleCorrispettiviSpettantiRevisoreLegaleSocietaRevisioneValore" xlink:to="sm-gaap-ci_AltriServiziVerificaSvoltiValore" order="2" weight="1" priority="0" use="optional"/>
    <loc xlink:type="locator" xlink:href="sm-gaap-ci-2019-01-24.xsd#sm-gaap-ci_ServiziConsulenzaFiscaleValore" xlink:label="sm-gaap-ci_ServiziConsulenzaFiscaleValore"/>
    <calculationArc xlink:type="arc" xlink:arcrole="http://www.xbrl.org/2003/arcrole/summation-item" xlink:from="sm-gaap-ci_TotaleCorrispettiviSpettantiRevisoreLegaleSocietaRevisioneValore" xlink:to="sm-gaap-ci_ServiziConsulenzaFiscaleValore" order="3" weight="1" priority="0" use="optional"/>
    <loc xlink:type="locator" xlink:href="sm-gaap-ci-2019-01-24.xsd#sm-gaap-ci_AltriServiziDiversiRevisioneContabileValore" xlink:label="sm-gaap-ci_AltriServiziDiversiRevisioneContabileValore"/>
    <calculationArc xlink:type="arc" xlink:arcrole="http://www.xbrl.org/2003/arcrole/summation-item" xlink:from="sm-gaap-ci_TotaleCorrispettiviSpettantiRevisoreLegaleSocietaRevisioneValore" xlink:to="sm-gaap-ci_AltriServiziDiversiRevisioneContabileValore" order="4" weight="1" priority="0" use="optional"/>
    <loc xlink:type="locator" xlink:href="sm-gaap-ci-2019-01-24.xsd#sm-gaap-ci_TotaleCompensiAmministratoriSindaciValore" xlink:label="sm-gaap-ci_TotaleCompensiAmministratoriSindaciValore"/>
    <loc xlink:type="locator" xlink:href="sm-gaap-ci-2019-01-24.xsd#sm-gaap-ci_CompensiAmministratoriValore" xlink:label="sm-gaap-ci_CompensiAmministratoriValore"/>
    <calculationArc xlink:type="arc" xlink:arcrole="http://www.xbrl.org/2003/arcrole/summation-item" xlink:from="sm-gaap-ci_TotaleCompensiAmministratoriSindaciValore" xlink:to="sm-gaap-ci_CompensiAmministratoriValore" order="1" weight="1" priority="0" use="optional"/>
    <loc xlink:type="locator" xlink:href="sm-gaap-ci-2019-01-24.xsd#sm-gaap-ci_CompensiSindaciValore" xlink:label="sm-gaap-ci_CompensiSindaciValore"/>
    <calculationArc xlink:type="arc" xlink:arcrole="http://www.xbrl.org/2003/arcrole/summation-item" xlink:from="sm-gaap-ci_TotaleCompensiAmministratoriSindaciValore" xlink:to="sm-gaap-ci_CompensiSindaciValore" order="2" weight="1" priority="0" use="optional"/>
  </calculationLink>
  <calculationLink xlink:type="extended" xlink:role="http://www.xbrl.sm/sm/gaap/role/SommeImportiTupleNotaIntegrativaAltreInformazioni">
    <loc xlink:type="locator" xlink:href="sm-gaap-ci-2019-01-24.xsd#sm-gaap-ci_TotaleAzioniSottoscritteEsercizioNumeroAzioniEmesseSocietaCategorie" xlink:label="sm-gaap-ci_TotaleAzioniSottoscritteEsercizioNumeroAzioniEmesseSocietaCategorie"/>
    <loc xlink:type="locator" xlink:href="sm-gaap-ci-2019-01-24.xsd#sm-gaap-ci_AzioniSottoscritteEsercizioNumeroAzioniEmesseSocietaCategorie" xlink:label="sm-gaap-ci_AzioniSottoscritteEsercizioNumeroAzioniEmesseSocietaCategorie"/>
    <calculationArc xlink:type="arc" xlink:arcrole="http://www.xbrl.org/2003/arcrole/summation-item" xlink:from="sm-gaap-ci_TotaleAzioniSottoscritteEsercizioNumeroAzioniEmesseSocietaCategorie" xlink:to="sm-gaap-ci_AzioniSottoscritteEsercizioNumeroAzioniEmesseSocietaCategorie" order="1" weight="1" priority="0" use="optional"/>
    <loc xlink:type="locator" xlink:href="sm-gaap-ci-2019-01-24.xsd#sm-gaap-ci_TotaleAzioniSottoscritteEsercizioValoreNominaleAzioniEmesseSocietaCategorie" xlink:label="sm-gaap-ci_TotaleAzioniSottoscritteEsercizioValoreNominaleAzioniEmesseSocietaCategorie"/>
    <loc xlink:type="locator" xlink:href="sm-gaap-ci-2019-01-24.xsd#sm-gaap-ci_AzioniSottoscritteEsercizioValoreNominaleAzioniEmesseSocietaCategorie" xlink:label="sm-gaap-ci_AzioniSottoscritteEsercizioValoreNominaleAzioniEmesseSocietaCategorie"/>
    <calculationArc xlink:type="arc" xlink:arcrole="http://www.xbrl.org/2003/arcrole/summation-item" xlink:from="sm-gaap-ci_TotaleAzioniSottoscritteEsercizioValoreNominaleAzioniEmesseSocietaCategorie" xlink:to="sm-gaap-ci_AzioniSottoscritteEsercizioValoreNominaleAzioniEmesseSocietaCategorie" order="1" weight="1" priority="0" use="optional"/>
  </calculationLink>
</linkbase>
