<?xml version="1.0" encoding="UTF-8"?>
<!--
Tassonomia XBRL della Repubblica di San Marino

File: sm-gaap-ci-cal-ceabb-2019-01-24.xml
Versione: 2019-01-24
Sito di riferimento: https://www.xbrl.sm/
Archivio: https://www.xbrl.sm/sm-gaap-ci-2019-01-24.zip
-->
<linkbase xmlns="http://www.xbrl.org/2003/linkbase" xmlns:xsi="http://www.w3.org/2001/XMLSchema-instance" xmlns:xlink="http://www.w3.org/1999/xlink" xsi:schemaLocation="http://www.xbrl.org/2003/linkbase http://www.xbrl.org/2003/xbrl-linkbase-2003-12-31.xsd">
  <roleRef xlink:type="simple" xlink:href="sm-gaap-ci-roles-2019-01-24.xsd#CEAbbreviata" roleURI="http://www.xbrl.sm/sm/gaap/role/CEAbbreviata"/>
  <calculationLink xlink:type="extended" xlink:role="http://www.xbrl.sm/sm/gaap/role/CEAbbreviata">
    <loc xlink:type="locator" xlink:href="sm-gaap-ci-2019-01-24.xsd#sm-gaap-ci_UtilePerditaEsercizio" xlink:label="sm-gaap-ci_UtilePerditaEsercizio"/>
    <loc xlink:type="locator" xlink:href="sm-gaap-ci-2019-01-24.xsd#sm-gaap-ci_RisultatoPrimaImposte" xlink:label="sm-gaap-ci_RisultatoPrimaImposte"/>
    <calculationArc xlink:type="arc" xlink:arcrole="http://www.xbrl.org/2003/arcrole/summation-item" xlink:from="sm-gaap-ci_UtilePerditaEsercizio" xlink:to="sm-gaap-ci_RisultatoPrimaImposte" order="1" weight="1" priority="0" use="optional"/>
    <loc xlink:type="locator" xlink:href="sm-gaap-ci-2019-01-24.xsd#sm-gaap-ci_DifferenzaValoreCostiProduzione" xlink:label="sm-gaap-ci_DifferenzaValoreCostiProduzione"/>
    <calculationArc xlink:type="arc" xlink:arcrole="http://www.xbrl.org/2003/arcrole/summation-item" xlink:from="sm-gaap-ci_RisultatoPrimaImposte" xlink:to="sm-gaap-ci_DifferenzaValoreCostiProduzione" order="1" weight="1" priority="0" use="optional"/>
    <loc xlink:type="locator" xlink:href="sm-gaap-ci-2019-01-24.xsd#sm-gaap-ci_TotaleValoreProduzione" xlink:label="sm-gaap-ci_TotaleValoreProduzione"/>
    <calculationArc xlink:type="arc" xlink:arcrole="http://www.xbrl.org/2003/arcrole/summation-item" xlink:from="sm-gaap-ci_DifferenzaValoreCostiProduzione" xlink:to="sm-gaap-ci_TotaleValoreProduzione" order="1" weight="1" priority="0" use="optional"/>
    <loc xlink:type="locator" xlink:href="sm-gaap-ci-2019-01-24.xsd#sm-gaap-ci_ValoreProduzioneRicaviVenditePrestazioni" xlink:label="sm-gaap-ci_ValoreProduzioneRicaviVenditePrestazioni"/>
    <calculationArc xlink:type="arc" xlink:arcrole="http://www.xbrl.org/2003/arcrole/summation-item" xlink:from="sm-gaap-ci_TotaleValoreProduzione" xlink:to="sm-gaap-ci_ValoreProduzioneRicaviVenditePrestazioni" order="1" weight="1" priority="0" use="optional"/>
    <loc xlink:type="locator" xlink:href="sm-gaap-ci-2019-01-24.xsd#sm-gaap-ci_ValoreProduzioneVariazioniRimanenzeProdottiCorsoLavorazioneSemilavoratiFiniti" xlink:label="sm-gaap-ci_ValoreProduzioneVariazioniRimanenzeProdottiCorsoLavorazioneSemilavoratiFiniti"/>
    <calculationArc xlink:type="arc" xlink:arcrole="http://www.xbrl.org/2003/arcrole/summation-item" xlink:from="sm-gaap-ci_TotaleValoreProduzione" xlink:to="sm-gaap-ci_ValoreProduzioneVariazioniRimanenzeProdottiCorsoLavorazioneSemilavoratiFiniti" order="2" weight="1" priority="0" use="optional"/>
    <loc xlink:type="locator" xlink:href="sm-gaap-ci-2019-01-24.xsd#sm-gaap-ci_ValoreProduzioneVariazioniLavoriCorsoOrdinazione" xlink:label="sm-gaap-ci_ValoreProduzioneVariazioniLavoriCorsoOrdinazione"/>
    <calculationArc xlink:type="arc" xlink:arcrole="http://www.xbrl.org/2003/arcrole/summation-item" xlink:from="sm-gaap-ci_TotaleValoreProduzione" xlink:to="sm-gaap-ci_ValoreProduzioneVariazioniLavoriCorsoOrdinazione" order="3" weight="1" priority="0" use="optional"/>
    <loc xlink:type="locator" xlink:href="sm-gaap-ci-2019-01-24.xsd#sm-gaap-ci_ValoreProduzioneIncrementiImmobilizzazioniLavoriInterni" xlink:label="sm-gaap-ci_ValoreProduzioneIncrementiImmobilizzazioniLavoriInterni"/>
    <calculationArc xlink:type="arc" xlink:arcrole="http://www.xbrl.org/2003/arcrole/summation-item" xlink:from="sm-gaap-ci_TotaleValoreProduzione" xlink:to="sm-gaap-ci_ValoreProduzioneIncrementiImmobilizzazioniLavoriInterni" order="4" weight="1" priority="0" use="optional"/>
    <loc xlink:type="locator" xlink:href="sm-gaap-ci-2019-01-24.xsd#sm-gaap-ci_ValoreProduzioneAltriRicaviProventiTotaleAltriRicaviProventi" xlink:label="sm-gaap-ci_ValoreProduzioneAltriRicaviProventiTotaleAltriRicaviProventi"/>
    <calculationArc xlink:type="arc" xlink:arcrole="http://www.xbrl.org/2003/arcrole/summation-item" xlink:from="sm-gaap-ci_TotaleValoreProduzione" xlink:to="sm-gaap-ci_ValoreProduzioneAltriRicaviProventiTotaleAltriRicaviProventi" order="5" weight="1" priority="0" use="optional"/>
    <loc xlink:type="locator" xlink:href="sm-gaap-ci-2019-01-24.xsd#sm-gaap-ci_ValoreProduzioneAltriRicaviProventiContributiContoEsercizio" xlink:label="sm-gaap-ci_ValoreProduzioneAltriRicaviProventiContributiContoEsercizio"/>
    <calculationArc xlink:type="arc" xlink:arcrole="http://www.xbrl.org/2003/arcrole/summation-item" xlink:from="sm-gaap-ci_ValoreProduzioneAltriRicaviProventiTotaleAltriRicaviProventi" xlink:to="sm-gaap-ci_ValoreProduzioneAltriRicaviProventiContributiContoEsercizio" order="1" weight="1" priority="0" use="optional"/>
    <loc xlink:type="locator" xlink:href="sm-gaap-ci-2019-01-24.xsd#sm-gaap-ci_ValoreProduzioneAltriRicaviProventiAltri" xlink:label="sm-gaap-ci_ValoreProduzioneAltriRicaviProventiAltri"/>
    <calculationArc xlink:type="arc" xlink:arcrole="http://www.xbrl.org/2003/arcrole/summation-item" xlink:from="sm-gaap-ci_ValoreProduzioneAltriRicaviProventiTotaleAltriRicaviProventi" xlink:to="sm-gaap-ci_ValoreProduzioneAltriRicaviProventiAltri" order="2" weight="1" priority="0" use="optional"/>
    <loc xlink:type="locator" xlink:href="sm-gaap-ci-2019-01-24.xsd#sm-gaap-ci_TotaleCostiProduzione" xlink:label="sm-gaap-ci_TotaleCostiProduzione"/>
    <calculationArc xlink:type="arc" xlink:arcrole="http://www.xbrl.org/2003/arcrole/summation-item" xlink:from="sm-gaap-ci_DifferenzaValoreCostiProduzione" xlink:to="sm-gaap-ci_TotaleCostiProduzione" order="2" weight="-1" priority="0" use="optional"/>
    <loc xlink:type="locator" xlink:href="sm-gaap-ci-2019-01-24.xsd#sm-gaap-ci_CostiProduzioneMateriePrimeSussidiarieConsumoMerci" xlink:label="sm-gaap-ci_CostiProduzioneMateriePrimeSussidiarieConsumoMerci"/>
    <calculationArc xlink:type="arc" xlink:arcrole="http://www.xbrl.org/2003/arcrole/summation-item" xlink:from="sm-gaap-ci_TotaleCostiProduzione" xlink:to="sm-gaap-ci_CostiProduzioneMateriePrimeSussidiarieConsumoMerci" order="1" weight="1" priority="0" use="optional"/>
    <loc xlink:type="locator" xlink:href="sm-gaap-ci-2019-01-24.xsd#sm-gaap-ci_CostiProduzioneServizi" xlink:label="sm-gaap-ci_CostiProduzioneServizi"/>
    <calculationArc xlink:type="arc" xlink:arcrole="http://www.xbrl.org/2003/arcrole/summation-item" xlink:from="sm-gaap-ci_TotaleCostiProduzione" xlink:to="sm-gaap-ci_CostiProduzioneServizi" order="2" weight="1" priority="0" use="optional"/>
    <loc xlink:type="locator" xlink:href="sm-gaap-ci-2019-01-24.xsd#sm-gaap-ci_CostiProduzioneGodimentoBeniTerzi" xlink:label="sm-gaap-ci_CostiProduzioneGodimentoBeniTerzi"/>
    <calculationArc xlink:type="arc" xlink:arcrole="http://www.xbrl.org/2003/arcrole/summation-item" xlink:from="sm-gaap-ci_TotaleCostiProduzione" xlink:to="sm-gaap-ci_CostiProduzioneGodimentoBeniTerzi" order="3" weight="1" priority="0" use="optional"/>
    <loc xlink:type="locator" xlink:href="sm-gaap-ci-2019-01-24.xsd#sm-gaap-ci_CostiProduzionePersonaleTotaleCostiPersonale" xlink:label="sm-gaap-ci_CostiProduzionePersonaleTotaleCostiPersonale"/>
    <calculationArc xlink:type="arc" xlink:arcrole="http://www.xbrl.org/2003/arcrole/summation-item" xlink:from="sm-gaap-ci_TotaleCostiProduzione" xlink:to="sm-gaap-ci_CostiProduzionePersonaleTotaleCostiPersonale" order="4" weight="1" priority="0" use="optional"/>
    <loc xlink:type="locator" xlink:href="sm-gaap-ci-2019-01-24.xsd#sm-gaap-ci_CostiProduzioneAmmortamentiSvalutazioniTotaleAmmortamentiSvalutazioni" xlink:label="sm-gaap-ci_CostiProduzioneAmmortamentiSvalutazioniTotaleAmmortamentiSvalutazioni"/>
    <calculationArc xlink:type="arc" xlink:arcrole="http://www.xbrl.org/2003/arcrole/summation-item" xlink:from="sm-gaap-ci_TotaleCostiProduzione" xlink:to="sm-gaap-ci_CostiProduzioneAmmortamentiSvalutazioniTotaleAmmortamentiSvalutazioni" order="5" weight="1" priority="0" use="optional"/>
    <loc xlink:type="locator" xlink:href="sm-gaap-ci-2019-01-24.xsd#sm-gaap-ci_CostiProduzioneVariazioniRimanenzeMateriePrimeSussidiarieConsumoMerci" xlink:label="sm-gaap-ci_CostiProduzioneVariazioniRimanenzeMateriePrimeSussidiarieConsumoMerci"/>
    <calculationArc xlink:type="arc" xlink:arcrole="http://www.xbrl.org/2003/arcrole/summation-item" xlink:from="sm-gaap-ci_TotaleCostiProduzione" xlink:to="sm-gaap-ci_CostiProduzioneVariazioniRimanenzeMateriePrimeSussidiarieConsumoMerci" order="6" weight="1" priority="0" use="optional"/>
    <loc xlink:type="locator" xlink:href="sm-gaap-ci-2019-01-24.xsd#sm-gaap-ci_CostiProduzioneAccantonamentiRischi" xlink:label="sm-gaap-ci_CostiProduzioneAccantonamentiRischi"/>
    <calculationArc xlink:type="arc" xlink:arcrole="http://www.xbrl.org/2003/arcrole/summation-item" xlink:from="sm-gaap-ci_TotaleCostiProduzione" xlink:to="sm-gaap-ci_CostiProduzioneAccantonamentiRischi" order="7" weight="1" priority="0" use="optional"/>
    <loc xlink:type="locator" xlink:href="sm-gaap-ci-2019-01-24.xsd#sm-gaap-ci_CostiProduzioneAltriAccantonamenti" xlink:label="sm-gaap-ci_CostiProduzioneAltriAccantonamenti"/>
    <calculationArc xlink:type="arc" xlink:arcrole="http://www.xbrl.org/2003/arcrole/summation-item" xlink:from="sm-gaap-ci_TotaleCostiProduzione" xlink:to="sm-gaap-ci_CostiProduzioneAltriAccantonamenti" order="8" weight="1" priority="0" use="optional"/>
    <loc xlink:type="locator" xlink:href="sm-gaap-ci-2019-01-24.xsd#sm-gaap-ci_CostiProduzioneOneriDiversiGestione" xlink:label="sm-gaap-ci_CostiProduzioneOneriDiversiGestione"/>
    <calculationArc xlink:type="arc" xlink:arcrole="http://www.xbrl.org/2003/arcrole/summation-item" xlink:from="sm-gaap-ci_TotaleCostiProduzione" xlink:to="sm-gaap-ci_CostiProduzioneOneriDiversiGestione" order="9" weight="1" priority="0" use="optional"/>
    <loc xlink:type="locator" xlink:href="sm-gaap-ci-2019-01-24.xsd#sm-gaap-ci_TotaleProventiOneriFinanziari" xlink:label="sm-gaap-ci_TotaleProventiOneriFinanziari"/>
    <calculationArc xlink:type="arc" xlink:arcrole="http://www.xbrl.org/2003/arcrole/summation-item" xlink:from="sm-gaap-ci_RisultatoPrimaImposte" xlink:to="sm-gaap-ci_TotaleProventiOneriFinanziari" order="2" weight="1" priority="0" use="optional"/>
    <loc xlink:type="locator" xlink:href="sm-gaap-ci-2019-01-24.xsd#sm-gaap-ci_ProventiOneriFinanziariProventiPartecipazioniTotaleProventiPartecipazioni" xlink:label="sm-gaap-ci_ProventiOneriFinanziariProventiPartecipazioniTotaleProventiPartecipazioni"/>
    <calculationArc xlink:type="arc" xlink:arcrole="http://www.xbrl.org/2003/arcrole/summation-item" xlink:from="sm-gaap-ci_TotaleProventiOneriFinanziari" xlink:to="sm-gaap-ci_ProventiOneriFinanziariProventiPartecipazioniTotaleProventiPartecipazioni" order="1" weight="1" priority="0" use="optional"/>
    <loc xlink:type="locator" xlink:href="sm-gaap-ci-2019-01-24.xsd#sm-gaap-ci_ProventiOneriFinanziariProventiPartecipazioniSocietaControllate" xlink:label="sm-gaap-ci_ProventiOneriFinanziariProventiPartecipazioniSocietaControllate"/>
    <calculationArc xlink:type="arc" xlink:arcrole="http://www.xbrl.org/2003/arcrole/summation-item" xlink:from="sm-gaap-ci_ProventiOneriFinanziariProventiPartecipazioniTotaleProventiPartecipazioni" xlink:to="sm-gaap-ci_ProventiOneriFinanziariProventiPartecipazioniSocietaControllate" order="1" weight="1" priority="0" use="optional"/>
    <loc xlink:type="locator" xlink:href="sm-gaap-ci-2019-01-24.xsd#sm-gaap-ci_ProventiOneriFinanziariProventiPartecipazioniSocietaCollegate" xlink:label="sm-gaap-ci_ProventiOneriFinanziariProventiPartecipazioniSocietaCollegate"/>
    <calculationArc xlink:type="arc" xlink:arcrole="http://www.xbrl.org/2003/arcrole/summation-item" xlink:from="sm-gaap-ci_ProventiOneriFinanziariProventiPartecipazioniTotaleProventiPartecipazioni" xlink:to="sm-gaap-ci_ProventiOneriFinanziariProventiPartecipazioniSocietaCollegate" order="2" weight="1" priority="0" use="optional"/>
    <loc xlink:type="locator" xlink:href="sm-gaap-ci-2019-01-24.xsd#sm-gaap-ci_ProventiOneriFinanziariProventiPartecipazioniAltri" xlink:label="sm-gaap-ci_ProventiOneriFinanziariProventiPartecipazioniAltri"/>
    <calculationArc xlink:type="arc" xlink:arcrole="http://www.xbrl.org/2003/arcrole/summation-item" xlink:from="sm-gaap-ci_ProventiOneriFinanziariProventiPartecipazioniTotaleProventiPartecipazioni" xlink:to="sm-gaap-ci_ProventiOneriFinanziariProventiPartecipazioniAltri" order="3" weight="1" priority="0" use="optional"/>
    <loc xlink:type="locator" xlink:href="sm-gaap-ci-2019-01-24.xsd#sm-gaap-ci_ProventiOneriFinanziariAltriProventiFinanziariTotaleAltriProventiFinanziari" xlink:label="sm-gaap-ci_ProventiOneriFinanziariAltriProventiFinanziariTotaleAltriProventiFinanziari"/>
    <calculationArc xlink:type="arc" xlink:arcrole="http://www.xbrl.org/2003/arcrole/summation-item" xlink:from="sm-gaap-ci_TotaleProventiOneriFinanziari" xlink:to="sm-gaap-ci_ProventiOneriFinanziariAltriProventiFinanziariTotaleAltriProventiFinanziari" order="2" weight="1" priority="0" use="optional"/>
    <loc xlink:type="locator" xlink:href="sm-gaap-ci-2019-01-24.xsd#sm-gaap-ci_ProventiOneriFinanziariInteressiAltriOneriFinanziariTotaleInteressiAltriOneriFinanziari" xlink:label="sm-gaap-ci_ProventiOneriFinanziariInteressiAltriOneriFinanziariTotaleInteressiAltriOneriFinanziari"/>
    <calculationArc xlink:type="arc" xlink:arcrole="http://www.xbrl.org/2003/arcrole/summation-item" xlink:from="sm-gaap-ci_TotaleProventiOneriFinanziari" xlink:to="sm-gaap-ci_ProventiOneriFinanziariInteressiAltriOneriFinanziariTotaleInteressiAltriOneriFinanziari" order="3" weight="-1" priority="0" use="optional"/>
    <loc xlink:type="locator" xlink:href="sm-gaap-ci-2019-01-24.xsd#sm-gaap-ci_ProventiOneriFinanziariInteressiAltriOneriFinanziariSocietaControllate" xlink:label="sm-gaap-ci_ProventiOneriFinanziariInteressiAltriOneriFinanziariSocietaControllate"/>
    <calculationArc xlink:type="arc" xlink:arcrole="http://www.xbrl.org/2003/arcrole/summation-item" xlink:from="sm-gaap-ci_ProventiOneriFinanziariInteressiAltriOneriFinanziariTotaleInteressiAltriOneriFinanziari" xlink:to="sm-gaap-ci_ProventiOneriFinanziariInteressiAltriOneriFinanziariSocietaControllate" order="1" weight="1" priority="0" use="optional"/>
    <loc xlink:type="locator" xlink:href="sm-gaap-ci-2019-01-24.xsd#sm-gaap-ci_ProventiOneriFinanziariInteressiAltriOneriFinanziariSocietaCollegate" xlink:label="sm-gaap-ci_ProventiOneriFinanziariInteressiAltriOneriFinanziariSocietaCollegate"/>
    <calculationArc xlink:type="arc" xlink:arcrole="http://www.xbrl.org/2003/arcrole/summation-item" xlink:from="sm-gaap-ci_ProventiOneriFinanziariInteressiAltriOneriFinanziariTotaleInteressiAltriOneriFinanziari" xlink:to="sm-gaap-ci_ProventiOneriFinanziariInteressiAltriOneriFinanziariSocietaCollegate" order="2" weight="1" priority="0" use="optional"/>
    <loc xlink:type="locator" xlink:href="sm-gaap-ci-2019-01-24.xsd#sm-gaap-ci_ProventiOneriFinanziariInteressiAltriOneriFinanziariSocietaControllanti" xlink:label="sm-gaap-ci_ProventiOneriFinanziariInteressiAltriOneriFinanziariSocietaControllanti"/>
    <calculationArc xlink:type="arc" xlink:arcrole="http://www.xbrl.org/2003/arcrole/summation-item" xlink:from="sm-gaap-ci_ProventiOneriFinanziariInteressiAltriOneriFinanziariTotaleInteressiAltriOneriFinanziari" xlink:to="sm-gaap-ci_ProventiOneriFinanziariInteressiAltriOneriFinanziariSocietaControllanti" order="3" weight="1" priority="0" use="optional"/>
    <loc xlink:type="locator" xlink:href="sm-gaap-ci-2019-01-24.xsd#sm-gaap-ci_ProventiOneriFinanziariInteressiAltriOneriFinanziariAltri" xlink:label="sm-gaap-ci_ProventiOneriFinanziariInteressiAltriOneriFinanziariAltri"/>
    <calculationArc xlink:type="arc" xlink:arcrole="http://www.xbrl.org/2003/arcrole/summation-item" xlink:from="sm-gaap-ci_ProventiOneriFinanziariInteressiAltriOneriFinanziariTotaleInteressiAltriOneriFinanziari" xlink:to="sm-gaap-ci_ProventiOneriFinanziariInteressiAltriOneriFinanziariAltri" order="4" weight="1" priority="0" use="optional"/>
    <loc xlink:type="locator" xlink:href="sm-gaap-ci-2019-01-24.xsd#sm-gaap-ci_ProventiOneriFinanziariUtiliPerditeCambi" xlink:label="sm-gaap-ci_ProventiOneriFinanziariUtiliPerditeCambi"/>
    <calculationArc xlink:type="arc" xlink:arcrole="http://www.xbrl.org/2003/arcrole/summation-item" xlink:from="sm-gaap-ci_TotaleProventiOneriFinanziari" xlink:to="sm-gaap-ci_ProventiOneriFinanziariUtiliPerditeCambi" order="4" weight="1" priority="0" use="optional"/>
    <loc xlink:type="locator" xlink:href="sm-gaap-ci-2019-01-24.xsd#sm-gaap-ci_TotaleRettificheValoreAttivitaFinanziarie" xlink:label="sm-gaap-ci_TotaleRettificheValoreAttivitaFinanziarie"/>
    <calculationArc xlink:type="arc" xlink:arcrole="http://www.xbrl.org/2003/arcrole/summation-item" xlink:from="sm-gaap-ci_RisultatoPrimaImposte" xlink:to="sm-gaap-ci_TotaleRettificheValoreAttivitaFinanziarie" order="3" weight="1" priority="0" use="optional"/>
    <loc xlink:type="locator" xlink:href="sm-gaap-ci-2019-01-24.xsd#sm-gaap-ci_RettificheValoreAttivitaFinanziarieRivalutazioniTotaleRivalutazioni" xlink:label="sm-gaap-ci_RettificheValoreAttivitaFinanziarieRivalutazioniTotaleRivalutazioni"/>
    <calculationArc xlink:type="arc" xlink:arcrole="http://www.xbrl.org/2003/arcrole/summation-item" xlink:from="sm-gaap-ci_TotaleRettificheValoreAttivitaFinanziarie" xlink:to="sm-gaap-ci_RettificheValoreAttivitaFinanziarieRivalutazioniTotaleRivalutazioni" order="1" weight="1" priority="0" use="optional"/>
    <loc xlink:type="locator" xlink:href="sm-gaap-ci-2019-01-24.xsd#sm-gaap-ci_RettificheValoreAttivitaFinanziarieSvalutazioniTotaleSvalutazioni" xlink:label="sm-gaap-ci_RettificheValoreAttivitaFinanziarieSvalutazioniTotaleSvalutazioni"/>
    <calculationArc xlink:type="arc" xlink:arcrole="http://www.xbrl.org/2003/arcrole/summation-item" xlink:from="sm-gaap-ci_TotaleRettificheValoreAttivitaFinanziarie" xlink:to="sm-gaap-ci_RettificheValoreAttivitaFinanziarieSvalutazioniTotaleSvalutazioni" order="2" weight="-1" priority="0" use="optional"/>
    <loc xlink:type="locator" xlink:href="sm-gaap-ci-2019-01-24.xsd#sm-gaap-ci_TotalePartiteStraordinarie" xlink:label="sm-gaap-ci_TotalePartiteStraordinarie"/>
    <calculationArc xlink:type="arc" xlink:arcrole="http://www.xbrl.org/2003/arcrole/summation-item" xlink:from="sm-gaap-ci_RisultatoPrimaImposte" xlink:to="sm-gaap-ci_TotalePartiteStraordinarie" order="4" weight="1" priority="0" use="optional"/>
    <loc xlink:type="locator" xlink:href="sm-gaap-ci-2019-01-24.xsd#sm-gaap-ci_ProventiOneriStraordinariProventiStraordinariTotaleProventiStraordinari" xlink:label="sm-gaap-ci_ProventiOneriStraordinariProventiStraordinariTotaleProventiStraordinari"/>
    <calculationArc xlink:type="arc" xlink:arcrole="http://www.xbrl.org/2003/arcrole/summation-item" xlink:from="sm-gaap-ci_TotalePartiteStraordinarie" xlink:to="sm-gaap-ci_ProventiOneriStraordinariProventiStraordinariTotaleProventiStraordinari" order="1" weight="1" priority="0" use="optional"/>
    <loc xlink:type="locator" xlink:href="sm-gaap-ci-2019-01-24.xsd#sm-gaap-ci_ProventiOneriStraordinariProventiStraordinariPlusvalenzeAlienazioniCuiRicaviNonSonoIscrivibiliN5" xlink:label="sm-gaap-ci_ProventiOneriStraordinariProventiStraordinariPlusvalenzeAlienazioniCuiRicaviNonSonoIscrivibiliN5"/>
    <calculationArc xlink:type="arc" xlink:arcrole="http://www.xbrl.org/2003/arcrole/summation-item" xlink:from="sm-gaap-ci_ProventiOneriStraordinariProventiStraordinariTotaleProventiStraordinari" xlink:to="sm-gaap-ci_ProventiOneriStraordinariProventiStraordinariPlusvalenzeAlienazioniCuiRicaviNonSonoIscrivibiliN5" order="1" weight="1" priority="0" use="optional"/>
    <loc xlink:type="locator" xlink:href="sm-gaap-ci-2019-01-24.xsd#sm-gaap-ci_ProventiOneriStraordinariProventiStraordinariAltri" xlink:label="sm-gaap-ci_ProventiOneriStraordinariProventiStraordinariAltri"/>
    <calculationArc xlink:type="arc" xlink:arcrole="http://www.xbrl.org/2003/arcrole/summation-item" xlink:from="sm-gaap-ci_ProventiOneriStraordinariProventiStraordinariTotaleProventiStraordinari" xlink:to="sm-gaap-ci_ProventiOneriStraordinariProventiStraordinariAltri" order="2" weight="1" priority="0" use="optional"/>
    <loc xlink:type="locator" xlink:href="sm-gaap-ci-2019-01-24.xsd#sm-gaap-ci_ProventiOneriStraordinariOneriStraordinariTotaleOneriStraordinari" xlink:label="sm-gaap-ci_ProventiOneriStraordinariOneriStraordinariTotaleOneriStraordinari"/>
    <calculationArc xlink:type="arc" xlink:arcrole="http://www.xbrl.org/2003/arcrole/summation-item" xlink:from="sm-gaap-ci_TotalePartiteStraordinarie" xlink:to="sm-gaap-ci_ProventiOneriStraordinariOneriStraordinariTotaleOneriStraordinari" order="2" weight="-1" priority="0" use="optional"/>
    <loc xlink:type="locator" xlink:href="sm-gaap-ci-2019-01-24.xsd#sm-gaap-ci_ProventiOneriStraordinariOneriStraordinariMinusvalenzeAlienazioniCuiEffettiContabiliNonSonoIscrivibiliN14" xlink:label="sm-gaap-ci_ProventiOneriStraordinariOneriStraordinariMinusvalenzeAlienazioniCuiEffettiContabiliNonSonoIscrivibiliN14"/>
    <calculationArc xlink:type="arc" xlink:arcrole="http://www.xbrl.org/2003/arcrole/summation-item" xlink:from="sm-gaap-ci_ProventiOneriStraordinariOneriStraordinariTotaleOneriStraordinari" xlink:to="sm-gaap-ci_ProventiOneriStraordinariOneriStraordinariMinusvalenzeAlienazioniCuiEffettiContabiliNonSonoIscrivibiliN14" order="1" weight="1" priority="0" use="optional"/>
    <loc xlink:type="locator" xlink:href="sm-gaap-ci-2019-01-24.xsd#sm-gaap-ci_ProventiOneriStraordinariOneriStraordinariImposteRelativeEserciziPrecedenti" xlink:label="sm-gaap-ci_ProventiOneriStraordinariOneriStraordinariImposteRelativeEserciziPrecedenti"/>
    <calculationArc xlink:type="arc" xlink:arcrole="http://www.xbrl.org/2003/arcrole/summation-item" xlink:from="sm-gaap-ci_ProventiOneriStraordinariOneriStraordinariTotaleOneriStraordinari" xlink:to="sm-gaap-ci_ProventiOneriStraordinariOneriStraordinariImposteRelativeEserciziPrecedenti" order="2" weight="1" priority="0" use="optional"/>
    <loc xlink:type="locator" xlink:href="sm-gaap-ci-2019-01-24.xsd#sm-gaap-ci_ProventiOneriStraordinariOneriStraordinariAltri" xlink:label="sm-gaap-ci_ProventiOneriStraordinariOneriStraordinariAltri"/>
    <calculationArc xlink:type="arc" xlink:arcrole="http://www.xbrl.org/2003/arcrole/summation-item" xlink:from="sm-gaap-ci_ProventiOneriStraordinariOneriStraordinariTotaleOneriStraordinari" xlink:to="sm-gaap-ci_ProventiOneriStraordinariOneriStraordinariAltri" order="3" weight="1" priority="0" use="optional"/>
    <loc xlink:type="locator" xlink:href="sm-gaap-ci-2019-01-24.xsd#sm-gaap-ci_ImposteRedditoEsercizioCorrentiDifferiteAnticipateTotaleImposteRedditoEsercizioCorrentiDifferiteAnticipate" xlink:label="sm-gaap-ci_ImposteRedditoEsercizioCorrentiDifferiteAnticipateTotaleImposteRedditoEsercizioCorrentiDifferiteAnticipate"/>
    <calculationArc xlink:type="arc" xlink:arcrole="http://www.xbrl.org/2003/arcrole/summation-item" xlink:from="sm-gaap-ci_UtilePerditaEsercizio" xlink:to="sm-gaap-ci_ImposteRedditoEsercizioCorrentiDifferiteAnticipateTotaleImposteRedditoEsercizioCorrentiDifferiteAnticipate" order="2" weight="-1" priority="0" use="optional"/>
    <loc xlink:type="locator" xlink:href="sm-gaap-ci-2019-01-24.xsd#sm-gaap-ci_ImposteRedditoEsercizioCorrentiDifferiteAnticipateImposteCorrenti" xlink:label="sm-gaap-ci_ImposteRedditoEsercizioCorrentiDifferiteAnticipateImposteCorrenti"/>
    <calculationArc xlink:type="arc" xlink:arcrole="http://www.xbrl.org/2003/arcrole/summation-item" xlink:from="sm-gaap-ci_ImposteRedditoEsercizioCorrentiDifferiteAnticipateTotaleImposteRedditoEsercizioCorrentiDifferiteAnticipate" xlink:to="sm-gaap-ci_ImposteRedditoEsercizioCorrentiDifferiteAnticipateImposteCorrenti" order="1" weight="1" priority="0" use="optional"/>
    <loc xlink:type="locator" xlink:href="sm-gaap-ci-2019-01-24.xsd#sm-gaap-ci_ImposteRedditoEsercizioCorrentiDifferiteAnticipateImposteDifferite" xlink:label="sm-gaap-ci_ImposteRedditoEsercizioCorrentiDifferiteAnticipateImposteDifferite"/>
    <calculationArc xlink:type="arc" xlink:arcrole="http://www.xbrl.org/2003/arcrole/summation-item" xlink:from="sm-gaap-ci_ImposteRedditoEsercizioCorrentiDifferiteAnticipateTotaleImposteRedditoEsercizioCorrentiDifferiteAnticipate" xlink:to="sm-gaap-ci_ImposteRedditoEsercizioCorrentiDifferiteAnticipateImposteDifferite" order="2" weight="1" priority="0" use="optional"/>
    <loc xlink:type="locator" xlink:href="sm-gaap-ci-2019-01-24.xsd#sm-gaap-ci_ImposteRedditoEsercizioCorrentiDifferiteAnticipateImposteAnticipate" xlink:label="sm-gaap-ci_ImposteRedditoEsercizioCorrentiDifferiteAnticipateImposteAnticipate"/>
    <calculationArc xlink:type="arc" xlink:arcrole="http://www.xbrl.org/2003/arcrole/summation-item" xlink:from="sm-gaap-ci_ImposteRedditoEsercizioCorrentiDifferiteAnticipateTotaleImposteRedditoEsercizioCorrentiDifferiteAnticipate" xlink:to="sm-gaap-ci_ImposteRedditoEsercizioCorrentiDifferiteAnticipateImposteAnticipate" order="3" weight="-1" priority="0" use="optional"/>
  </calculationLink>
</linkbase>
