<?xml version="1.0" encoding="UTF-8"?>
<!--
Tassonomia XBRL della Repubblica di San Marino

File: sm-gaap-ci-cal-nicontoeconomico-2019-01-24.xml
Versione: 2019-01-24
Sito di riferimento: https://www.xbrl.sm/
Archivio: https://www.xbrl.sm/sm-gaap-ci-2019-01-24.zip
-->
<linkbase xmlns="http://www.xbrl.org/2003/linkbase" xmlns:xsi="http://www.w3.org/2001/XMLSchema-instance" xmlns:xlink="http://www.w3.org/1999/xlink" xsi:schemaLocation="http://www.xbrl.org/2003/linkbase http://www.xbrl.org/2003/xbrl-linkbase-2003-12-31.xsd">
  <roleRef xlink:type="simple" xlink:href="sm-gaap-ci-roles-2019-01-24.xsd#NotaIntegrativaContoEconomico" roleURI="http://www.xbrl.sm/sm/gaap/role/NotaIntegrativaContoEconomico"/>
  <roleRef xlink:type="simple" xlink:href="sm-gaap-ci-roles-2019-01-24.xsd#NotaIntegrativaContoEconomicoTotale" roleURI="http://www.xbrl.sm/sm/gaap/role/NotaIntegrativaContoEconomicoTotale"/>
  <calculationLink xlink:type="extended" xlink:role="http://www.xbrl.sm/sm/gaap/role/NotaIntegrativaContoEconomico">
    <loc xlink:type="locator" xlink:href="sm-gaap-ci-2019-01-24.xsd#sm-gaap-ci_TotaleProventiDiversiDividendi" xlink:label="sm-gaap-ci_TotaleProventiDiversiDividendi"/>
    <loc xlink:type="locator" xlink:href="sm-gaap-ci-2019-01-24.xsd#sm-gaap-ci_ProventiDiversiDividendiSocietaControllate" xlink:label="sm-gaap-ci_ProventiDiversiDividendiSocietaControllate"/>
    <calculationArc xlink:type="arc" xlink:arcrole="http://www.xbrl.org/2003/arcrole/summation-item" xlink:from="sm-gaap-ci_TotaleProventiDiversiDividendi" xlink:to="sm-gaap-ci_ProventiDiversiDividendiSocietaControllate" order="1" weight="1" priority="0" use="optional"/>
    <loc xlink:type="locator" xlink:href="sm-gaap-ci-2019-01-24.xsd#sm-gaap-ci_ProventiDiversiDividendiSocietaCollegate" xlink:label="sm-gaap-ci_ProventiDiversiDividendiSocietaCollegate"/>
    <calculationArc xlink:type="arc" xlink:arcrole="http://www.xbrl.org/2003/arcrole/summation-item" xlink:from="sm-gaap-ci_TotaleProventiDiversiDividendi" xlink:to="sm-gaap-ci_ProventiDiversiDividendiSocietaCollegate" order="2" weight="1" priority="0" use="optional"/>
    <loc xlink:type="locator" xlink:href="sm-gaap-ci-2019-01-24.xsd#sm-gaap-ci_ProventiDiversiDividendiSocietaControllanti" xlink:label="sm-gaap-ci_ProventiDiversiDividendiSocietaControllanti"/>
    <calculationArc xlink:type="arc" xlink:arcrole="http://www.xbrl.org/2003/arcrole/summation-item" xlink:from="sm-gaap-ci_TotaleProventiDiversiDividendi" xlink:to="sm-gaap-ci_ProventiDiversiDividendiSocietaControllanti" order="3" weight="1" priority="0" use="optional"/>
    <loc xlink:type="locator" xlink:href="sm-gaap-ci-2019-01-24.xsd#sm-gaap-ci_ProventiDiversiDividendiAltri" xlink:label="sm-gaap-ci_ProventiDiversiDividendiAltri"/>
    <calculationArc xlink:type="arc" xlink:arcrole="http://www.xbrl.org/2003/arcrole/summation-item" xlink:from="sm-gaap-ci_TotaleProventiDiversiDividendi" xlink:to="sm-gaap-ci_ProventiDiversiDividendiAltri" order="4" weight="1" priority="0" use="optional"/>
    <loc xlink:type="locator" xlink:href="sm-gaap-ci-2019-01-24.xsd#sm-gaap-ci_DifferenzeTemporaneeNetteIGR" xlink:label="sm-gaap-ci_DifferenzeTemporaneeNetteIGR"/>
    <loc xlink:type="locator" xlink:href="sm-gaap-ci-2019-01-24.xsd#sm-gaap-ci_TotaleDifferenzeTemporaneeImponibiliIGR" xlink:label="sm-gaap-ci_TotaleDifferenzeTemporaneeImponibiliIGR"/>
    <calculationArc xlink:type="arc" xlink:arcrole="http://www.xbrl.org/2003/arcrole/summation-item" xlink:from="sm-gaap-ci_DifferenzeTemporaneeNetteIGR" xlink:to="sm-gaap-ci_TotaleDifferenzeTemporaneeImponibiliIGR" order="1" weight="1" priority="0" use="optional"/>
    <loc xlink:type="locator" xlink:href="sm-gaap-ci-2019-01-24.xsd#sm-gaap-ci_TotaleDifferenzeTemporaneeDeducibiliIGR" xlink:label="sm-gaap-ci_TotaleDifferenzeTemporaneeDeducibiliIGR"/>
    <calculationArc xlink:type="arc" xlink:arcrole="http://www.xbrl.org/2003/arcrole/summation-item" xlink:from="sm-gaap-ci_DifferenzeTemporaneeNetteIGR" xlink:to="sm-gaap-ci_TotaleDifferenzeTemporaneeDeducibiliIGR" order="2" weight="-1" priority="0" use="optional"/>
  </calculationLink>
  <calculationLink xlink:type="extended" xlink:role="http://www.xbrl.sm/sm/gaap/role/NotaIntegrativaContoEconomicoTotale">
    <loc xlink:type="locator" xlink:href="sm-gaap-ci-2019-01-24.xsd#sm-gaap-ci_ValoreProduzioneRicaviVenditePrestazioni" xlink:label="sm-gaap-ci_ValoreProduzioneRicaviVenditePrestazioni"/>
    <loc xlink:type="locator" xlink:href="sm-gaap-ci-2019-01-24.xsd#sm-gaap-ci_ValoreEsercizioCorrenteRicaviVenditePrestazioniCategoriaAttivita" xlink:label="sm-gaap-ci_ValoreEsercizioCorrenteRicaviVenditePrestazioniCategoriaAttivita"/>
    <calculationArc xlink:type="arc" xlink:arcrole="http://www.xbrl.org/2003/arcrole/summation-item" xlink:from="sm-gaap-ci_ValoreProduzioneRicaviVenditePrestazioni" xlink:to="sm-gaap-ci_ValoreEsercizioCorrenteRicaviVenditePrestazioniCategoriaAttivita" order="1" weight="1" priority="0" use="optional"/>
    <loc xlink:type="locator" xlink:href="sm-gaap-ci-2019-01-24.xsd#sm-gaap-ci_TotaleInteressiAltriOneriFinanziari" xlink:label="sm-gaap-ci_TotaleInteressiAltriOneriFinanziari"/>
    <loc xlink:type="locator" xlink:href="sm-gaap-ci-2019-01-24.xsd#sm-gaap-ci_PrestitiObbligazionariInteressiAltriOneriFinanziari" xlink:label="sm-gaap-ci_PrestitiObbligazionariInteressiAltriOneriFinanziari"/>
    <calculationArc xlink:type="arc" xlink:arcrole="http://www.xbrl.org/2003/arcrole/summation-item" xlink:from="sm-gaap-ci_TotaleInteressiAltriOneriFinanziari" xlink:to="sm-gaap-ci_PrestitiObbligazionariInteressiAltriOneriFinanziari" order="1" weight="1" priority="0" use="optional"/>
    <loc xlink:type="locator" xlink:href="sm-gaap-ci-2019-01-24.xsd#sm-gaap-ci_DebitiVersoBancheInteressiAltriOneriFinanziari" xlink:label="sm-gaap-ci_DebitiVersoBancheInteressiAltriOneriFinanziari"/>
    <calculationArc xlink:type="arc" xlink:arcrole="http://www.xbrl.org/2003/arcrole/summation-item" xlink:from="sm-gaap-ci_TotaleInteressiAltriOneriFinanziari" xlink:to="sm-gaap-ci_DebitiVersoBancheInteressiAltriOneriFinanziari" order="2" weight="1" priority="0" use="optional"/>
    <loc xlink:type="locator" xlink:href="sm-gaap-ci-2019-01-24.xsd#sm-gaap-ci_AltriInteressiAltriOneriFinanziari" xlink:label="sm-gaap-ci_AltriInteressiAltriOneriFinanziari"/>
    <calculationArc xlink:type="arc" xlink:arcrole="http://www.xbrl.org/2003/arcrole/summation-item" xlink:from="sm-gaap-ci_TotaleInteressiAltriOneriFinanziari" xlink:to="sm-gaap-ci_AltriInteressiAltriOneriFinanziari" order="3" weight="1" priority="0" use="optional"/>
  </calculationLink>
</linkbase>
