<?xml version="1.0" encoding="UTF-8"?>
<!--
Tassonomia XBRL della Repubblica di San Marino

File: sm-gaap-ci-pre-nicontoeconomico-2019-01-24.xml
Versione: 2019-01-24
Sito di riferimento: https://www.xbrl.sm/
Archivio: https://www.xbrl.sm/sm-gaap-ci-2019-01-24.zip
-->
<linkbase xmlns="http://www.xbrl.org/2003/linkbase" xmlns:xsi="http://www.w3.org/2001/XMLSchema-instance" xmlns:xlink="http://www.w3.org/1999/xlink" xsi:schemaLocation="http://www.xbrl.org/2003/linkbase http://www.xbrl.org/2003/xbrl-linkbase-2003-12-31.xsd">
  <roleRef xlink:type="simple" xlink:href="sm-gaap-ci-roles-2019-01-24.xsd#NotaIntegrativaContoEconomico" roleURI="http://www.xbrl.sm/sm/gaap/role/NotaIntegrativaContoEconomico"/>
  <presentationLink xlink:type="extended" xlink:role="http://www.xbrl.sm/sm/gaap/role/NotaIntegrativaContoEconomico">
    <loc xlink:type="locator" xlink:href="sm-gaap-ci-2019-01-24.xsd#sm-gaap-ci_NotaIntegrativaContoEconomico" xlink:label="sm-gaap-ci_NotaIntegrativaContoEconomico"/>
    <loc xlink:type="locator" xlink:href="sm-gaap-ci-2019-01-24.xsd#sm-gaap-ci_IntroduzioneNotaIntegrativaContoEconomico" xlink:label="sm-gaap-ci_IntroduzioneNotaIntegrativaContoEconomico"/>
    <presentationArc xlink:type="arc" xlink:arcrole="http://www.xbrl.org/2003/arcrole/parent-child" xlink:from="sm-gaap-ci_NotaIntegrativaContoEconomico" xlink:to="sm-gaap-ci_IntroduzioneNotaIntegrativaContoEconomico" order="1" priority="0" use="optional"/>
    <loc xlink:type="locator" xlink:href="sm-gaap-ci-2019-01-24.xsd#sm-gaap-ci_NotaIntegrativaValoreProduzione" xlink:label="sm-gaap-ci_NotaIntegrativaValoreProduzione"/>
    <presentationArc xlink:type="arc" xlink:arcrole="http://www.xbrl.org/2003/arcrole/parent-child" xlink:from="sm-gaap-ci_NotaIntegrativaContoEconomico" xlink:to="sm-gaap-ci_NotaIntegrativaValoreProduzione" order="2" priority="0" use="optional"/>
    <loc xlink:type="locator" xlink:href="sm-gaap-ci-2019-01-24.xsd#sm-gaap-ci_IntroduzioneValoreProduzione" xlink:label="sm-gaap-ci_IntroduzioneValoreProduzione"/>
    <presentationArc xlink:type="arc" xlink:arcrole="http://www.xbrl.org/2003/arcrole/parent-child" xlink:from="sm-gaap-ci_NotaIntegrativaValoreProduzione" xlink:to="sm-gaap-ci_IntroduzioneValoreProduzione" order="1" priority="0" use="optional"/>
    <loc xlink:type="locator" xlink:href="sm-gaap-ci-2019-01-24.xsd#sm-gaap-ci_SuddivisioneRicaviVenditePrestazioniCategoriaAttivita" xlink:label="sm-gaap-ci_SuddivisioneRicaviVenditePrestazioniCategoriaAttivita"/>
    <presentationArc xlink:type="arc" xlink:arcrole="http://www.xbrl.org/2003/arcrole/parent-child" xlink:from="sm-gaap-ci_NotaIntegrativaValoreProduzione" xlink:to="sm-gaap-ci_SuddivisioneRicaviVenditePrestazioniCategoriaAttivita" order="2" priority="0" use="optional"/>
    <loc xlink:type="locator" xlink:href="sm-gaap-ci-2019-01-24.xsd#sm-gaap-ci_IntroduzioneSuddivisioneRicaviVenditePrestazioniCategoriaAttivita" xlink:label="sm-gaap-ci_IntroduzioneSuddivisioneRicaviVenditePrestazioniCategoriaAttivita"/>
    <presentationArc xlink:type="arc" xlink:arcrole="http://www.xbrl.org/2003/arcrole/parent-child" xlink:from="sm-gaap-ci_SuddivisioneRicaviVenditePrestazioniCategoriaAttivita" xlink:to="sm-gaap-ci_IntroduzioneSuddivisioneRicaviVenditePrestazioniCategoriaAttivita" order="1" priority="0" use="optional"/>
    <loc xlink:type="locator" xlink:href="sm-gaap-ci-2019-01-24.xsd#sm-gaap-ci_DettagliRicaviVenditePrestazioniSuddivisiCategoriaAttivitaProspetto" xlink:label="sm-gaap-ci_DettagliRicaviVenditePrestazioniSuddivisiCategoriaAttivitaProspetto"/>
    <presentationArc xlink:type="arc" xlink:arcrole="http://www.xbrl.org/2003/arcrole/parent-child" xlink:from="sm-gaap-ci_SuddivisioneRicaviVenditePrestazioniCategoriaAttivita" xlink:to="sm-gaap-ci_DettagliRicaviVenditePrestazioniSuddivisiCategoriaAttivitaProspetto" order="2" priority="0" use="optional"/>
    <loc xlink:type="locator" xlink:href="sm-gaap-ci-2019-01-24.xsd#sm-gaap-ci_RicaviVenditePrestazioniCategoriaAttivita" xlink:label="sm-gaap-ci_RicaviVenditePrestazioniCategoriaAttivita"/>
    <presentationArc xlink:type="arc" xlink:arcrole="http://www.xbrl.org/2003/arcrole/parent-child" xlink:from="sm-gaap-ci_DettagliRicaviVenditePrestazioniSuddivisiCategoriaAttivitaProspetto" xlink:to="sm-gaap-ci_RicaviVenditePrestazioniCategoriaAttivita" order="1" priority="0" use="optional"/>
    <loc xlink:type="locator" xlink:href="sm-gaap-ci-2019-01-24.xsd#sm-gaap-ci_CategoriaAttivitaRicaviVenditePrestazioniCategoriaAttivita" xlink:label="sm-gaap-ci_CategoriaAttivitaRicaviVenditePrestazioniCategoriaAttivita"/>
    <presentationArc xlink:type="arc" xlink:arcrole="http://www.xbrl.org/2003/arcrole/parent-child" xlink:from="sm-gaap-ci_RicaviVenditePrestazioniCategoriaAttivita" xlink:to="sm-gaap-ci_CategoriaAttivitaRicaviVenditePrestazioniCategoriaAttivita" order="1" priority="0" use="optional"/>
    <loc xlink:type="locator" xlink:href="sm-gaap-ci-2019-01-24.xsd#sm-gaap-ci_ValoreEsercizioCorrenteRicaviVenditePrestazioniCategoriaAttivita" xlink:label="sm-gaap-ci_ValoreEsercizioCorrenteRicaviVenditePrestazioniCategoriaAttivita"/>
    <presentationArc xlink:type="arc" xlink:arcrole="http://www.xbrl.org/2003/arcrole/parent-child" xlink:from="sm-gaap-ci_RicaviVenditePrestazioniCategoriaAttivita" xlink:to="sm-gaap-ci_ValoreEsercizioCorrenteRicaviVenditePrestazioniCategoriaAttivita" order="2" priority="0" use="optional"/>
    <loc xlink:type="locator" xlink:href="sm-gaap-ci-2019-01-24.xsd#sm-gaap-ci_ValoreProduzioneRicaviVenditePrestazioni" xlink:label="sm-gaap-ci_ValoreProduzioneRicaviVenditePrestazioni"/>
    <presentationArc xlink:type="arc" xlink:arcrole="http://www.xbrl.org/2003/arcrole/parent-child" xlink:from="sm-gaap-ci_DettagliRicaviVenditePrestazioniSuddivisiCategoriaAttivitaProspetto" xlink:to="sm-gaap-ci_ValoreProduzioneRicaviVenditePrestazioni" order="2" preferredLabel="http://www.xbrl.org/2003/role/periodEndLabel" priority="0" use="optional"/>
    <loc xlink:type="locator" xlink:href="sm-gaap-ci-2019-01-24.xsd#sm-gaap-ci_CommentoSuddivisioneRicaviVenditePrestazioniCategoriaAttivita" xlink:label="sm-gaap-ci_CommentoSuddivisioneRicaviVenditePrestazioniCategoriaAttivita"/>
    <presentationArc xlink:type="arc" xlink:arcrole="http://www.xbrl.org/2003/arcrole/parent-child" xlink:from="sm-gaap-ci_SuddivisioneRicaviVenditePrestazioniCategoriaAttivita" xlink:to="sm-gaap-ci_CommentoSuddivisioneRicaviVenditePrestazioniCategoriaAttivita" order="3" priority="0" use="optional"/>
    <loc xlink:type="locator" xlink:href="sm-gaap-ci-2019-01-24.xsd#sm-gaap-ci_NotaIntegrativaCostiProduzione" xlink:label="sm-gaap-ci_NotaIntegrativaCostiProduzione"/>
    <presentationArc xlink:type="arc" xlink:arcrole="http://www.xbrl.org/2003/arcrole/parent-child" xlink:from="sm-gaap-ci_NotaIntegrativaContoEconomico" xlink:to="sm-gaap-ci_NotaIntegrativaCostiProduzione" order="3" priority="0" use="optional"/>
    <loc xlink:type="locator" xlink:href="sm-gaap-ci-2019-01-24.xsd#sm-gaap-ci_CommentoCostiProduzione" xlink:label="sm-gaap-ci_CommentoCostiProduzione"/>
    <presentationArc xlink:type="arc" xlink:arcrole="http://www.xbrl.org/2003/arcrole/parent-child" xlink:from="sm-gaap-ci_NotaIntegrativaCostiProduzione" xlink:to="sm-gaap-ci_CommentoCostiProduzione" order="1" priority="0" use="optional"/>
    <loc xlink:type="locator" xlink:href="sm-gaap-ci-2019-01-24.xsd#sm-gaap-ci_NotaIntegrativaProventiOneriFinanziari" xlink:label="sm-gaap-ci_NotaIntegrativaProventiOneriFinanziari"/>
    <presentationArc xlink:type="arc" xlink:arcrole="http://www.xbrl.org/2003/arcrole/parent-child" xlink:from="sm-gaap-ci_NotaIntegrativaContoEconomico" xlink:to="sm-gaap-ci_NotaIntegrativaProventiOneriFinanziari" order="4" priority="0" use="optional"/>
    <loc xlink:type="locator" xlink:href="sm-gaap-ci-2019-01-24.xsd#sm-gaap-ci_IntroduzioneProventiOneriFinanziari" xlink:label="sm-gaap-ci_IntroduzioneProventiOneriFinanziari"/>
    <presentationArc xlink:type="arc" xlink:arcrole="http://www.xbrl.org/2003/arcrole/parent-child" xlink:from="sm-gaap-ci_NotaIntegrativaProventiOneriFinanziari" xlink:to="sm-gaap-ci_IntroduzioneProventiOneriFinanziari" order="1" priority="0" use="optional"/>
    <loc xlink:type="locator" xlink:href="sm-gaap-ci-2019-01-24.xsd#sm-gaap-ci_ComposizioneProventiPartecipazione" xlink:label="sm-gaap-ci_ComposizioneProventiPartecipazione"/>
    <presentationArc xlink:type="arc" xlink:arcrole="http://www.xbrl.org/2003/arcrole/parent-child" xlink:from="sm-gaap-ci_NotaIntegrativaProventiOneriFinanziari" xlink:to="sm-gaap-ci_ComposizioneProventiPartecipazione" order="2" priority="0" use="optional"/>
    <loc xlink:type="locator" xlink:href="sm-gaap-ci-2019-01-24.xsd#sm-gaap-ci_IntroduzioneComposizioneProventiPartecipazione" xlink:label="sm-gaap-ci_IntroduzioneComposizioneProventiPartecipazione"/>
    <presentationArc xlink:type="arc" xlink:arcrole="http://www.xbrl.org/2003/arcrole/parent-child" xlink:from="sm-gaap-ci_ComposizioneProventiPartecipazione" xlink:to="sm-gaap-ci_IntroduzioneComposizioneProventiPartecipazione" order="1" priority="0" use="optional"/>
    <loc xlink:type="locator" xlink:href="sm-gaap-ci-2019-01-24.xsd#sm-gaap-ci_AnalisiComposizioneProventiPartecipazioneDiversiDividendiProspetto" xlink:label="sm-gaap-ci_AnalisiComposizioneProventiPartecipazioneDiversiDividendiProspetto"/>
    <presentationArc xlink:type="arc" xlink:arcrole="http://www.xbrl.org/2003/arcrole/parent-child" xlink:from="sm-gaap-ci_ComposizioneProventiPartecipazione" xlink:to="sm-gaap-ci_AnalisiComposizioneProventiPartecipazioneDiversiDividendiProspetto" order="2" priority="0" use="optional"/>
    <loc xlink:type="locator" xlink:href="sm-gaap-ci-2019-01-24.xsd#sm-gaap-ci_SuddivisioneProventiDiversiDividendiColonna" xlink:label="sm-gaap-ci_SuddivisioneProventiDiversiDividendiColonna"/>
    <presentationArc xlink:type="arc" xlink:arcrole="http://www.xbrl.org/2003/arcrole/parent-child" xlink:from="sm-gaap-ci_AnalisiComposizioneProventiPartecipazioneDiversiDividendiProspetto" xlink:to="sm-gaap-ci_SuddivisioneProventiDiversiDividendiColonna" order="1" priority="0" use="optional"/>
    <loc xlink:type="locator" xlink:href="sm-gaap-ci-2019-01-24.xsd#sm-gaap-ci_ProventiDiversiDividendiSocietaControllate" xlink:label="sm-gaap-ci_ProventiDiversiDividendiSocietaControllate"/>
    <presentationArc xlink:type="arc" xlink:arcrole="http://www.xbrl.org/2003/arcrole/parent-child" xlink:from="sm-gaap-ci_SuddivisioneProventiDiversiDividendiColonna" xlink:to="sm-gaap-ci_ProventiDiversiDividendiSocietaControllate" order="1" priority="0" use="optional"/>
    <loc xlink:type="locator" xlink:href="sm-gaap-ci-2019-01-24.xsd#sm-gaap-ci_ProventiDiversiDividendiSocietaCollegate" xlink:label="sm-gaap-ci_ProventiDiversiDividendiSocietaCollegate"/>
    <presentationArc xlink:type="arc" xlink:arcrole="http://www.xbrl.org/2003/arcrole/parent-child" xlink:from="sm-gaap-ci_SuddivisioneProventiDiversiDividendiColonna" xlink:to="sm-gaap-ci_ProventiDiversiDividendiSocietaCollegate" order="2" priority="0" use="optional"/>
    <loc xlink:type="locator" xlink:href="sm-gaap-ci-2019-01-24.xsd#sm-gaap-ci_ProventiDiversiDividendiSocietaControllanti" xlink:label="sm-gaap-ci_ProventiDiversiDividendiSocietaControllanti"/>
    <presentationArc xlink:type="arc" xlink:arcrole="http://www.xbrl.org/2003/arcrole/parent-child" xlink:from="sm-gaap-ci_SuddivisioneProventiDiversiDividendiColonna" xlink:to="sm-gaap-ci_ProventiDiversiDividendiSocietaControllanti" order="3" priority="0" use="optional"/>
    <loc xlink:type="locator" xlink:href="sm-gaap-ci-2019-01-24.xsd#sm-gaap-ci_ProventiDiversiDividendiAltri" xlink:label="sm-gaap-ci_ProventiDiversiDividendiAltri"/>
    <presentationArc xlink:type="arc" xlink:arcrole="http://www.xbrl.org/2003/arcrole/parent-child" xlink:from="sm-gaap-ci_SuddivisioneProventiDiversiDividendiColonna" xlink:to="sm-gaap-ci_ProventiDiversiDividendiAltri" order="4" priority="0" use="optional"/>
    <loc xlink:type="locator" xlink:href="sm-gaap-ci-2019-01-24.xsd#sm-gaap-ci_TotaleProventiDiversiDividendi" xlink:label="sm-gaap-ci_TotaleProventiDiversiDividendi"/>
    <presentationArc xlink:type="arc" xlink:arcrole="http://www.xbrl.org/2003/arcrole/parent-child" xlink:from="sm-gaap-ci_SuddivisioneProventiDiversiDividendiColonna" xlink:to="sm-gaap-ci_TotaleProventiDiversiDividendi" order="5" priority="0" use="optional"/>
    <loc xlink:type="locator" xlink:href="sm-gaap-ci-2019-01-24.xsd#sm-gaap-ci_CommentoComposizioneProventiPartecipazione" xlink:label="sm-gaap-ci_CommentoComposizioneProventiPartecipazione"/>
    <presentationArc xlink:type="arc" xlink:arcrole="http://www.xbrl.org/2003/arcrole/parent-child" xlink:from="sm-gaap-ci_ComposizioneProventiPartecipazione" xlink:to="sm-gaap-ci_CommentoComposizioneProventiPartecipazione" order="3" priority="0" use="optional"/>
    <loc xlink:type="locator" xlink:href="sm-gaap-ci-2019-01-24.xsd#sm-gaap-ci_RipartizioneInteressiAltriOneriFinanziariTipologiaDebiti" xlink:label="sm-gaap-ci_RipartizioneInteressiAltriOneriFinanziariTipologiaDebiti"/>
    <presentationArc xlink:type="arc" xlink:arcrole="http://www.xbrl.org/2003/arcrole/parent-child" xlink:from="sm-gaap-ci_NotaIntegrativaProventiOneriFinanziari" xlink:to="sm-gaap-ci_RipartizioneInteressiAltriOneriFinanziariTipologiaDebiti" order="3" priority="0" use="optional"/>
    <loc xlink:type="locator" xlink:href="sm-gaap-ci-2019-01-24.xsd#sm-gaap-ci_IntroduzioneRipartizioneInteressiAltriOneriFinanziariTipologiaDebiti" xlink:label="sm-gaap-ci_IntroduzioneRipartizioneInteressiAltriOneriFinanziariTipologiaDebiti"/>
    <presentationArc xlink:type="arc" xlink:arcrole="http://www.xbrl.org/2003/arcrole/parent-child" xlink:from="sm-gaap-ci_RipartizioneInteressiAltriOneriFinanziariTipologiaDebiti" xlink:to="sm-gaap-ci_IntroduzioneRipartizioneInteressiAltriOneriFinanziariTipologiaDebiti" order="1" priority="0" use="optional"/>
    <loc xlink:type="locator" xlink:href="sm-gaap-ci-2019-01-24.xsd#sm-gaap-ci_RipartizioneInteressiAltriOneriFinanziariTipologiaDebitiProspetto" xlink:label="sm-gaap-ci_RipartizioneInteressiAltriOneriFinanziariTipologiaDebitiProspetto"/>
    <presentationArc xlink:type="arc" xlink:arcrole="http://www.xbrl.org/2003/arcrole/parent-child" xlink:from="sm-gaap-ci_RipartizioneInteressiAltriOneriFinanziariTipologiaDebiti" xlink:to="sm-gaap-ci_RipartizioneInteressiAltriOneriFinanziariTipologiaDebitiProspetto" order="2" priority="0" use="optional"/>
    <loc xlink:type="locator" xlink:href="sm-gaap-ci-2019-01-24.xsd#sm-gaap-ci_RipartizioneInteressiAltriOneriFinanziariTipologiaDebitiPrestitiObbligazionariColonna" xlink:label="sm-gaap-ci_RipartizioneInteressiAltriOneriFinanziariTipologiaDebitiPrestitiObbligazionariColonna"/>
    <presentationArc xlink:type="arc" xlink:arcrole="http://www.xbrl.org/2003/arcrole/parent-child" xlink:from="sm-gaap-ci_RipartizioneInteressiAltriOneriFinanziariTipologiaDebitiProspetto" xlink:to="sm-gaap-ci_RipartizioneInteressiAltriOneriFinanziariTipologiaDebitiPrestitiObbligazionariColonna" order="1" priority="0" use="optional"/>
    <loc xlink:type="locator" xlink:href="sm-gaap-ci-2019-01-24.xsd#sm-gaap-ci_PrestitiObbligazionariInteressiAltriOneriFinanziari" xlink:label="sm-gaap-ci_PrestitiObbligazionariInteressiAltriOneriFinanziari"/>
    <presentationArc xlink:type="arc" xlink:arcrole="http://www.xbrl.org/2003/arcrole/parent-child" xlink:from="sm-gaap-ci_RipartizioneInteressiAltriOneriFinanziariTipologiaDebitiPrestitiObbligazionariColonna" xlink:to="sm-gaap-ci_PrestitiObbligazionariInteressiAltriOneriFinanziari" order="1" priority="0" use="optional"/>
    <loc xlink:type="locator" xlink:href="sm-gaap-ci-2019-01-24.xsd#sm-gaap-ci_RipartizioneInteressiAltriOneriFinanziariTipologiaDebitiDebitiVersoBancheColonna" xlink:label="sm-gaap-ci_RipartizioneInteressiAltriOneriFinanziariTipologiaDebitiDebitiVersoBancheColonna"/>
    <presentationArc xlink:type="arc" xlink:arcrole="http://www.xbrl.org/2003/arcrole/parent-child" xlink:from="sm-gaap-ci_RipartizioneInteressiAltriOneriFinanziariTipologiaDebitiProspetto" xlink:to="sm-gaap-ci_RipartizioneInteressiAltriOneriFinanziariTipologiaDebitiDebitiVersoBancheColonna" order="2" priority="0" use="optional"/>
    <loc xlink:type="locator" xlink:href="sm-gaap-ci-2019-01-24.xsd#sm-gaap-ci_DebitiVersoBancheInteressiAltriOneriFinanziari" xlink:label="sm-gaap-ci_DebitiVersoBancheInteressiAltriOneriFinanziari"/>
    <presentationArc xlink:type="arc" xlink:arcrole="http://www.xbrl.org/2003/arcrole/parent-child" xlink:from="sm-gaap-ci_RipartizioneInteressiAltriOneriFinanziariTipologiaDebitiDebitiVersoBancheColonna" xlink:to="sm-gaap-ci_DebitiVersoBancheInteressiAltriOneriFinanziari" order="1" priority="0" use="optional"/>
    <loc xlink:type="locator" xlink:href="sm-gaap-ci-2019-01-24.xsd#sm-gaap-ci_RipartizioneInteressiAltriOneriFinanziariTipologiaDebitiAltriColonna" xlink:label="sm-gaap-ci_RipartizioneInteressiAltriOneriFinanziariTipologiaDebitiAltriColonna"/>
    <presentationArc xlink:type="arc" xlink:arcrole="http://www.xbrl.org/2003/arcrole/parent-child" xlink:from="sm-gaap-ci_RipartizioneInteressiAltriOneriFinanziariTipologiaDebitiProspetto" xlink:to="sm-gaap-ci_RipartizioneInteressiAltriOneriFinanziariTipologiaDebitiAltriColonna" order="3" priority="0" use="optional"/>
    <loc xlink:type="locator" xlink:href="sm-gaap-ci-2019-01-24.xsd#sm-gaap-ci_AltriInteressiAltriOneriFinanziari" xlink:label="sm-gaap-ci_AltriInteressiAltriOneriFinanziari"/>
    <presentationArc xlink:type="arc" xlink:arcrole="http://www.xbrl.org/2003/arcrole/parent-child" xlink:from="sm-gaap-ci_RipartizioneInteressiAltriOneriFinanziariTipologiaDebitiAltriColonna" xlink:to="sm-gaap-ci_AltriInteressiAltriOneriFinanziari" order="1" priority="0" use="optional"/>
    <loc xlink:type="locator" xlink:href="sm-gaap-ci-2019-01-24.xsd#sm-gaap-ci_RipartizioneInteressiAltriOneriFinanziariTipologiaDebitiTotaleColonna" xlink:label="sm-gaap-ci_RipartizioneInteressiAltriOneriFinanziariTipologiaDebitiTotaleColonna"/>
    <presentationArc xlink:type="arc" xlink:arcrole="http://www.xbrl.org/2003/arcrole/parent-child" xlink:from="sm-gaap-ci_RipartizioneInteressiAltriOneriFinanziariTipologiaDebitiProspetto" xlink:to="sm-gaap-ci_RipartizioneInteressiAltriOneriFinanziariTipologiaDebitiTotaleColonna" order="4" priority="0" use="optional"/>
    <loc xlink:type="locator" xlink:href="sm-gaap-ci-2019-01-24.xsd#sm-gaap-ci_TotaleInteressiAltriOneriFinanziari" xlink:label="sm-gaap-ci_TotaleInteressiAltriOneriFinanziari"/>
    <presentationArc xlink:type="arc" xlink:arcrole="http://www.xbrl.org/2003/arcrole/parent-child" xlink:from="sm-gaap-ci_RipartizioneInteressiAltriOneriFinanziariTipologiaDebitiTotaleColonna" xlink:to="sm-gaap-ci_TotaleInteressiAltriOneriFinanziari" order="1" priority="0" use="optional"/>
    <loc xlink:type="locator" xlink:href="sm-gaap-ci-2019-01-24.xsd#sm-gaap-ci_CommentoRipartizioneInteressiAltriOneriFinanziariTipologiaDebiti" xlink:label="sm-gaap-ci_CommentoRipartizioneInteressiAltriOneriFinanziariTipologiaDebiti"/>
    <presentationArc xlink:type="arc" xlink:arcrole="http://www.xbrl.org/2003/arcrole/parent-child" xlink:from="sm-gaap-ci_RipartizioneInteressiAltriOneriFinanziariTipologiaDebiti" xlink:to="sm-gaap-ci_CommentoRipartizioneInteressiAltriOneriFinanziariTipologiaDebiti" order="3" priority="0" use="optional"/>
    <loc xlink:type="locator" xlink:href="sm-gaap-ci-2019-01-24.xsd#sm-gaap-ci_ComposizioneProventiCreditiIscrittiImmobilizzazioni" xlink:label="sm-gaap-ci_ComposizioneProventiCreditiIscrittiImmobilizzazioni"/>
    <presentationArc xlink:type="arc" xlink:arcrole="http://www.xbrl.org/2003/arcrole/parent-child" xlink:from="sm-gaap-ci_NotaIntegrativaProventiOneriFinanziari" xlink:to="sm-gaap-ci_ComposizioneProventiCreditiIscrittiImmobilizzazioni" order="4" priority="0" use="optional"/>
    <loc xlink:type="locator" xlink:href="sm-gaap-ci-2019-01-24.xsd#sm-gaap-ci_IntroduzioneComposizioneAltriProventiCreditiIscrittiImmobilizzazioni" xlink:label="sm-gaap-ci_IntroduzioneComposizioneAltriProventiCreditiIscrittiImmobilizzazioni"/>
    <presentationArc xlink:type="arc" xlink:arcrole="http://www.xbrl.org/2003/arcrole/parent-child" xlink:from="sm-gaap-ci_ComposizioneProventiCreditiIscrittiImmobilizzazioni" xlink:to="sm-gaap-ci_IntroduzioneComposizioneAltriProventiCreditiIscrittiImmobilizzazioni" order="1" priority="0" use="optional"/>
    <loc xlink:type="locator" xlink:href="sm-gaap-ci-2019-01-24.xsd#sm-gaap-ci_AnalisiComposizioneProventiCreditiIscrittiImmobilizzazioniProspetto" xlink:label="sm-gaap-ci_AnalisiComposizioneProventiCreditiIscrittiImmobilizzazioniProspetto"/>
    <presentationArc xlink:type="arc" xlink:arcrole="http://www.xbrl.org/2003/arcrole/parent-child" xlink:from="sm-gaap-ci_ComposizioneProventiCreditiIscrittiImmobilizzazioni" xlink:to="sm-gaap-ci_AnalisiComposizioneProventiCreditiIscrittiImmobilizzazioniProspetto" order="2" priority="0" use="optional"/>
    <loc xlink:type="locator" xlink:href="sm-gaap-ci-2019-01-24.xsd#sm-gaap-ci_ProventiCreditiIscrittiImmobilizzazioniColonna" xlink:label="sm-gaap-ci_ProventiCreditiIscrittiImmobilizzazioniColonna"/>
    <presentationArc xlink:type="arc" xlink:arcrole="http://www.xbrl.org/2003/arcrole/parent-child" xlink:from="sm-gaap-ci_AnalisiComposizioneProventiCreditiIscrittiImmobilizzazioniProspetto" xlink:to="sm-gaap-ci_ProventiCreditiIscrittiImmobilizzazioniColonna" order="1" priority="0" use="optional"/>
    <loc xlink:type="locator" xlink:href="sm-gaap-ci-2019-01-24.xsd#sm-gaap-ci_ProventiOneriFinanziariAltriProventiFinanziariCreditiIscrittiImmobilizzazioniSocietaControllate" xlink:label="sm-gaap-ci_ProventiOneriFinanziariAltriProventiFinanziariCreditiIscrittiImmobilizzazioniSocietaControllate"/>
    <presentationArc xlink:type="arc" xlink:arcrole="http://www.xbrl.org/2003/arcrole/parent-child" xlink:from="sm-gaap-ci_ProventiCreditiIscrittiImmobilizzazioniColonna" xlink:to="sm-gaap-ci_ProventiOneriFinanziariAltriProventiFinanziariCreditiIscrittiImmobilizzazioniSocietaControllate" order="1" priority="0" use="optional"/>
    <loc xlink:type="locator" xlink:href="sm-gaap-ci-2019-01-24.xsd#sm-gaap-ci_ProventiOneriFinanziariAltriProventiFinanziariCreditiIscrittiImmobilizzazioniSocietaCollegate" xlink:label="sm-gaap-ci_ProventiOneriFinanziariAltriProventiFinanziariCreditiIscrittiImmobilizzazioniSocietaCollegate"/>
    <presentationArc xlink:type="arc" xlink:arcrole="http://www.xbrl.org/2003/arcrole/parent-child" xlink:from="sm-gaap-ci_ProventiCreditiIscrittiImmobilizzazioniColonna" xlink:to="sm-gaap-ci_ProventiOneriFinanziariAltriProventiFinanziariCreditiIscrittiImmobilizzazioniSocietaCollegate" order="2" priority="0" use="optional"/>
    <loc xlink:type="locator" xlink:href="sm-gaap-ci-2019-01-24.xsd#sm-gaap-ci_ProventiOneriFinanziariAltriProventiFinanziariCreditiIscrittiImmobilizzazioniSocietaControllanti" xlink:label="sm-gaap-ci_ProventiOneriFinanziariAltriProventiFinanziariCreditiIscrittiImmobilizzazioniSocietaControllanti"/>
    <presentationArc xlink:type="arc" xlink:arcrole="http://www.xbrl.org/2003/arcrole/parent-child" xlink:from="sm-gaap-ci_ProventiCreditiIscrittiImmobilizzazioniColonna" xlink:to="sm-gaap-ci_ProventiOneriFinanziariAltriProventiFinanziariCreditiIscrittiImmobilizzazioniSocietaControllanti" order="3" priority="0" use="optional"/>
    <loc xlink:type="locator" xlink:href="sm-gaap-ci-2019-01-24.xsd#sm-gaap-ci_ProventiOneriFinanziariAltriProventiFinanziariCreditiIscrittiImmobilizzazioniAltri" xlink:label="sm-gaap-ci_ProventiOneriFinanziariAltriProventiFinanziariCreditiIscrittiImmobilizzazioniAltri"/>
    <presentationArc xlink:type="arc" xlink:arcrole="http://www.xbrl.org/2003/arcrole/parent-child" xlink:from="sm-gaap-ci_ProventiCreditiIscrittiImmobilizzazioniColonna" xlink:to="sm-gaap-ci_ProventiOneriFinanziariAltriProventiFinanziariCreditiIscrittiImmobilizzazioniAltri" order="4" priority="0" use="optional"/>
    <loc xlink:type="locator" xlink:href="sm-gaap-ci-2019-01-24.xsd#sm-gaap-ci_ProventiOneriFinanziariAltriProventiFinanziariCreditiIscrittiImmobilizzazioniTotaleProventiFinanziariCreditiIscrittiImmobilizzazioni" xlink:label="sm-gaap-ci_ProventiOneriFinanziariAltriProventiFinanziariCreditiIscrittiImmobilizzazioniTotaleProventiFinanziariCreditiIscrittiImmobilizzazioni"/>
    <presentationArc xlink:type="arc" xlink:arcrole="http://www.xbrl.org/2003/arcrole/parent-child" xlink:from="sm-gaap-ci_ProventiCreditiIscrittiImmobilizzazioniColonna" xlink:to="sm-gaap-ci_ProventiOneriFinanziariAltriProventiFinanziariCreditiIscrittiImmobilizzazioniTotaleProventiFinanziariCreditiIscrittiImmobilizzazioni" order="5" priority="0" use="optional"/>
    <loc xlink:type="locator" xlink:href="sm-gaap-ci-2019-01-24.xsd#sm-gaap-ci_ComposizioneProventiTitoliIscrittiImmobilizzazioniNonCostituisconoPartecipazioni" xlink:label="sm-gaap-ci_ComposizioneProventiTitoliIscrittiImmobilizzazioniNonCostituisconoPartecipazioni"/>
    <presentationArc xlink:type="arc" xlink:arcrole="http://www.xbrl.org/2003/arcrole/parent-child" xlink:from="sm-gaap-ci_NotaIntegrativaProventiOneriFinanziari" xlink:to="sm-gaap-ci_ComposizioneProventiTitoliIscrittiImmobilizzazioniNonCostituisconoPartecipazioni" order="5" priority="0" use="optional"/>
    <loc xlink:type="locator" xlink:href="sm-gaap-ci-2019-01-24.xsd#sm-gaap-ci_IntroduzioneComposizioneProventiTitoliIscrittiImmobilizzazioniNonCostituisconoPartecipazioni" xlink:label="sm-gaap-ci_IntroduzioneComposizioneProventiTitoliIscrittiImmobilizzazioniNonCostituisconoPartecipazioni"/>
    <presentationArc xlink:type="arc" xlink:arcrole="http://www.xbrl.org/2003/arcrole/parent-child" xlink:from="sm-gaap-ci_ComposizioneProventiTitoliIscrittiImmobilizzazioniNonCostituisconoPartecipazioni" xlink:to="sm-gaap-ci_IntroduzioneComposizioneProventiTitoliIscrittiImmobilizzazioniNonCostituisconoPartecipazioni" order="1" priority="0" use="optional"/>
    <loc xlink:type="locator" xlink:href="sm-gaap-ci-2019-01-24.xsd#sm-gaap-ci_AnalisiComposizioneProventiTitoliIscrittiImmobilizzazioniNonCostituisconoPartecipazioniProspetto" xlink:label="sm-gaap-ci_AnalisiComposizioneProventiTitoliIscrittiImmobilizzazioniNonCostituisconoPartecipazioniProspetto"/>
    <presentationArc xlink:type="arc" xlink:arcrole="http://www.xbrl.org/2003/arcrole/parent-child" xlink:from="sm-gaap-ci_ComposizioneProventiTitoliIscrittiImmobilizzazioniNonCostituisconoPartecipazioni" xlink:to="sm-gaap-ci_AnalisiComposizioneProventiTitoliIscrittiImmobilizzazioniNonCostituisconoPartecipazioniProspetto" order="2" priority="0" use="optional"/>
    <loc xlink:type="locator" xlink:href="sm-gaap-ci-2019-01-24.xsd#sm-gaap-ci_ProventiTitoliIscrittiImmobilizzazioniNonCostituisconoPartecipazioniColonna" xlink:label="sm-gaap-ci_ProventiTitoliIscrittiImmobilizzazioniNonCostituisconoPartecipazioniColonna"/>
    <presentationArc xlink:type="arc" xlink:arcrole="http://www.xbrl.org/2003/arcrole/parent-child" xlink:from="sm-gaap-ci_AnalisiComposizioneProventiTitoliIscrittiImmobilizzazioniNonCostituisconoPartecipazioniProspetto" xlink:to="sm-gaap-ci_ProventiTitoliIscrittiImmobilizzazioniNonCostituisconoPartecipazioniColonna" order="1" priority="0" use="optional"/>
    <loc xlink:type="locator" xlink:href="sm-gaap-ci-2019-01-24.xsd#sm-gaap-ci_ProventiTitoliIscrittiImmobilizzazioniNonCostituisconoPartecipazioniSocietaControllate" xlink:label="sm-gaap-ci_ProventiTitoliIscrittiImmobilizzazioniNonCostituisconoPartecipazioniSocietaControllate"/>
    <presentationArc xlink:type="arc" xlink:arcrole="http://www.xbrl.org/2003/arcrole/parent-child" xlink:from="sm-gaap-ci_ProventiTitoliIscrittiImmobilizzazioniNonCostituisconoPartecipazioniColonna" xlink:to="sm-gaap-ci_ProventiTitoliIscrittiImmobilizzazioniNonCostituisconoPartecipazioniSocietaControllate" order="1" priority="0" use="optional"/>
    <loc xlink:type="locator" xlink:href="sm-gaap-ci-2019-01-24.xsd#sm-gaap-ci_ProventiTitoliIscrittiImmobilizzazioniNonCostituisconoPartecipazioniSocietaCollegate" xlink:label="sm-gaap-ci_ProventiTitoliIscrittiImmobilizzazioniNonCostituisconoPartecipazioniSocietaCollegate"/>
    <presentationArc xlink:type="arc" xlink:arcrole="http://www.xbrl.org/2003/arcrole/parent-child" xlink:from="sm-gaap-ci_ProventiTitoliIscrittiImmobilizzazioniNonCostituisconoPartecipazioniColonna" xlink:to="sm-gaap-ci_ProventiTitoliIscrittiImmobilizzazioniNonCostituisconoPartecipazioniSocietaCollegate" order="2" priority="0" use="optional"/>
    <loc xlink:type="locator" xlink:href="sm-gaap-ci-2019-01-24.xsd#sm-gaap-ci_ProventiTitoliIscrittiImmobilizzazioniNonCostituisconoPartecipazioniSocietaControllanti" xlink:label="sm-gaap-ci_ProventiTitoliIscrittiImmobilizzazioniNonCostituisconoPartecipazioniSocietaControllanti"/>
    <presentationArc xlink:type="arc" xlink:arcrole="http://www.xbrl.org/2003/arcrole/parent-child" xlink:from="sm-gaap-ci_ProventiTitoliIscrittiImmobilizzazioniNonCostituisconoPartecipazioniColonna" xlink:to="sm-gaap-ci_ProventiTitoliIscrittiImmobilizzazioniNonCostituisconoPartecipazioniSocietaControllanti" order="3" priority="0" use="optional"/>
    <loc xlink:type="locator" xlink:href="sm-gaap-ci-2019-01-24.xsd#sm-gaap-ci_ProventiTitoliIscrittiImmobilizzazioniNonCostituisconoPartecipazioniAltri" xlink:label="sm-gaap-ci_ProventiTitoliIscrittiImmobilizzazioniNonCostituisconoPartecipazioniAltri"/>
    <presentationArc xlink:type="arc" xlink:arcrole="http://www.xbrl.org/2003/arcrole/parent-child" xlink:from="sm-gaap-ci_ProventiTitoliIscrittiImmobilizzazioniNonCostituisconoPartecipazioniColonna" xlink:to="sm-gaap-ci_ProventiTitoliIscrittiImmobilizzazioniNonCostituisconoPartecipazioniAltri" order="4" priority="0" use="optional"/>
    <loc xlink:type="locator" xlink:href="sm-gaap-ci-2019-01-24.xsd#sm-gaap-ci_ProventiOneriFinanziariAltriProventiFinanziariTitoliIscrittiImmobilizzazioniNonCostituisconoPartecipazioni" xlink:label="sm-gaap-ci_ProventiOneriFinanziariAltriProventiFinanziariTitoliIscrittiImmobilizzazioniNonCostituisconoPartecipazioni"/>
    <presentationArc xlink:type="arc" xlink:arcrole="http://www.xbrl.org/2003/arcrole/parent-child" xlink:from="sm-gaap-ci_ProventiTitoliIscrittiImmobilizzazioniNonCostituisconoPartecipazioniColonna" xlink:to="sm-gaap-ci_ProventiOneriFinanziariAltriProventiFinanziariTitoliIscrittiImmobilizzazioniNonCostituisconoPartecipazioni" order="5" preferredLabel="http://www.xbrl.org/2003/role/totalLabel" priority="0" use="optional"/>
    <loc xlink:type="locator" xlink:href="sm-gaap-ci-2019-01-24.xsd#sm-gaap-ci_ComposizioneProventiTitoliIscrittiAttivoCircolanteNonCostituisconoPartecipazioni" xlink:label="sm-gaap-ci_ComposizioneProventiTitoliIscrittiAttivoCircolanteNonCostituisconoPartecipazioni"/>
    <presentationArc xlink:type="arc" xlink:arcrole="http://www.xbrl.org/2003/arcrole/parent-child" xlink:from="sm-gaap-ci_NotaIntegrativaProventiOneriFinanziari" xlink:to="sm-gaap-ci_ComposizioneProventiTitoliIscrittiAttivoCircolanteNonCostituisconoPartecipazioni" order="6" priority="0" use="optional"/>
    <loc xlink:type="locator" xlink:href="sm-gaap-ci-2019-01-24.xsd#sm-gaap-ci_IntroduzioneComposizioneProventiTitoliIscrittiAttivoCircolanteNonCostituisconoPartecipazioni" xlink:label="sm-gaap-ci_IntroduzioneComposizioneProventiTitoliIscrittiAttivoCircolanteNonCostituisconoPartecipazioni"/>
    <presentationArc xlink:type="arc" xlink:arcrole="http://www.xbrl.org/2003/arcrole/parent-child" xlink:from="sm-gaap-ci_ComposizioneProventiTitoliIscrittiAttivoCircolanteNonCostituisconoPartecipazioni" xlink:to="sm-gaap-ci_IntroduzioneComposizioneProventiTitoliIscrittiAttivoCircolanteNonCostituisconoPartecipazioni" order="1" priority="0" use="optional"/>
    <loc xlink:type="locator" xlink:href="sm-gaap-ci-2019-01-24.xsd#sm-gaap-ci_AnalisiComposizioneProventiTitoliIscrittiAttivoCircolanteNonCostituisconoPartecipazioniProspetto" xlink:label="sm-gaap-ci_AnalisiComposizioneProventiTitoliIscrittiAttivoCircolanteNonCostituisconoPartecipazioniProspetto"/>
    <presentationArc xlink:type="arc" xlink:arcrole="http://www.xbrl.org/2003/arcrole/parent-child" xlink:from="sm-gaap-ci_ComposizioneProventiTitoliIscrittiAttivoCircolanteNonCostituisconoPartecipazioni" xlink:to="sm-gaap-ci_AnalisiComposizioneProventiTitoliIscrittiAttivoCircolanteNonCostituisconoPartecipazioniProspetto" order="2" priority="0" use="optional"/>
    <loc xlink:type="locator" xlink:href="sm-gaap-ci-2019-01-24.xsd#sm-gaap-ci_ProventiTitoliIscrittiAttivoCircolanteNonCostituisconoPartecipazioniColonna" xlink:label="sm-gaap-ci_ProventiTitoliIscrittiAttivoCircolanteNonCostituisconoPartecipazioniColonna"/>
    <presentationArc xlink:type="arc" xlink:arcrole="http://www.xbrl.org/2003/arcrole/parent-child" xlink:from="sm-gaap-ci_AnalisiComposizioneProventiTitoliIscrittiAttivoCircolanteNonCostituisconoPartecipazioniProspetto" xlink:to="sm-gaap-ci_ProventiTitoliIscrittiAttivoCircolanteNonCostituisconoPartecipazioniColonna" order="1" priority="0" use="optional"/>
    <loc xlink:type="locator" xlink:href="sm-gaap-ci-2019-01-24.xsd#sm-gaap-ci_ProventiTitoliIscrittiAttivoCircolanteNonCostituisconoPartecipazioniSocietaControllate" xlink:label="sm-gaap-ci_ProventiTitoliIscrittiAttivoCircolanteNonCostituisconoPartecipazioniSocietaControllate"/>
    <presentationArc xlink:type="arc" xlink:arcrole="http://www.xbrl.org/2003/arcrole/parent-child" xlink:from="sm-gaap-ci_ProventiTitoliIscrittiAttivoCircolanteNonCostituisconoPartecipazioniColonna" xlink:to="sm-gaap-ci_ProventiTitoliIscrittiAttivoCircolanteNonCostituisconoPartecipazioniSocietaControllate" order="1" priority="0" use="optional"/>
    <loc xlink:type="locator" xlink:href="sm-gaap-ci-2019-01-24.xsd#sm-gaap-ci_ProventiTitoliIscrittiAttivoCircolanteNonCostituisconoPartecipazioniSocietaCollegate" xlink:label="sm-gaap-ci_ProventiTitoliIscrittiAttivoCircolanteNonCostituisconoPartecipazioniSocietaCollegate"/>
    <presentationArc xlink:type="arc" xlink:arcrole="http://www.xbrl.org/2003/arcrole/parent-child" xlink:from="sm-gaap-ci_ProventiTitoliIscrittiAttivoCircolanteNonCostituisconoPartecipazioniColonna" xlink:to="sm-gaap-ci_ProventiTitoliIscrittiAttivoCircolanteNonCostituisconoPartecipazioniSocietaCollegate" order="2" priority="0" use="optional"/>
    <loc xlink:type="locator" xlink:href="sm-gaap-ci-2019-01-24.xsd#sm-gaap-ci_ProventiTitoliIscrittiAttivoCircolanteNonCostituisconoPartecipazioniSocietaControllanti" xlink:label="sm-gaap-ci_ProventiTitoliIscrittiAttivoCircolanteNonCostituisconoPartecipazioniSocietaControllanti"/>
    <presentationArc xlink:type="arc" xlink:arcrole="http://www.xbrl.org/2003/arcrole/parent-child" xlink:from="sm-gaap-ci_ProventiTitoliIscrittiAttivoCircolanteNonCostituisconoPartecipazioniColonna" xlink:to="sm-gaap-ci_ProventiTitoliIscrittiAttivoCircolanteNonCostituisconoPartecipazioniSocietaControllanti" order="3" priority="0" use="optional"/>
    <loc xlink:type="locator" xlink:href="sm-gaap-ci-2019-01-24.xsd#sm-gaap-ci_ProventiTitoliIscrittiAttivoCircolanteNonCostituisconoPartecipazioniAltri" xlink:label="sm-gaap-ci_ProventiTitoliIscrittiAttivoCircolanteNonCostituisconoPartecipazioniAltri"/>
    <presentationArc xlink:type="arc" xlink:arcrole="http://www.xbrl.org/2003/arcrole/parent-child" xlink:from="sm-gaap-ci_ProventiTitoliIscrittiAttivoCircolanteNonCostituisconoPartecipazioniColonna" xlink:to="sm-gaap-ci_ProventiTitoliIscrittiAttivoCircolanteNonCostituisconoPartecipazioniAltri" order="4" priority="0" use="optional"/>
    <loc xlink:type="locator" xlink:href="sm-gaap-ci-2019-01-24.xsd#sm-gaap-ci_ProventiOneriFinanziariAltriProventiFinanziariTitoliIscrittiAttivoCircolanteNonCostituisconoPartecipazioni" xlink:label="sm-gaap-ci_ProventiOneriFinanziariAltriProventiFinanziariTitoliIscrittiAttivoCircolanteNonCostituisconoPartecipazioni"/>
    <presentationArc xlink:type="arc" xlink:arcrole="http://www.xbrl.org/2003/arcrole/parent-child" xlink:from="sm-gaap-ci_ProventiTitoliIscrittiAttivoCircolanteNonCostituisconoPartecipazioniColonna" xlink:to="sm-gaap-ci_ProventiOneriFinanziariAltriProventiFinanziariTitoliIscrittiAttivoCircolanteNonCostituisconoPartecipazioni" order="5" preferredLabel="http://www.xbrl.org/2003/role/totalLabel" priority="0" use="optional"/>
    <loc xlink:type="locator" xlink:href="sm-gaap-ci-2019-01-24.xsd#sm-gaap-ci_ComposizioneProventiProventiDiversiPrecedenti" xlink:label="sm-gaap-ci_ComposizioneProventiProventiDiversiPrecedenti"/>
    <presentationArc xlink:type="arc" xlink:arcrole="http://www.xbrl.org/2003/arcrole/parent-child" xlink:from="sm-gaap-ci_NotaIntegrativaProventiOneriFinanziari" xlink:to="sm-gaap-ci_ComposizioneProventiProventiDiversiPrecedenti" order="7" priority="0" use="optional"/>
    <loc xlink:type="locator" xlink:href="sm-gaap-ci-2019-01-24.xsd#sm-gaap-ci_IntroduzioneComposizioneProventiProventiDiversiPrecedenti" xlink:label="sm-gaap-ci_IntroduzioneComposizioneProventiProventiDiversiPrecedenti"/>
    <presentationArc xlink:type="arc" xlink:arcrole="http://www.xbrl.org/2003/arcrole/parent-child" xlink:from="sm-gaap-ci_ComposizioneProventiProventiDiversiPrecedenti" xlink:to="sm-gaap-ci_IntroduzioneComposizioneProventiProventiDiversiPrecedenti" order="1" priority="0" use="optional"/>
    <loc xlink:type="locator" xlink:href="sm-gaap-ci-2019-01-24.xsd#sm-gaap-ci_AnalisiComposizioneProventiProventiDiversiPrecedentiProspetto" xlink:label="sm-gaap-ci_AnalisiComposizioneProventiProventiDiversiPrecedentiProspetto"/>
    <presentationArc xlink:type="arc" xlink:arcrole="http://www.xbrl.org/2003/arcrole/parent-child" xlink:from="sm-gaap-ci_ComposizioneProventiProventiDiversiPrecedenti" xlink:to="sm-gaap-ci_AnalisiComposizioneProventiProventiDiversiPrecedentiProspetto" order="2" priority="0" use="optional"/>
    <loc xlink:type="locator" xlink:href="sm-gaap-ci-2019-01-24.xsd#sm-gaap-ci_ProventiProventiDiversiPrecedentiColonna" xlink:label="sm-gaap-ci_ProventiProventiDiversiPrecedentiColonna"/>
    <presentationArc xlink:type="arc" xlink:arcrole="http://www.xbrl.org/2003/arcrole/parent-child" xlink:from="sm-gaap-ci_AnalisiComposizioneProventiProventiDiversiPrecedentiProspetto" xlink:to="sm-gaap-ci_ProventiProventiDiversiPrecedentiColonna" order="1" priority="0" use="optional"/>
    <loc xlink:type="locator" xlink:href="sm-gaap-ci-2019-01-24.xsd#sm-gaap-ci_ProventiOneriFinanziariAltriProventiFinanziariProventiDiversiPrecedentiSocietaControllate" xlink:label="sm-gaap-ci_ProventiOneriFinanziariAltriProventiFinanziariProventiDiversiPrecedentiSocietaControllate"/>
    <presentationArc xlink:type="arc" xlink:arcrole="http://www.xbrl.org/2003/arcrole/parent-child" xlink:from="sm-gaap-ci_ProventiProventiDiversiPrecedentiColonna" xlink:to="sm-gaap-ci_ProventiOneriFinanziariAltriProventiFinanziariProventiDiversiPrecedentiSocietaControllate" order="1" priority="0" use="optional"/>
    <loc xlink:type="locator" xlink:href="sm-gaap-ci-2019-01-24.xsd#sm-gaap-ci_ProventiOneriFinanziariAltriProventiFinanziariProventiDiversiPrecedentiSocietaCollegate" xlink:label="sm-gaap-ci_ProventiOneriFinanziariAltriProventiFinanziariProventiDiversiPrecedentiSocietaCollegate"/>
    <presentationArc xlink:type="arc" xlink:arcrole="http://www.xbrl.org/2003/arcrole/parent-child" xlink:from="sm-gaap-ci_ProventiProventiDiversiPrecedentiColonna" xlink:to="sm-gaap-ci_ProventiOneriFinanziariAltriProventiFinanziariProventiDiversiPrecedentiSocietaCollegate" order="2" priority="0" use="optional"/>
    <loc xlink:type="locator" xlink:href="sm-gaap-ci-2019-01-24.xsd#sm-gaap-ci_ProventiOneriFinanziariAltriProventiFinanziariProventiDiversiPrecedentiSocietaControllanti" xlink:label="sm-gaap-ci_ProventiOneriFinanziariAltriProventiFinanziariProventiDiversiPrecedentiSocietaControllanti"/>
    <presentationArc xlink:type="arc" xlink:arcrole="http://www.xbrl.org/2003/arcrole/parent-child" xlink:from="sm-gaap-ci_ProventiProventiDiversiPrecedentiColonna" xlink:to="sm-gaap-ci_ProventiOneriFinanziariAltriProventiFinanziariProventiDiversiPrecedentiSocietaControllanti" order="3" priority="0" use="optional"/>
    <loc xlink:type="locator" xlink:href="sm-gaap-ci-2019-01-24.xsd#sm-gaap-ci_ProventiOneriFinanziariAltriProventiFinanziariProventiDiversiPrecedentiAltri" xlink:label="sm-gaap-ci_ProventiOneriFinanziariAltriProventiFinanziariProventiDiversiPrecedentiAltri"/>
    <presentationArc xlink:type="arc" xlink:arcrole="http://www.xbrl.org/2003/arcrole/parent-child" xlink:from="sm-gaap-ci_ProventiProventiDiversiPrecedentiColonna" xlink:to="sm-gaap-ci_ProventiOneriFinanziariAltriProventiFinanziariProventiDiversiPrecedentiAltri" order="4" priority="0" use="optional"/>
    <loc xlink:type="locator" xlink:href="sm-gaap-ci-2019-01-24.xsd#sm-gaap-ci_ProventiOneriFinanziariAltriProventiFinanziariProventiDiversiPrecedentiTotaleProventiDiversiPrecedenti" xlink:label="sm-gaap-ci_ProventiOneriFinanziariAltriProventiFinanziariProventiDiversiPrecedentiTotaleProventiDiversiPrecedenti"/>
    <presentationArc xlink:type="arc" xlink:arcrole="http://www.xbrl.org/2003/arcrole/parent-child" xlink:from="sm-gaap-ci_ProventiProventiDiversiPrecedentiColonna" xlink:to="sm-gaap-ci_ProventiOneriFinanziariAltriProventiFinanziariProventiDiversiPrecedentiTotaleProventiDiversiPrecedenti" order="5" preferredLabel="http://www.xbrl.org/2003/role/totalLabel" priority="0" use="optional"/>
    <loc xlink:type="locator" xlink:href="sm-gaap-ci-2019-01-24.xsd#sm-gaap-ci_CommentoProventiOneriFinanziari" xlink:label="sm-gaap-ci_CommentoProventiOneriFinanziari"/>
    <presentationArc xlink:type="arc" xlink:arcrole="http://www.xbrl.org/2003/arcrole/parent-child" xlink:from="sm-gaap-ci_NotaIntegrativaProventiOneriFinanziari" xlink:to="sm-gaap-ci_CommentoProventiOneriFinanziari" order="8" priority="0" use="optional"/>
    <loc xlink:type="locator" xlink:href="sm-gaap-ci-2019-01-24.xsd#sm-gaap-ci_NotaIntegrativaRettificheValoreAttivitaFinanziarie" xlink:label="sm-gaap-ci_NotaIntegrativaRettificheValoreAttivitaFinanziarie"/>
    <presentationArc xlink:type="arc" xlink:arcrole="http://www.xbrl.org/2003/arcrole/parent-child" xlink:from="sm-gaap-ci_NotaIntegrativaContoEconomico" xlink:to="sm-gaap-ci_NotaIntegrativaRettificheValoreAttivitaFinanziarie" order="5" priority="0" use="optional"/>
    <loc xlink:type="locator" xlink:href="sm-gaap-ci-2019-01-24.xsd#sm-gaap-ci_CommentoRettificheValoreAttivitaFinanziarie" xlink:label="sm-gaap-ci_CommentoRettificheValoreAttivitaFinanziarie"/>
    <presentationArc xlink:type="arc" xlink:arcrole="http://www.xbrl.org/2003/arcrole/parent-child" xlink:from="sm-gaap-ci_NotaIntegrativaRettificheValoreAttivitaFinanziarie" xlink:to="sm-gaap-ci_CommentoRettificheValoreAttivitaFinanziarie" order="1" priority="0" use="optional"/>
    <loc xlink:type="locator" xlink:href="sm-gaap-ci-2019-01-24.xsd#sm-gaap-ci_NotaIntegrativaProventiOneriStraordinari" xlink:label="sm-gaap-ci_NotaIntegrativaProventiOneriStraordinari"/>
    <presentationArc xlink:type="arc" xlink:arcrole="http://www.xbrl.org/2003/arcrole/parent-child" xlink:from="sm-gaap-ci_NotaIntegrativaContoEconomico" xlink:to="sm-gaap-ci_NotaIntegrativaProventiOneriStraordinari" order="6" priority="0" use="optional"/>
    <loc xlink:type="locator" xlink:href="sm-gaap-ci-2019-01-24.xsd#sm-gaap-ci_CommentoProventiOneriStraordinari" xlink:label="sm-gaap-ci_CommentoProventiOneriStraordinari"/>
    <presentationArc xlink:type="arc" xlink:arcrole="http://www.xbrl.org/2003/arcrole/parent-child" xlink:from="sm-gaap-ci_NotaIntegrativaProventiOneriStraordinari" xlink:to="sm-gaap-ci_CommentoProventiOneriStraordinari" order="1" priority="0" use="optional"/>
    <loc xlink:type="locator" xlink:href="sm-gaap-ci-2019-01-24.xsd#sm-gaap-ci_NotaIntegrativaImposteRedditoEsercizioCorrentiDifferiteAnticipate" xlink:label="sm-gaap-ci_NotaIntegrativaImposteRedditoEsercizioCorrentiDifferiteAnticipate"/>
    <presentationArc xlink:type="arc" xlink:arcrole="http://www.xbrl.org/2003/arcrole/parent-child" xlink:from="sm-gaap-ci_NotaIntegrativaContoEconomico" xlink:to="sm-gaap-ci_NotaIntegrativaImposteRedditoEsercizioCorrentiDifferiteAnticipate" order="7" priority="0" use="optional"/>
    <loc xlink:type="locator" xlink:href="sm-gaap-ci-2019-01-24.xsd#sm-gaap-ci_NotaIntegrativaImposteCorrentiDifferiteAnticipate" xlink:label="sm-gaap-ci_NotaIntegrativaImposteCorrentiDifferiteAnticipate"/>
    <presentationArc xlink:type="arc" xlink:arcrole="http://www.xbrl.org/2003/arcrole/parent-child" xlink:from="sm-gaap-ci_NotaIntegrativaImposteRedditoEsercizioCorrentiDifferiteAnticipate" xlink:to="sm-gaap-ci_NotaIntegrativaImposteCorrentiDifferiteAnticipate" order="1" priority="0" use="optional"/>
    <loc xlink:type="locator" xlink:href="sm-gaap-ci-2019-01-24.xsd#sm-gaap-ci_IntroduzioneImposteCorrentiDifferiteAnticipate" xlink:label="sm-gaap-ci_IntroduzioneImposteCorrentiDifferiteAnticipate"/>
    <presentationArc xlink:type="arc" xlink:arcrole="http://www.xbrl.org/2003/arcrole/parent-child" xlink:from="sm-gaap-ci_NotaIntegrativaImposteCorrentiDifferiteAnticipate" xlink:to="sm-gaap-ci_IntroduzioneImposteCorrentiDifferiteAnticipate" order="1" priority="0" use="optional"/>
    <loc xlink:type="locator" xlink:href="sm-gaap-ci-2019-01-24.xsd#sm-gaap-ci_RilevazioneImposteDifferiteAnticipateEffettiConseguentiProspetto" xlink:label="sm-gaap-ci_RilevazioneImposteDifferiteAnticipateEffettiConseguentiProspetto"/>
    <presentationArc xlink:type="arc" xlink:arcrole="http://www.xbrl.org/2003/arcrole/parent-child" xlink:from="sm-gaap-ci_NotaIntegrativaImposteCorrentiDifferiteAnticipate" xlink:to="sm-gaap-ci_RilevazioneImposteDifferiteAnticipateEffettiConseguentiProspetto" order="2" priority="0" use="optional"/>
    <loc xlink:type="locator" xlink:href="sm-gaap-ci-2019-01-24.xsd#sm-gaap-ci_RilevazioneImposteDifferiteAnticipateEffettiConseguentiIGRColonna" xlink:label="sm-gaap-ci_RilevazioneImposteDifferiteAnticipateEffettiConseguentiIGRColonna"/>
    <presentationArc xlink:type="arc" xlink:arcrole="http://www.xbrl.org/2003/arcrole/parent-child" xlink:from="sm-gaap-ci_RilevazioneImposteDifferiteAnticipateEffettiConseguentiProspetto" xlink:to="sm-gaap-ci_RilevazioneImposteDifferiteAnticipateEffettiConseguentiIGRColonna" order="1" priority="0" use="optional"/>
    <loc xlink:type="locator" xlink:href="sm-gaap-ci-2019-01-24.xsd#sm-gaap-ci_RilevazioneImposteDifferiteAnticipateEffettiConseguentiDifferenzeTemporaneeIGR" xlink:label="sm-gaap-ci_RilevazioneImposteDifferiteAnticipateEffettiConseguentiDifferenzeTemporaneeIGR"/>
    <presentationArc xlink:type="arc" xlink:arcrole="http://www.xbrl.org/2003/arcrole/parent-child" xlink:from="sm-gaap-ci_RilevazioneImposteDifferiteAnticipateEffettiConseguentiIGRColonna" xlink:to="sm-gaap-ci_RilevazioneImposteDifferiteAnticipateEffettiConseguentiDifferenzeTemporaneeIGR" order="1" priority="0" use="optional"/>
    <loc xlink:type="locator" xlink:href="sm-gaap-ci-2019-01-24.xsd#sm-gaap-ci_TotaleDifferenzeTemporaneeDeducibiliIGR" xlink:label="sm-gaap-ci_TotaleDifferenzeTemporaneeDeducibiliIGR"/>
    <presentationArc xlink:type="arc" xlink:arcrole="http://www.xbrl.org/2003/arcrole/parent-child" xlink:from="sm-gaap-ci_RilevazioneImposteDifferiteAnticipateEffettiConseguentiDifferenzeTemporaneeIGR" xlink:to="sm-gaap-ci_TotaleDifferenzeTemporaneeDeducibiliIGR" order="1" priority="0" use="optional"/>
    <loc xlink:type="locator" xlink:href="sm-gaap-ci-2019-01-24.xsd#sm-gaap-ci_TotaleDifferenzeTemporaneeImponibiliIGR" xlink:label="sm-gaap-ci_TotaleDifferenzeTemporaneeImponibiliIGR"/>
    <presentationArc xlink:type="arc" xlink:arcrole="http://www.xbrl.org/2003/arcrole/parent-child" xlink:from="sm-gaap-ci_RilevazioneImposteDifferiteAnticipateEffettiConseguentiDifferenzeTemporaneeIGR" xlink:to="sm-gaap-ci_TotaleDifferenzeTemporaneeImponibiliIGR" order="2" priority="0" use="optional"/>
    <loc xlink:type="locator" xlink:href="sm-gaap-ci-2019-01-24.xsd#sm-gaap-ci_DifferenzeTemporaneeNetteIGR" xlink:label="sm-gaap-ci_DifferenzeTemporaneeNetteIGR"/>
    <presentationArc xlink:type="arc" xlink:arcrole="http://www.xbrl.org/2003/arcrole/parent-child" xlink:from="sm-gaap-ci_RilevazioneImposteDifferiteAnticipateEffettiConseguentiDifferenzeTemporaneeIGR" xlink:to="sm-gaap-ci_DifferenzeTemporaneeNetteIGR" order="3" priority="0" use="optional"/>
    <loc xlink:type="locator" xlink:href="sm-gaap-ci-2019-01-24.xsd#sm-gaap-ci_RilevazioneImposteDifferiteAnticipateEffettiConseguentiEffettiFiscaliIGR" xlink:label="sm-gaap-ci_RilevazioneImposteDifferiteAnticipateEffettiConseguentiEffettiFiscaliIGR"/>
    <presentationArc xlink:type="arc" xlink:arcrole="http://www.xbrl.org/2003/arcrole/parent-child" xlink:from="sm-gaap-ci_RilevazioneImposteDifferiteAnticipateEffettiConseguentiIGRColonna" xlink:to="sm-gaap-ci_RilevazioneImposteDifferiteAnticipateEffettiConseguentiEffettiFiscaliIGR" order="2" priority="0" use="optional"/>
    <loc xlink:type="locator" xlink:href="sm-gaap-ci-2019-01-24.xsd#sm-gaap-ci_FondoImposteDifferiteAnticipateIGR" xlink:label="sm-gaap-ci_FondoImposteDifferiteAnticipateIGR"/>
    <presentationArc xlink:type="arc" xlink:arcrole="http://www.xbrl.org/2003/arcrole/parent-child" xlink:from="sm-gaap-ci_RilevazioneImposteDifferiteAnticipateEffettiConseguentiEffettiFiscaliIGR" xlink:to="sm-gaap-ci_FondoImposteDifferiteAnticipateIGR" order="1" preferredLabel="http://www.xbrl.org/2003/role/periodStartLabel" priority="0" use="optional"/>
    <loc xlink:type="locator" xlink:href="sm-gaap-ci-2019-01-24.xsd#sm-gaap-ci_ImposteDifferiteAnticipateEsercizioIGR" xlink:label="sm-gaap-ci_ImposteDifferiteAnticipateEsercizioIGR"/>
    <presentationArc xlink:type="arc" xlink:arcrole="http://www.xbrl.org/2003/arcrole/parent-child" xlink:from="sm-gaap-ci_RilevazioneImposteDifferiteAnticipateEffettiConseguentiEffettiFiscaliIGR" xlink:to="sm-gaap-ci_ImposteDifferiteAnticipateEsercizioIGR" order="2" priority="0" use="optional"/>
    <loc xlink:type="locator" xlink:href="sm-gaap-ci-2019-01-24.xsd#sm-gaap-ci_CommentoMotiviRettificheValoreAccantonamentiEseguitiApplicazioneNormeTributarieRelativiImporti" xlink:label="sm-gaap-ci_CommentoMotiviRettificheValoreAccantonamentiEseguitiApplicazioneNormeTributarieRelativiImporti"/>
    <presentationArc xlink:type="arc" xlink:arcrole="http://www.xbrl.org/2003/arcrole/parent-child" xlink:from="sm-gaap-ci_NotaIntegrativaContoEconomico" xlink:to="sm-gaap-ci_CommentoMotiviRettificheValoreAccantonamentiEseguitiApplicazioneNormeTributarieRelativiImporti" order="8" priority="0" use="optional"/>
    <loc xlink:type="locator" xlink:href="sm-gaap-ci-2019-01-24.xsd#sm-gaap-ci_CommentoNotaIntegrativaContoEconomico" xlink:label="sm-gaap-ci_CommentoNotaIntegrativaContoEconomico"/>
    <presentationArc xlink:type="arc" xlink:arcrole="http://www.xbrl.org/2003/arcrole/parent-child" xlink:from="sm-gaap-ci_NotaIntegrativaContoEconomico" xlink:to="sm-gaap-ci_CommentoNotaIntegrativaContoEconomico" order="9" priority="0" use="optional"/>
  </presentationLink>
  <presentationLink xlink:type="extended" xlink:role="http://www.xbrl.sm/sm/gaap/role/NotaIntegrativaContoEconomico">
    <loc xlink:type="locator" xlink:href="sm-gaap-ci-2019-01-24.xsd#sm-gaap-ci_RilevazioneImposteDifferiteAnticipateEffettiConseguentiEffettiFiscaliIGR" xlink:label="sm-gaap-ci_RilevazioneImposteDifferiteAnticipateEffettiConseguentiEffettiFiscaliIGR"/>
    <loc xlink:type="locator" xlink:href="sm-gaap-ci-2019-01-24.xsd#sm-gaap-ci_FondoImposteDifferiteAnticipateIGR" xlink:label="sm-gaap-ci_FondoImposteDifferiteAnticipateIGR"/>
    <presentationArc xlink:type="arc" xlink:arcrole="http://www.xbrl.org/2003/arcrole/parent-child" xlink:from="sm-gaap-ci_RilevazioneImposteDifferiteAnticipateEffettiConseguentiEffettiFiscaliIGR" xlink:to="sm-gaap-ci_FondoImposteDifferiteAnticipateIGR" order="3" preferredLabel="http://www.xbrl.org/2003/role/periodEndLabel" priority="0" use="optional"/>
  </presentationLink>
</linkbase>
