<?xml version="1.0" encoding="UTF-8"?>
<!--
Tassonomia XBRL della Repubblica di San Marino

File: sm-gaap-ci-pre-niinizio-2019-01-24.xml
Versione: 2019-01-24
Sito di riferimento: https://www.xbrl.sm/
Archivio: https://www.xbrl.sm/sm-gaap-ci-2019-01-24.zip
-->
<linkbase xmlns="http://www.xbrl.org/2003/linkbase" xmlns:xsi="http://www.w3.org/2001/XMLSchema-instance" xmlns:xlink="http://www.w3.org/1999/xlink" xsi:schemaLocation="http://www.xbrl.org/2003/linkbase http://www.xbrl.org/2003/xbrl-linkbase-2003-12-31.xsd">
  <roleRef xlink:type="simple" xlink:href="sm-gaap-ci-roles-2019-01-24.xsd#NotaIntegrativaParteIniziale" roleURI="http://www.xbrl.sm/sm/gaap/role/NotaIntegrativaParteIniziale"/>
  <presentationLink xlink:type="extended" xlink:role="http://www.xbrl.sm/sm/gaap/role/NotaIntegrativaParteIniziale">
    <loc xlink:type="locator" xlink:href="sm-gaap-ci-2019-01-24.xsd#sm-gaap-ci_NotaIntegrativaParteIniziale" xlink:label="sm-gaap-ci_NotaIntegrativaParteIniziale"/>
    <loc xlink:type="locator" xlink:href="sm-gaap-ci-2019-01-24.xsd#sm-gaap-ci_IntroduzioneNotaIntegrativa" xlink:label="sm-gaap-ci_IntroduzioneNotaIntegrativa"/>
    <presentationArc xlink:type="arc" xlink:arcrole="http://www.xbrl.org/2003/arcrole/parent-child" xlink:from="sm-gaap-ci_NotaIntegrativaParteIniziale" xlink:to="sm-gaap-ci_IntroduzioneNotaIntegrativa" order="1" priority="0" use="optional"/>
    <loc xlink:type="locator" xlink:href="sm-gaap-ci-2019-01-24.xsd#sm-gaap-ci_SituazioneSocietaAndamentoGestioneSuoComplesso" xlink:label="sm-gaap-ci_SituazioneSocietaAndamentoGestioneSuoComplesso"/>
    <presentationArc xlink:type="arc" xlink:arcrole="http://www.xbrl.org/2003/arcrole/parent-child" xlink:from="sm-gaap-ci_NotaIntegrativaParteIniziale" xlink:to="sm-gaap-ci_SituazioneSocietaAndamentoGestioneSuoComplesso" order="2" priority="0" use="optional"/>
    <loc xlink:type="locator" xlink:href="sm-gaap-ci-2019-01-24.xsd#sm-gaap-ci_SituazioneSocietaAndamentoGestioneSuoComplessoOggettoScopo" xlink:label="sm-gaap-ci_SituazioneSocietaAndamentoGestioneSuoComplessoOggettoScopo"/>
    <presentationArc xlink:type="arc" xlink:arcrole="http://www.xbrl.org/2003/arcrole/parent-child" xlink:from="sm-gaap-ci_SituazioneSocietaAndamentoGestioneSuoComplesso" xlink:to="sm-gaap-ci_SituazioneSocietaAndamentoGestioneSuoComplessoOggettoScopo" order="1" priority="0" use="optional"/>
    <loc xlink:type="locator" xlink:href="sm-gaap-ci-2019-01-24.xsd#sm-gaap-ci_SituazioneSocietaAndamentoGestioneSuoComplessoTipoAttivita" xlink:label="sm-gaap-ci_SituazioneSocietaAndamentoGestioneSuoComplessoTipoAttivita"/>
    <presentationArc xlink:type="arc" xlink:arcrole="http://www.xbrl.org/2003/arcrole/parent-child" xlink:from="sm-gaap-ci_SituazioneSocietaAndamentoGestioneSuoComplesso" xlink:to="sm-gaap-ci_SituazioneSocietaAndamentoGestioneSuoComplessoTipoAttivita" order="2" priority="0" use="optional"/>
    <loc xlink:type="locator" xlink:href="sm-gaap-ci-2019-01-24.xsd#sm-gaap-ci_SituazioneSocietaAndamentoGestioneSuoComplessoAppartenenzaGruppo" xlink:label="sm-gaap-ci_SituazioneSocietaAndamentoGestioneSuoComplessoAppartenenzaGruppo"/>
    <presentationArc xlink:type="arc" xlink:arcrole="http://www.xbrl.org/2003/arcrole/parent-child" xlink:from="sm-gaap-ci_SituazioneSocietaAndamentoGestioneSuoComplesso" xlink:to="sm-gaap-ci_SituazioneSocietaAndamentoGestioneSuoComplessoAppartenenzaGruppo" order="3" priority="0" use="optional"/>
    <loc xlink:type="locator" xlink:href="sm-gaap-ci-2019-01-24.xsd#sm-gaap-ci_SituazioneSocietaAndamentoGestioneSuoComplessoFattiRilievoVerificatisiCorsoEsercizio" xlink:label="sm-gaap-ci_SituazioneSocietaAndamentoGestioneSuoComplessoFattiRilievoVerificatisiCorsoEsercizio"/>
    <presentationArc xlink:type="arc" xlink:arcrole="http://www.xbrl.org/2003/arcrole/parent-child" xlink:from="sm-gaap-ci_SituazioneSocietaAndamentoGestioneSuoComplesso" xlink:to="sm-gaap-ci_SituazioneSocietaAndamentoGestioneSuoComplessoFattiRilievoVerificatisiCorsoEsercizio" order="4" priority="0" use="optional"/>
    <loc xlink:type="locator" xlink:href="sm-gaap-ci-2019-01-24.xsd#sm-gaap-ci_SituazioneSocietaAndamentoGestioneSuoComplessoFattiRilievoAvvenutiDopoChiusuraEsercizio" xlink:label="sm-gaap-ci_SituazioneSocietaAndamentoGestioneSuoComplessoFattiRilievoAvvenutiDopoChiusuraEsercizio"/>
    <presentationArc xlink:type="arc" xlink:arcrole="http://www.xbrl.org/2003/arcrole/parent-child" xlink:from="sm-gaap-ci_NotaIntegrativaParteIniziale" xlink:to="sm-gaap-ci_SituazioneSocietaAndamentoGestioneSuoComplessoFattiRilievoAvvenutiDopoChiusuraEsercizio" order="3" priority="0" use="optional"/>
    <loc xlink:type="locator" xlink:href="sm-gaap-ci-2019-01-24.xsd#sm-gaap-ci_SituazioneSocietaAndamentoGestioneSuoComplessoEvoluzionePrevedibileGestione" xlink:label="sm-gaap-ci_SituazioneSocietaAndamentoGestioneSuoComplessoEvoluzionePrevedibileGestione"/>
    <presentationArc xlink:type="arc" xlink:arcrole="http://www.xbrl.org/2003/arcrole/parent-child" xlink:from="sm-gaap-ci_NotaIntegrativaParteIniziale" xlink:to="sm-gaap-ci_SituazioneSocietaAndamentoGestioneSuoComplessoEvoluzionePrevedibileGestione" order="4" priority="0" use="optional"/>
    <loc xlink:type="locator" xlink:href="sm-gaap-ci-2019-01-24.xsd#sm-gaap-ci_SituazioneSocietaAndamentoGestioneSuoComplessoValutaContabileArrotondamenti" xlink:label="sm-gaap-ci_SituazioneSocietaAndamentoGestioneSuoComplessoValutaContabileArrotondamenti"/>
    <presentationArc xlink:type="arc" xlink:arcrole="http://www.xbrl.org/2003/arcrole/parent-child" xlink:from="sm-gaap-ci_NotaIntegrativaParteIniziale" xlink:to="sm-gaap-ci_SituazioneSocietaAndamentoGestioneSuoComplessoValutaContabileArrotondamenti" order="5" priority="0" use="optional"/>
    <loc xlink:type="locator" xlink:href="sm-gaap-ci-2019-01-24.xsd#sm-gaap-ci_SituazioneSocietaAndamentoGestioneSuoComplessoPrincipiRedazione" xlink:label="sm-gaap-ci_SituazioneSocietaAndamentoGestioneSuoComplessoPrincipiRedazione"/>
    <presentationArc xlink:type="arc" xlink:arcrole="http://www.xbrl.org/2003/arcrole/parent-child" xlink:from="sm-gaap-ci_NotaIntegrativaParteIniziale" xlink:to="sm-gaap-ci_SituazioneSocietaAndamentoGestioneSuoComplessoPrincipiRedazione" order="6" priority="0" use="optional"/>
    <loc xlink:type="locator" xlink:href="sm-gaap-ci-2019-01-24.xsd#sm-gaap-ci_CriteriContabiliApplicatiValutazioneVociBilancioRettificheValore" xlink:label="sm-gaap-ci_CriteriContabiliApplicatiValutazioneVociBilancioRettificheValore"/>
    <presentationArc xlink:type="arc" xlink:arcrole="http://www.xbrl.org/2003/arcrole/parent-child" xlink:from="sm-gaap-ci_NotaIntegrativaParteIniziale" xlink:to="sm-gaap-ci_CriteriContabiliApplicatiValutazioneVociBilancioRettificheValore" order="7" priority="0" use="optional"/>
    <loc xlink:type="locator" xlink:href="sm-gaap-ci-2019-01-24.xsd#sm-gaap-ci_CriteriContabiliApplicatiValutazioneVociBilancioRettificheValoreImmobilizzazioniImmateriali" xlink:label="sm-gaap-ci_CriteriContabiliApplicatiValutazioneVociBilancioRettificheValoreImmobilizzazioniImmateriali"/>
    <presentationArc xlink:type="arc" xlink:arcrole="http://www.xbrl.org/2003/arcrole/parent-child" xlink:from="sm-gaap-ci_CriteriContabiliApplicatiValutazioneVociBilancioRettificheValore" xlink:to="sm-gaap-ci_CriteriContabiliApplicatiValutazioneVociBilancioRettificheValoreImmobilizzazioniImmateriali" order="1" priority="0" use="optional"/>
    <loc xlink:type="locator" xlink:href="sm-gaap-ci-2019-01-24.xsd#sm-gaap-ci_CriteriContabiliApplicatiValutazioneVociBilancioRettificheValoreImmobilizzazioniMateriali" xlink:label="sm-gaap-ci_CriteriContabiliApplicatiValutazioneVociBilancioRettificheValoreImmobilizzazioniMateriali"/>
    <presentationArc xlink:type="arc" xlink:arcrole="http://www.xbrl.org/2003/arcrole/parent-child" xlink:from="sm-gaap-ci_CriteriContabiliApplicatiValutazioneVociBilancioRettificheValore" xlink:to="sm-gaap-ci_CriteriContabiliApplicatiValutazioneVociBilancioRettificheValoreImmobilizzazioniMateriali" order="2" priority="0" use="optional"/>
    <loc xlink:type="locator" xlink:href="sm-gaap-ci-2019-01-24.xsd#sm-gaap-ci_CriteriContabiliApplicatiValutazioneVociBilancioRettificheValoreImmobilizzazioniFinanziarie" xlink:label="sm-gaap-ci_CriteriContabiliApplicatiValutazioneVociBilancioRettificheValoreImmobilizzazioniFinanziarie"/>
    <presentationArc xlink:type="arc" xlink:arcrole="http://www.xbrl.org/2003/arcrole/parent-child" xlink:from="sm-gaap-ci_CriteriContabiliApplicatiValutazioneVociBilancioRettificheValore" xlink:to="sm-gaap-ci_CriteriContabiliApplicatiValutazioneVociBilancioRettificheValoreImmobilizzazioniFinanziarie" order="3" priority="0" use="optional"/>
    <loc xlink:type="locator" xlink:href="sm-gaap-ci-2019-01-24.xsd#sm-gaap-ci_CriteriContabiliApplicatiValutazioneVociBilancioRettificheValoreRimanenze" xlink:label="sm-gaap-ci_CriteriContabiliApplicatiValutazioneVociBilancioRettificheValoreRimanenze"/>
    <presentationArc xlink:type="arc" xlink:arcrole="http://www.xbrl.org/2003/arcrole/parent-child" xlink:from="sm-gaap-ci_CriteriContabiliApplicatiValutazioneVociBilancioRettificheValore" xlink:to="sm-gaap-ci_CriteriContabiliApplicatiValutazioneVociBilancioRettificheValoreRimanenze" order="4" priority="0" use="optional"/>
    <loc xlink:type="locator" xlink:href="sm-gaap-ci-2019-01-24.xsd#sm-gaap-ci_CriteriContabiliApplicatiValutazioneVociBilancioRettificheValoreCrediti" xlink:label="sm-gaap-ci_CriteriContabiliApplicatiValutazioneVociBilancioRettificheValoreCrediti"/>
    <presentationArc xlink:type="arc" xlink:arcrole="http://www.xbrl.org/2003/arcrole/parent-child" xlink:from="sm-gaap-ci_CriteriContabiliApplicatiValutazioneVociBilancioRettificheValore" xlink:to="sm-gaap-ci_CriteriContabiliApplicatiValutazioneVociBilancioRettificheValoreCrediti" order="5" priority="0" use="optional"/>
    <loc xlink:type="locator" xlink:href="sm-gaap-ci-2019-01-24.xsd#sm-gaap-ci_CriteriContabiliApplicatiValutazioneVociBilancioRettificheValoreDisponibilitaLiquide" xlink:label="sm-gaap-ci_CriteriContabiliApplicatiValutazioneVociBilancioRettificheValoreDisponibilitaLiquide"/>
    <presentationArc xlink:type="arc" xlink:arcrole="http://www.xbrl.org/2003/arcrole/parent-child" xlink:from="sm-gaap-ci_CriteriContabiliApplicatiValutazioneVociBilancioRettificheValore" xlink:to="sm-gaap-ci_CriteriContabiliApplicatiValutazioneVociBilancioRettificheValoreDisponibilitaLiquide" order="6" priority="0" use="optional"/>
    <loc xlink:type="locator" xlink:href="sm-gaap-ci-2019-01-24.xsd#sm-gaap-ci_CriteriContabiliApplicatiValutazioneVociBilancioRettificheValoreAttivitaFinanziarieNonCostituisconoImmobilizzazioni" xlink:label="sm-gaap-ci_CriteriContabiliApplicatiValutazioneVociBilancioRettificheValoreAttivitaFinanziarieNonCostituisconoImmobilizzazioni"/>
    <presentationArc xlink:type="arc" xlink:arcrole="http://www.xbrl.org/2003/arcrole/parent-child" xlink:from="sm-gaap-ci_CriteriContabiliApplicatiValutazioneVociBilancioRettificheValore" xlink:to="sm-gaap-ci_CriteriContabiliApplicatiValutazioneVociBilancioRettificheValoreAttivitaFinanziarieNonCostituisconoImmobilizzazioni" order="7" priority="0" use="optional"/>
    <loc xlink:type="locator" xlink:href="sm-gaap-ci-2019-01-24.xsd#sm-gaap-ci_CriteriContabiliApplicatiValutazioneVociBilancioRettificheValorePartecipazioni" xlink:label="sm-gaap-ci_CriteriContabiliApplicatiValutazioneVociBilancioRettificheValorePartecipazioni"/>
    <presentationArc xlink:type="arc" xlink:arcrole="http://www.xbrl.org/2003/arcrole/parent-child" xlink:from="sm-gaap-ci_CriteriContabiliApplicatiValutazioneVociBilancioRettificheValore" xlink:to="sm-gaap-ci_CriteriContabiliApplicatiValutazioneVociBilancioRettificheValorePartecipazioni" order="8" priority="0" use="optional"/>
    <loc xlink:type="locator" xlink:href="sm-gaap-ci-2019-01-24.xsd#sm-gaap-ci_CriteriContabiliApplicatiValutazioneVociBilancioRettificheValoreAzioniProprie" xlink:label="sm-gaap-ci_CriteriContabiliApplicatiValutazioneVociBilancioRettificheValoreAzioniProprie"/>
    <presentationArc xlink:type="arc" xlink:arcrole="http://www.xbrl.org/2003/arcrole/parent-child" xlink:from="sm-gaap-ci_CriteriContabiliApplicatiValutazioneVociBilancioRettificheValore" xlink:to="sm-gaap-ci_CriteriContabiliApplicatiValutazioneVociBilancioRettificheValoreAzioniProprie" order="9" priority="0" use="optional"/>
    <loc xlink:type="locator" xlink:href="sm-gaap-ci-2019-01-24.xsd#sm-gaap-ci_CriteriContabiliApplicatiValutazioneVociBilancioRettificheValoreRateiRisconti" xlink:label="sm-gaap-ci_CriteriContabiliApplicatiValutazioneVociBilancioRettificheValoreRateiRisconti"/>
    <presentationArc xlink:type="arc" xlink:arcrole="http://www.xbrl.org/2003/arcrole/parent-child" xlink:from="sm-gaap-ci_CriteriContabiliApplicatiValutazioneVociBilancioRettificheValore" xlink:to="sm-gaap-ci_CriteriContabiliApplicatiValutazioneVociBilancioRettificheValoreRateiRisconti" order="10" priority="0" use="optional"/>
    <loc xlink:type="locator" xlink:href="sm-gaap-ci-2019-01-24.xsd#sm-gaap-ci_CriteriContabiliApplicatiValutazioneVociBilancioRettificheValorePatrimonioNetto" xlink:label="sm-gaap-ci_CriteriContabiliApplicatiValutazioneVociBilancioRettificheValorePatrimonioNetto"/>
    <presentationArc xlink:type="arc" xlink:arcrole="http://www.xbrl.org/2003/arcrole/parent-child" xlink:from="sm-gaap-ci_CriteriContabiliApplicatiValutazioneVociBilancioRettificheValore" xlink:to="sm-gaap-ci_CriteriContabiliApplicatiValutazioneVociBilancioRettificheValorePatrimonioNetto" order="11" priority="0" use="optional"/>
    <loc xlink:type="locator" xlink:href="sm-gaap-ci-2019-01-24.xsd#sm-gaap-ci_CriteriContabiliApplicatiValutazioneVociBilancioRettificheValoreFondiRischiOneri" xlink:label="sm-gaap-ci_CriteriContabiliApplicatiValutazioneVociBilancioRettificheValoreFondiRischiOneri"/>
    <presentationArc xlink:type="arc" xlink:arcrole="http://www.xbrl.org/2003/arcrole/parent-child" xlink:from="sm-gaap-ci_CriteriContabiliApplicatiValutazioneVociBilancioRettificheValore" xlink:to="sm-gaap-ci_CriteriContabiliApplicatiValutazioneVociBilancioRettificheValoreFondiRischiOneri" order="12" priority="0" use="optional"/>
    <loc xlink:type="locator" xlink:href="sm-gaap-ci-2019-01-24.xsd#sm-gaap-ci_CriteriContabiliApplicatiValutazioneVociBilancioRettificheValoreTrattamentoFineRapportoLavoroSubordinato" xlink:label="sm-gaap-ci_CriteriContabiliApplicatiValutazioneVociBilancioRettificheValoreTrattamentoFineRapportoLavoroSubordinato"/>
    <presentationArc xlink:type="arc" xlink:arcrole="http://www.xbrl.org/2003/arcrole/parent-child" xlink:from="sm-gaap-ci_CriteriContabiliApplicatiValutazioneVociBilancioRettificheValore" xlink:to="sm-gaap-ci_CriteriContabiliApplicatiValutazioneVociBilancioRettificheValoreTrattamentoFineRapportoLavoroSubordinato" order="13" priority="0" use="optional"/>
    <loc xlink:type="locator" xlink:href="sm-gaap-ci-2019-01-24.xsd#sm-gaap-ci_CriteriContabiliApplicatiValutazioneVociBilancioRettificheValoreDebiti" xlink:label="sm-gaap-ci_CriteriContabiliApplicatiValutazioneVociBilancioRettificheValoreDebiti"/>
    <presentationArc xlink:type="arc" xlink:arcrole="http://www.xbrl.org/2003/arcrole/parent-child" xlink:from="sm-gaap-ci_CriteriContabiliApplicatiValutazioneVociBilancioRettificheValore" xlink:to="sm-gaap-ci_CriteriContabiliApplicatiValutazioneVociBilancioRettificheValoreDebiti" order="14" priority="0" use="optional"/>
    <loc xlink:type="locator" xlink:href="sm-gaap-ci-2019-01-24.xsd#sm-gaap-ci_CriteriContabiliApplicatiValutazioneVociBilancioRettificheValoreRicavi" xlink:label="sm-gaap-ci_CriteriContabiliApplicatiValutazioneVociBilancioRettificheValoreRicavi"/>
    <presentationArc xlink:type="arc" xlink:arcrole="http://www.xbrl.org/2003/arcrole/parent-child" xlink:from="sm-gaap-ci_CriteriContabiliApplicatiValutazioneVociBilancioRettificheValore" xlink:to="sm-gaap-ci_CriteriContabiliApplicatiValutazioneVociBilancioRettificheValoreRicavi" order="15" priority="0" use="optional"/>
    <loc xlink:type="locator" xlink:href="sm-gaap-ci-2019-01-24.xsd#sm-gaap-ci_CriteriContabiliApplicatiValutazioneVociBilancioRettificheValoreCosti" xlink:label="sm-gaap-ci_CriteriContabiliApplicatiValutazioneVociBilancioRettificheValoreCosti"/>
    <presentationArc xlink:type="arc" xlink:arcrole="http://www.xbrl.org/2003/arcrole/parent-child" xlink:from="sm-gaap-ci_CriteriContabiliApplicatiValutazioneVociBilancioRettificheValore" xlink:to="sm-gaap-ci_CriteriContabiliApplicatiValutazioneVociBilancioRettificheValoreCosti" order="16" priority="0" use="optional"/>
    <loc xlink:type="locator" xlink:href="sm-gaap-ci-2019-01-24.xsd#sm-gaap-ci_CriteriContabiliApplicatiValutazioneVociBilancioRettificheValoreImposte" xlink:label="sm-gaap-ci_CriteriContabiliApplicatiValutazioneVociBilancioRettificheValoreImposte"/>
    <presentationArc xlink:type="arc" xlink:arcrole="http://www.xbrl.org/2003/arcrole/parent-child" xlink:from="sm-gaap-ci_CriteriContabiliApplicatiValutazioneVociBilancioRettificheValore" xlink:to="sm-gaap-ci_CriteriContabiliApplicatiValutazioneVociBilancioRettificheValoreImposte" order="17" priority="0" use="optional"/>
    <loc xlink:type="locator" xlink:href="sm-gaap-ci-2019-01-24.xsd#sm-gaap-ci_CriteriContabiliApplicatiValutazioneVociBilancioRettificheValoreContiOrdine" xlink:label="sm-gaap-ci_CriteriContabiliApplicatiValutazioneVociBilancioRettificheValoreContiOrdine"/>
    <presentationArc xlink:type="arc" xlink:arcrole="http://www.xbrl.org/2003/arcrole/parent-child" xlink:from="sm-gaap-ci_CriteriContabiliApplicatiValutazioneVociBilancioRettificheValore" xlink:to="sm-gaap-ci_CriteriContabiliApplicatiValutazioneVociBilancioRettificheValoreContiOrdine" order="18" priority="0" use="optional"/>
  </presentationLink>
</linkbase>
