<?xml version="1.0" encoding="UTF-8"?>
<!--
Tassonomia XBRL della Repubblica di San Marino

File: sm-gaap-ci-cal-spabb-2019-01-24.xml
Versione: 2019-01-24
Sito di riferimento: https://www.xbrl.sm/
Archivio: https://www.xbrl.sm/sm-gaap-ci-2019-01-24.zip
-->
<linkbase xmlns="http://www.xbrl.org/2003/linkbase" xmlns:xsi="http://www.w3.org/2001/XMLSchema-instance" xmlns:xlink="http://www.w3.org/1999/xlink" xsi:schemaLocation="http://www.xbrl.org/2003/linkbase http://www.xbrl.org/2003/xbrl-linkbase-2003-12-31.xsd">
  <roleRef xlink:type="simple" xlink:href="sm-gaap-ci-roles-2019-01-24.xsd#SPAbbreviata" roleURI="http://www.xbrl.sm/sm/gaap/role/SPAbbreviata"/>
  <calculationLink xlink:type="extended" xlink:role="http://www.xbrl.sm/sm/gaap/role/SPAbbreviata">
    <loc xlink:type="locator" xlink:href="sm-gaap-ci-2019-01-24.xsd#sm-gaap-ci_TotaleAttivo" xlink:label="sm-gaap-ci_TotaleAttivo"/>
    <loc xlink:type="locator" xlink:href="sm-gaap-ci-2019-01-24.xsd#sm-gaap-ci_TotaleCreditiVersoSociVersamentiAncoraDovuti" xlink:label="sm-gaap-ci_TotaleCreditiVersoSociVersamentiAncoraDovuti"/>
    <calculationArc xlink:type="arc" xlink:arcrole="http://www.xbrl.org/2003/arcrole/summation-item" xlink:from="sm-gaap-ci_TotaleAttivo" xlink:to="sm-gaap-ci_TotaleCreditiVersoSociVersamentiAncoraDovuti" order="1" weight="1" priority="0" use="optional"/>
    <loc xlink:type="locator" xlink:href="sm-gaap-ci-2019-01-24.xsd#sm-gaap-ci_TotaleImmobilizzazioni" xlink:label="sm-gaap-ci_TotaleImmobilizzazioni"/>
    <calculationArc xlink:type="arc" xlink:arcrole="http://www.xbrl.org/2003/arcrole/summation-item" xlink:from="sm-gaap-ci_TotaleAttivo" xlink:to="sm-gaap-ci_TotaleImmobilizzazioni" order="2" weight="1" priority="0" use="optional"/>
    <loc xlink:type="locator" xlink:href="sm-gaap-ci-2019-01-24.xsd#sm-gaap-ci_TotaleImmobilizzazioniImmateriali" xlink:label="sm-gaap-ci_TotaleImmobilizzazioniImmateriali"/>
    <calculationArc xlink:type="arc" xlink:arcrole="http://www.xbrl.org/2003/arcrole/summation-item" xlink:from="sm-gaap-ci_TotaleImmobilizzazioni" xlink:to="sm-gaap-ci_TotaleImmobilizzazioniImmateriali" order="1" weight="1" priority="0" use="optional"/>
    <loc xlink:type="locator" xlink:href="sm-gaap-ci-2019-01-24.xsd#sm-gaap-ci_TotaleImmobilizzazioniMateriali" xlink:label="sm-gaap-ci_TotaleImmobilizzazioniMateriali"/>
    <calculationArc xlink:type="arc" xlink:arcrole="http://www.xbrl.org/2003/arcrole/summation-item" xlink:from="sm-gaap-ci_TotaleImmobilizzazioni" xlink:to="sm-gaap-ci_TotaleImmobilizzazioniMateriali" order="2" weight="1" priority="0" use="optional"/>
    <loc xlink:type="locator" xlink:href="sm-gaap-ci-2019-01-24.xsd#sm-gaap-ci_TotaleImmobilizzazioniFinanziarie" xlink:label="sm-gaap-ci_TotaleImmobilizzazioniFinanziarie"/>
    <calculationArc xlink:type="arc" xlink:arcrole="http://www.xbrl.org/2003/arcrole/summation-item" xlink:from="sm-gaap-ci_TotaleImmobilizzazioni" xlink:to="sm-gaap-ci_TotaleImmobilizzazioniFinanziarie" order="3" weight="1" priority="0" use="optional"/>
    <loc xlink:type="locator" xlink:href="sm-gaap-ci-2019-01-24.xsd#sm-gaap-ci_ImmobilizzazioniFinanziarieCreditiTotaleCrediti" xlink:label="sm-gaap-ci_ImmobilizzazioniFinanziarieCreditiTotaleCrediti"/>
    <calculationArc xlink:type="arc" xlink:arcrole="http://www.xbrl.org/2003/arcrole/summation-item" xlink:from="sm-gaap-ci_TotaleImmobilizzazioniFinanziarie" xlink:to="sm-gaap-ci_ImmobilizzazioniFinanziarieCreditiTotaleCrediti" order="1" weight="1" priority="0" use="optional"/>
    <loc xlink:type="locator" xlink:href="sm-gaap-ci-2019-01-24.xsd#sm-gaap-ci_ImmobilizzazioniFinanziarieCreditiEsigibiliEntroEsercizioSuccessivo" xlink:label="sm-gaap-ci_ImmobilizzazioniFinanziarieCreditiEsigibiliEntroEsercizioSuccessivo"/>
    <calculationArc xlink:type="arc" xlink:arcrole="http://www.xbrl.org/2003/arcrole/summation-item" xlink:from="sm-gaap-ci_ImmobilizzazioniFinanziarieCreditiTotaleCrediti" xlink:to="sm-gaap-ci_ImmobilizzazioniFinanziarieCreditiEsigibiliEntroEsercizioSuccessivo" order="1" weight="1" priority="0" use="optional"/>
    <loc xlink:type="locator" xlink:href="sm-gaap-ci-2019-01-24.xsd#sm-gaap-ci_ImmobilizzazioniFinanziarieCreditiEsigibiliOltreEsercizioSuccessivo" xlink:label="sm-gaap-ci_ImmobilizzazioniFinanziarieCreditiEsigibiliOltreEsercizioSuccessivo"/>
    <calculationArc xlink:type="arc" xlink:arcrole="http://www.xbrl.org/2003/arcrole/summation-item" xlink:from="sm-gaap-ci_ImmobilizzazioniFinanziarieCreditiTotaleCrediti" xlink:to="sm-gaap-ci_ImmobilizzazioniFinanziarieCreditiEsigibiliOltreEsercizioSuccessivo" order="2" weight="1" priority="0" use="optional"/>
    <loc xlink:type="locator" xlink:href="sm-gaap-ci-2019-01-24.xsd#sm-gaap-ci_ImmobilizzazioniFinanziarieAltreImmobilizzazioniFinanziarie" xlink:label="sm-gaap-ci_ImmobilizzazioniFinanziarieAltreImmobilizzazioniFinanziarie"/>
    <calculationArc xlink:type="arc" xlink:arcrole="http://www.xbrl.org/2003/arcrole/summation-item" xlink:from="sm-gaap-ci_TotaleImmobilizzazioniFinanziarie" xlink:to="sm-gaap-ci_ImmobilizzazioniFinanziarieAltreImmobilizzazioniFinanziarie" order="2" weight="1" priority="0" use="optional"/>
    <loc xlink:type="locator" xlink:href="sm-gaap-ci-2019-01-24.xsd#sm-gaap-ci_TotaleAttivoCircolante" xlink:label="sm-gaap-ci_TotaleAttivoCircolante"/>
    <calculationArc xlink:type="arc" xlink:arcrole="http://www.xbrl.org/2003/arcrole/summation-item" xlink:from="sm-gaap-ci_TotaleAttivo" xlink:to="sm-gaap-ci_TotaleAttivoCircolante" order="3" weight="1" priority="0" use="optional"/>
    <loc xlink:type="locator" xlink:href="sm-gaap-ci-2019-01-24.xsd#sm-gaap-ci_TotaleRimanenze" xlink:label="sm-gaap-ci_TotaleRimanenze"/>
    <calculationArc xlink:type="arc" xlink:arcrole="http://www.xbrl.org/2003/arcrole/summation-item" xlink:from="sm-gaap-ci_TotaleAttivoCircolante" xlink:to="sm-gaap-ci_TotaleRimanenze" order="1" weight="1" priority="0" use="optional"/>
    <loc xlink:type="locator" xlink:href="sm-gaap-ci-2019-01-24.xsd#sm-gaap-ci_TotaleCrediti" xlink:label="sm-gaap-ci_TotaleCrediti"/>
    <calculationArc xlink:type="arc" xlink:arcrole="http://www.xbrl.org/2003/arcrole/summation-item" xlink:from="sm-gaap-ci_TotaleAttivoCircolante" xlink:to="sm-gaap-ci_TotaleCrediti" order="2" weight="1" priority="0" use="optional"/>
    <loc xlink:type="locator" xlink:href="sm-gaap-ci-2019-01-24.xsd#sm-gaap-ci_CreditiEsigibiliEntroEsercizioSuccessivo" xlink:label="sm-gaap-ci_CreditiEsigibiliEntroEsercizioSuccessivo"/>
    <calculationArc xlink:type="arc" xlink:arcrole="http://www.xbrl.org/2003/arcrole/summation-item" xlink:from="sm-gaap-ci_TotaleCrediti" xlink:to="sm-gaap-ci_CreditiEsigibiliEntroEsercizioSuccessivo" order="1" weight="1" priority="0" use="optional"/>
    <loc xlink:type="locator" xlink:href="sm-gaap-ci-2019-01-24.xsd#sm-gaap-ci_CreditiEsigibiliOltreEsercizioSuccessivo" xlink:label="sm-gaap-ci_CreditiEsigibiliOltreEsercizioSuccessivo"/>
    <calculationArc xlink:type="arc" xlink:arcrole="http://www.xbrl.org/2003/arcrole/summation-item" xlink:from="sm-gaap-ci_TotaleCrediti" xlink:to="sm-gaap-ci_CreditiEsigibiliOltreEsercizioSuccessivo" order="2" weight="1" priority="0" use="optional"/>
    <loc xlink:type="locator" xlink:href="sm-gaap-ci-2019-01-24.xsd#sm-gaap-ci_TotaleAttivitaFinanziarieNonCostituisconoImmobilizzazioni" xlink:label="sm-gaap-ci_TotaleAttivitaFinanziarieNonCostituisconoImmobilizzazioni"/>
    <calculationArc xlink:type="arc" xlink:arcrole="http://www.xbrl.org/2003/arcrole/summation-item" xlink:from="sm-gaap-ci_TotaleAttivoCircolante" xlink:to="sm-gaap-ci_TotaleAttivitaFinanziarieNonCostituisconoImmobilizzazioni" order="3" weight="1" priority="0" use="optional"/>
    <loc xlink:type="locator" xlink:href="sm-gaap-ci-2019-01-24.xsd#sm-gaap-ci_TotaleDisponibilitaLiquide" xlink:label="sm-gaap-ci_TotaleDisponibilitaLiquide"/>
    <calculationArc xlink:type="arc" xlink:arcrole="http://www.xbrl.org/2003/arcrole/summation-item" xlink:from="sm-gaap-ci_TotaleAttivoCircolante" xlink:to="sm-gaap-ci_TotaleDisponibilitaLiquide" order="4" weight="1" priority="0" use="optional"/>
    <loc xlink:type="locator" xlink:href="sm-gaap-ci-2019-01-24.xsd#sm-gaap-ci_ImmobilizzazioniTecnicheDestinateVendita" xlink:label="sm-gaap-ci_ImmobilizzazioniTecnicheDestinateVendita"/>
    <calculationArc xlink:type="arc" xlink:arcrole="http://www.xbrl.org/2003/arcrole/summation-item" xlink:from="sm-gaap-ci_TotaleAttivoCircolante" xlink:to="sm-gaap-ci_ImmobilizzazioniTecnicheDestinateVendita" order="5" weight="1" priority="0" use="optional"/>
    <loc xlink:type="locator" xlink:href="sm-gaap-ci-2019-01-24.xsd#sm-gaap-ci_AttivoRateiRiscontiTotaleRateiRisconti" xlink:label="sm-gaap-ci_AttivoRateiRiscontiTotaleRateiRisconti"/>
    <calculationArc xlink:type="arc" xlink:arcrole="http://www.xbrl.org/2003/arcrole/summation-item" xlink:from="sm-gaap-ci_TotaleAttivo" xlink:to="sm-gaap-ci_AttivoRateiRiscontiTotaleRateiRisconti" order="4" weight="1" priority="0" use="optional"/>
    <loc xlink:type="locator" xlink:href="sm-gaap-ci-2019-01-24.xsd#sm-gaap-ci_TotalePassivo" xlink:label="sm-gaap-ci_TotalePassivo"/>
    <loc xlink:type="locator" xlink:href="sm-gaap-ci-2019-01-24.xsd#sm-gaap-ci_TotalePatrimonioNetto" xlink:label="sm-gaap-ci_TotalePatrimonioNetto"/>
    <calculationArc xlink:type="arc" xlink:arcrole="http://www.xbrl.org/2003/arcrole/summation-item" xlink:from="sm-gaap-ci_TotalePassivo" xlink:to="sm-gaap-ci_TotalePatrimonioNetto" order="1" weight="1" priority="0" use="optional"/>
    <loc xlink:type="locator" xlink:href="sm-gaap-ci-2019-01-24.xsd#sm-gaap-ci_PatrimonioNettoCapitale" xlink:label="sm-gaap-ci_PatrimonioNettoCapitale"/>
    <calculationArc xlink:type="arc" xlink:arcrole="http://www.xbrl.org/2003/arcrole/summation-item" xlink:from="sm-gaap-ci_TotalePatrimonioNetto" xlink:to="sm-gaap-ci_PatrimonioNettoCapitale" order="1" weight="1" priority="0" use="optional"/>
    <loc xlink:type="locator" xlink:href="sm-gaap-ci-2019-01-24.xsd#sm-gaap-ci_PatrimonioNettoRiservaSoprapprezzoAzioni" xlink:label="sm-gaap-ci_PatrimonioNettoRiservaSoprapprezzoAzioni"/>
    <calculationArc xlink:type="arc" xlink:arcrole="http://www.xbrl.org/2003/arcrole/summation-item" xlink:from="sm-gaap-ci_TotalePatrimonioNetto" xlink:to="sm-gaap-ci_PatrimonioNettoRiservaSoprapprezzoAzioni" order="2" weight="1" priority="0" use="optional"/>
    <loc xlink:type="locator" xlink:href="sm-gaap-ci-2019-01-24.xsd#sm-gaap-ci_PatrimonioNettoRiserveRivalutazione" xlink:label="sm-gaap-ci_PatrimonioNettoRiserveRivalutazione"/>
    <calculationArc xlink:type="arc" xlink:arcrole="http://www.xbrl.org/2003/arcrole/summation-item" xlink:from="sm-gaap-ci_TotalePatrimonioNetto" xlink:to="sm-gaap-ci_PatrimonioNettoRiserveRivalutazione" order="3" weight="1" priority="0" use="optional"/>
    <loc xlink:type="locator" xlink:href="sm-gaap-ci-2019-01-24.xsd#sm-gaap-ci_PatrimonioNettoRiserveStatutarie" xlink:label="sm-gaap-ci_PatrimonioNettoRiserveStatutarie"/>
    <calculationArc xlink:type="arc" xlink:arcrole="http://www.xbrl.org/2003/arcrole/summation-item" xlink:from="sm-gaap-ci_TotalePatrimonioNetto" xlink:to="sm-gaap-ci_PatrimonioNettoRiserveStatutarie" order="4" weight="1" priority="0" use="optional"/>
    <loc xlink:type="locator" xlink:href="sm-gaap-ci-2019-01-24.xsd#sm-gaap-ci_PatrimonioNettoRiservaAzioniPropriePortafoglio" xlink:label="sm-gaap-ci_PatrimonioNettoRiservaAzioniPropriePortafoglio"/>
    <calculationArc xlink:type="arc" xlink:arcrole="http://www.xbrl.org/2003/arcrole/summation-item" xlink:from="sm-gaap-ci_TotalePatrimonioNetto" xlink:to="sm-gaap-ci_PatrimonioNettoRiservaAzioniPropriePortafoglio" order="5" weight="1" priority="0" use="optional"/>
    <loc xlink:type="locator" xlink:href="sm-gaap-ci-2019-01-24.xsd#sm-gaap-ci_PatrimonioNettoAltreRiserveDistintamenteIndicateTotaleAltreRiserve" xlink:label="sm-gaap-ci_PatrimonioNettoAltreRiserveDistintamenteIndicateTotaleAltreRiserve"/>
    <calculationArc xlink:type="arc" xlink:arcrole="http://www.xbrl.org/2003/arcrole/summation-item" xlink:from="sm-gaap-ci_TotalePatrimonioNetto" xlink:to="sm-gaap-ci_PatrimonioNettoAltreRiserveDistintamenteIndicateTotaleAltreRiserve" order="6" weight="1" priority="0" use="optional"/>
    <loc xlink:type="locator" xlink:href="sm-gaap-ci-2019-01-24.xsd#sm-gaap-ci_PatrimonioNettoAltreRiserveDistintamenteIndicateRiservaStraordinariaFacoltativa" xlink:label="sm-gaap-ci_PatrimonioNettoAltreRiserveDistintamenteIndicateRiservaStraordinariaFacoltativa"/>
    <calculationArc xlink:type="arc" xlink:arcrole="http://www.xbrl.org/2003/arcrole/summation-item" xlink:from="sm-gaap-ci_PatrimonioNettoAltreRiserveDistintamenteIndicateTotaleAltreRiserve" xlink:to="sm-gaap-ci_PatrimonioNettoAltreRiserveDistintamenteIndicateRiservaStraordinariaFacoltativa" order="1" weight="1" priority="0" use="optional"/>
    <loc xlink:type="locator" xlink:href="sm-gaap-ci-2019-01-24.xsd#sm-gaap-ci_PatrimonioNettoAltreRiserveDistintamenteIndicateRiservaAcquistoAzioniProprie" xlink:label="sm-gaap-ci_PatrimonioNettoAltreRiserveDistintamenteIndicateRiservaAcquistoAzioniProprie"/>
    <calculationArc xlink:type="arc" xlink:arcrole="http://www.xbrl.org/2003/arcrole/summation-item" xlink:from="sm-gaap-ci_PatrimonioNettoAltreRiserveDistintamenteIndicateTotaleAltreRiserve" xlink:to="sm-gaap-ci_PatrimonioNettoAltreRiserveDistintamenteIndicateRiservaAcquistoAzioniProprie" order="2" weight="1" priority="0" use="optional"/>
    <loc xlink:type="locator" xlink:href="sm-gaap-ci-2019-01-24.xsd#sm-gaap-ci_PatrimonioNettoAltreRiserveDistintamenteIndicateRiservaNonDistribuibileRivalutazionePartecipazioni" xlink:label="sm-gaap-ci_PatrimonioNettoAltreRiserveDistintamenteIndicateRiservaNonDistribuibileRivalutazionePartecipazioni"/>
    <calculationArc xlink:type="arc" xlink:arcrole="http://www.xbrl.org/2003/arcrole/summation-item" xlink:from="sm-gaap-ci_PatrimonioNettoAltreRiserveDistintamenteIndicateTotaleAltreRiserve" xlink:to="sm-gaap-ci_PatrimonioNettoAltreRiserveDistintamenteIndicateRiservaNonDistribuibileRivalutazionePartecipazioni" order="3" weight="1" priority="0" use="optional"/>
    <loc xlink:type="locator" xlink:href="sm-gaap-ci-2019-01-24.xsd#sm-gaap-ci_PatrimonioNettoAltreRiserveDistintamenteIndicateVersamentiContoAumentoCapitale" xlink:label="sm-gaap-ci_PatrimonioNettoAltreRiserveDistintamenteIndicateVersamentiContoAumentoCapitale"/>
    <calculationArc xlink:type="arc" xlink:arcrole="http://www.xbrl.org/2003/arcrole/summation-item" xlink:from="sm-gaap-ci_PatrimonioNettoAltreRiserveDistintamenteIndicateTotaleAltreRiserve" xlink:to="sm-gaap-ci_PatrimonioNettoAltreRiserveDistintamenteIndicateVersamentiContoAumentoCapitale" order="4" weight="1" priority="0" use="optional"/>
    <loc xlink:type="locator" xlink:href="sm-gaap-ci-2019-01-24.xsd#sm-gaap-ci_PatrimonioNettoAltreRiserveDistintamenteIndicateVersamentiContoFuturoAumentoCapitale" xlink:label="sm-gaap-ci_PatrimonioNettoAltreRiserveDistintamenteIndicateVersamentiContoFuturoAumentoCapitale"/>
    <calculationArc xlink:type="arc" xlink:arcrole="http://www.xbrl.org/2003/arcrole/summation-item" xlink:from="sm-gaap-ci_PatrimonioNettoAltreRiserveDistintamenteIndicateTotaleAltreRiserve" xlink:to="sm-gaap-ci_PatrimonioNettoAltreRiserveDistintamenteIndicateVersamentiContoFuturoAumentoCapitale" order="5" weight="1" priority="0" use="optional"/>
    <loc xlink:type="locator" xlink:href="sm-gaap-ci-2019-01-24.xsd#sm-gaap-ci_PatrimonioNettoAltreRiserveDistintamenteIndicateVersamentiContoCapitale" xlink:label="sm-gaap-ci_PatrimonioNettoAltreRiserveDistintamenteIndicateVersamentiContoCapitale"/>
    <calculationArc xlink:type="arc" xlink:arcrole="http://www.xbrl.org/2003/arcrole/summation-item" xlink:from="sm-gaap-ci_PatrimonioNettoAltreRiserveDistintamenteIndicateTotaleAltreRiserve" xlink:to="sm-gaap-ci_PatrimonioNettoAltreRiserveDistintamenteIndicateVersamentiContoCapitale" order="6" weight="1" priority="0" use="optional"/>
    <loc xlink:type="locator" xlink:href="sm-gaap-ci-2019-01-24.xsd#sm-gaap-ci_PatrimonioNettoAltreRiserveDistintamenteIndicateVersamentiCoperturaPerdite" xlink:label="sm-gaap-ci_PatrimonioNettoAltreRiserveDistintamenteIndicateVersamentiCoperturaPerdite"/>
    <calculationArc xlink:type="arc" xlink:arcrole="http://www.xbrl.org/2003/arcrole/summation-item" xlink:from="sm-gaap-ci_PatrimonioNettoAltreRiserveDistintamenteIndicateTotaleAltreRiserve" xlink:to="sm-gaap-ci_PatrimonioNettoAltreRiserveDistintamenteIndicateVersamentiCoperturaPerdite" order="7" weight="1" priority="0" use="optional"/>
    <loc xlink:type="locator" xlink:href="sm-gaap-ci-2019-01-24.xsd#sm-gaap-ci_PatrimonioNettoAltreRiserveDistintamenteIndicateRiservaRiduzioneCapitaleSociale" xlink:label="sm-gaap-ci_PatrimonioNettoAltreRiserveDistintamenteIndicateRiservaRiduzioneCapitaleSociale"/>
    <calculationArc xlink:type="arc" xlink:arcrole="http://www.xbrl.org/2003/arcrole/summation-item" xlink:from="sm-gaap-ci_PatrimonioNettoAltreRiserveDistintamenteIndicateTotaleAltreRiserve" xlink:to="sm-gaap-ci_PatrimonioNettoAltreRiserveDistintamenteIndicateRiservaRiduzioneCapitaleSociale" order="8" weight="1" priority="0" use="optional"/>
    <loc xlink:type="locator" xlink:href="sm-gaap-ci-2019-01-24.xsd#sm-gaap-ci_PatrimonioNettoAltreRiserveDistintamenteIndicateRiservaAvanzoFusione" xlink:label="sm-gaap-ci_PatrimonioNettoAltreRiserveDistintamenteIndicateRiservaAvanzoFusione"/>
    <calculationArc xlink:type="arc" xlink:arcrole="http://www.xbrl.org/2003/arcrole/summation-item" xlink:from="sm-gaap-ci_PatrimonioNettoAltreRiserveDistintamenteIndicateTotaleAltreRiserve" xlink:to="sm-gaap-ci_PatrimonioNettoAltreRiserveDistintamenteIndicateRiservaAvanzoFusione" order="9" weight="1" priority="0" use="optional"/>
    <loc xlink:type="locator" xlink:href="sm-gaap-ci-2019-01-24.xsd#sm-gaap-ci_PatrimonioNettoAltreRiserveDistintamenteIndicateVarieAltreRiserve" xlink:label="sm-gaap-ci_PatrimonioNettoAltreRiserveDistintamenteIndicateVarieAltreRiserve"/>
    <calculationArc xlink:type="arc" xlink:arcrole="http://www.xbrl.org/2003/arcrole/summation-item" xlink:from="sm-gaap-ci_PatrimonioNettoAltreRiserveDistintamenteIndicateTotaleAltreRiserve" xlink:to="sm-gaap-ci_PatrimonioNettoAltreRiserveDistintamenteIndicateVarieAltreRiserve" order="10" weight="1" priority="0" use="optional"/>
    <loc xlink:type="locator" xlink:href="sm-gaap-ci-2019-01-24.xsd#sm-gaap-ci_PatrimonioNettoUtiliPerditePortatiNuovo" xlink:label="sm-gaap-ci_PatrimonioNettoUtiliPerditePortatiNuovo"/>
    <calculationArc xlink:type="arc" xlink:arcrole="http://www.xbrl.org/2003/arcrole/summation-item" xlink:from="sm-gaap-ci_TotalePatrimonioNetto" xlink:to="sm-gaap-ci_PatrimonioNettoUtiliPerditePortatiNuovo" order="7" weight="1" priority="0" use="optional"/>
    <loc xlink:type="locator" xlink:href="sm-gaap-ci-2019-01-24.xsd#sm-gaap-ci_PatrimonioNettoUtilePerditaEsercizio" xlink:label="sm-gaap-ci_PatrimonioNettoUtilePerditaEsercizio"/>
    <calculationArc xlink:type="arc" xlink:arcrole="http://www.xbrl.org/2003/arcrole/summation-item" xlink:from="sm-gaap-ci_TotalePatrimonioNetto" xlink:to="sm-gaap-ci_PatrimonioNettoUtilePerditaEsercizio" order="8" weight="1" priority="0" use="optional"/>
    <loc xlink:type="locator" xlink:href="sm-gaap-ci-2019-01-24.xsd#sm-gaap-ci_TotaleFondiRischiOneri" xlink:label="sm-gaap-ci_TotaleFondiRischiOneri"/>
    <calculationArc xlink:type="arc" xlink:arcrole="http://www.xbrl.org/2003/arcrole/summation-item" xlink:from="sm-gaap-ci_TotalePassivo" xlink:to="sm-gaap-ci_TotaleFondiRischiOneri" order="2" weight="1" priority="0" use="optional"/>
    <loc xlink:type="locator" xlink:href="sm-gaap-ci-2019-01-24.xsd#sm-gaap-ci_TrattamentoFineRapportoLavoroSubordinato" xlink:label="sm-gaap-ci_TrattamentoFineRapportoLavoroSubordinato"/>
    <calculationArc xlink:type="arc" xlink:arcrole="http://www.xbrl.org/2003/arcrole/summation-item" xlink:from="sm-gaap-ci_TotalePassivo" xlink:to="sm-gaap-ci_TrattamentoFineRapportoLavoroSubordinato" order="3" weight="1" priority="0" use="optional"/>
    <loc xlink:type="locator" xlink:href="sm-gaap-ci-2019-01-24.xsd#sm-gaap-ci_TotaleDebiti" xlink:label="sm-gaap-ci_TotaleDebiti"/>
    <calculationArc xlink:type="arc" xlink:arcrole="http://www.xbrl.org/2003/arcrole/summation-item" xlink:from="sm-gaap-ci_TotalePassivo" xlink:to="sm-gaap-ci_TotaleDebiti" order="4" weight="1" priority="0" use="optional"/>
    <loc xlink:type="locator" xlink:href="sm-gaap-ci-2019-01-24.xsd#sm-gaap-ci_DebitiEsigibiliEntroEsercizioSuccessivo" xlink:label="sm-gaap-ci_DebitiEsigibiliEntroEsercizioSuccessivo"/>
    <calculationArc xlink:type="arc" xlink:arcrole="http://www.xbrl.org/2003/arcrole/summation-item" xlink:from="sm-gaap-ci_TotaleDebiti" xlink:to="sm-gaap-ci_DebitiEsigibiliEntroEsercizioSuccessivo" order="1" weight="1" priority="0" use="optional"/>
    <loc xlink:type="locator" xlink:href="sm-gaap-ci-2019-01-24.xsd#sm-gaap-ci_DebitiEsigibiliOltreEsercizioSuccessivo" xlink:label="sm-gaap-ci_DebitiEsigibiliOltreEsercizioSuccessivo"/>
    <calculationArc xlink:type="arc" xlink:arcrole="http://www.xbrl.org/2003/arcrole/summation-item" xlink:from="sm-gaap-ci_TotaleDebiti" xlink:to="sm-gaap-ci_DebitiEsigibiliOltreEsercizioSuccessivo" order="2" weight="1" priority="0" use="optional"/>
    <loc xlink:type="locator" xlink:href="sm-gaap-ci-2019-01-24.xsd#sm-gaap-ci_PassivoRateiRiscontiTotaleRateiRisconti" xlink:label="sm-gaap-ci_PassivoRateiRiscontiTotaleRateiRisconti"/>
    <calculationArc xlink:type="arc" xlink:arcrole="http://www.xbrl.org/2003/arcrole/summation-item" xlink:from="sm-gaap-ci_TotalePassivo" xlink:to="sm-gaap-ci_PassivoRateiRiscontiTotaleRateiRisconti" order="5" weight="1" priority="0" use="optional"/>
  </calculationLink>
</linkbase>
