<?xml version="1.0" encoding="UTF-8"?>
<!--
Tassonomia XBRL della Repubblica di San Marino

File: sm-gaap-ci-cal-nicontoeconomicoord-2019-01-24.xml
Versione: 2019-01-24
Sito di riferimento: https://www.xbrl.sm/
Archivio: https://www.xbrl.sm/sm-gaap-ci-2019-01-24.zip
-->
<linkbase xmlns="http://www.xbrl.org/2003/linkbase" xmlns:xsi="http://www.w3.org/2001/XMLSchema-instance" xmlns:xlink="http://www.w3.org/1999/xlink" xsi:schemaLocation="http://www.xbrl.org/2003/linkbase http://www.xbrl.org/2003/xbrl-linkbase-2003-12-31.xsd">
  <roleRef xlink:type="simple" xlink:href="sm-gaap-ci-roles-2019-01-24.xsd#NotaIntegrativaContoEconomicoOrdinario" roleURI="http://www.xbrl.sm/sm/gaap/role/NotaIntegrativaContoEconomicoOrdinario"/>
  <calculationLink xlink:type="extended" xlink:role="http://www.xbrl.sm/sm/gaap/role/NotaIntegrativaContoEconomicoOrdinario">
    <loc xlink:type="locator" xlink:href="sm-gaap-ci-2019-01-24.xsd#sm-gaap-ci_ProventiOneriFinanziariAltriProventiFinanziariTitoliIscrittiImmobilizzazioniNonCostituisconoPartecipazioni" xlink:label="sm-gaap-ci_ProventiOneriFinanziariAltriProventiFinanziariTitoliIscrittiImmobilizzazioniNonCostituisconoPartecipazioni"/>
    <loc xlink:type="locator" xlink:href="sm-gaap-ci-2019-01-24.xsd#sm-gaap-ci_ProventiTitoliIscrittiImmobilizzazioniNonCostituisconoPartecipazioniSocietaControllate" xlink:label="sm-gaap-ci_ProventiTitoliIscrittiImmobilizzazioniNonCostituisconoPartecipazioniSocietaControllate"/>
    <calculationArc xlink:type="arc" xlink:arcrole="http://www.xbrl.org/2003/arcrole/summation-item" xlink:from="sm-gaap-ci_ProventiOneriFinanziariAltriProventiFinanziariTitoliIscrittiImmobilizzazioniNonCostituisconoPartecipazioni" xlink:to="sm-gaap-ci_ProventiTitoliIscrittiImmobilizzazioniNonCostituisconoPartecipazioniSocietaControllate" order="1" weight="1" priority="0" use="optional"/>
    <loc xlink:type="locator" xlink:href="sm-gaap-ci-2019-01-24.xsd#sm-gaap-ci_ProventiTitoliIscrittiImmobilizzazioniNonCostituisconoPartecipazioniSocietaCollegate" xlink:label="sm-gaap-ci_ProventiTitoliIscrittiImmobilizzazioniNonCostituisconoPartecipazioniSocietaCollegate"/>
    <calculationArc xlink:type="arc" xlink:arcrole="http://www.xbrl.org/2003/arcrole/summation-item" xlink:from="sm-gaap-ci_ProventiOneriFinanziariAltriProventiFinanziariTitoliIscrittiImmobilizzazioniNonCostituisconoPartecipazioni" xlink:to="sm-gaap-ci_ProventiTitoliIscrittiImmobilizzazioniNonCostituisconoPartecipazioniSocietaCollegate" order="2" weight="1" priority="0" use="optional"/>
    <loc xlink:type="locator" xlink:href="sm-gaap-ci-2019-01-24.xsd#sm-gaap-ci_ProventiTitoliIscrittiImmobilizzazioniNonCostituisconoPartecipazioniSocietaControllanti" xlink:label="sm-gaap-ci_ProventiTitoliIscrittiImmobilizzazioniNonCostituisconoPartecipazioniSocietaControllanti"/>
    <calculationArc xlink:type="arc" xlink:arcrole="http://www.xbrl.org/2003/arcrole/summation-item" xlink:from="sm-gaap-ci_ProventiOneriFinanziariAltriProventiFinanziariTitoliIscrittiImmobilizzazioniNonCostituisconoPartecipazioni" xlink:to="sm-gaap-ci_ProventiTitoliIscrittiImmobilizzazioniNonCostituisconoPartecipazioniSocietaControllanti" order="3" weight="1" priority="0" use="optional"/>
    <loc xlink:type="locator" xlink:href="sm-gaap-ci-2019-01-24.xsd#sm-gaap-ci_ProventiTitoliIscrittiImmobilizzazioniNonCostituisconoPartecipazioniAltri" xlink:label="sm-gaap-ci_ProventiTitoliIscrittiImmobilizzazioniNonCostituisconoPartecipazioniAltri"/>
    <calculationArc xlink:type="arc" xlink:arcrole="http://www.xbrl.org/2003/arcrole/summation-item" xlink:from="sm-gaap-ci_ProventiOneriFinanziariAltriProventiFinanziariTitoliIscrittiImmobilizzazioniNonCostituisconoPartecipazioni" xlink:to="sm-gaap-ci_ProventiTitoliIscrittiImmobilizzazioniNonCostituisconoPartecipazioniAltri" order="4" weight="1" priority="0" use="optional"/>
    <loc xlink:type="locator" xlink:href="sm-gaap-ci-2019-01-24.xsd#sm-gaap-ci_ProventiOneriFinanziariAltriProventiFinanziariTitoliIscrittiAttivoCircolanteNonCostituisconoPartecipazioni" xlink:label="sm-gaap-ci_ProventiOneriFinanziariAltriProventiFinanziariTitoliIscrittiAttivoCircolanteNonCostituisconoPartecipazioni"/>
    <loc xlink:type="locator" xlink:href="sm-gaap-ci-2019-01-24.xsd#sm-gaap-ci_ProventiTitoliIscrittiAttivoCircolanteNonCostituisconoPartecipazioniSocietaControllate" xlink:label="sm-gaap-ci_ProventiTitoliIscrittiAttivoCircolanteNonCostituisconoPartecipazioniSocietaControllate"/>
    <calculationArc xlink:type="arc" xlink:arcrole="http://www.xbrl.org/2003/arcrole/summation-item" xlink:from="sm-gaap-ci_ProventiOneriFinanziariAltriProventiFinanziariTitoliIscrittiAttivoCircolanteNonCostituisconoPartecipazioni" xlink:to="sm-gaap-ci_ProventiTitoliIscrittiAttivoCircolanteNonCostituisconoPartecipazioniSocietaControllate" order="1" weight="1" priority="0" use="optional"/>
    <loc xlink:type="locator" xlink:href="sm-gaap-ci-2019-01-24.xsd#sm-gaap-ci_ProventiTitoliIscrittiAttivoCircolanteNonCostituisconoPartecipazioniSocietaCollegate" xlink:label="sm-gaap-ci_ProventiTitoliIscrittiAttivoCircolanteNonCostituisconoPartecipazioniSocietaCollegate"/>
    <calculationArc xlink:type="arc" xlink:arcrole="http://www.xbrl.org/2003/arcrole/summation-item" xlink:from="sm-gaap-ci_ProventiOneriFinanziariAltriProventiFinanziariTitoliIscrittiAttivoCircolanteNonCostituisconoPartecipazioni" xlink:to="sm-gaap-ci_ProventiTitoliIscrittiAttivoCircolanteNonCostituisconoPartecipazioniSocietaCollegate" order="2" weight="1" priority="0" use="optional"/>
    <loc xlink:type="locator" xlink:href="sm-gaap-ci-2019-01-24.xsd#sm-gaap-ci_ProventiTitoliIscrittiAttivoCircolanteNonCostituisconoPartecipazioniSocietaControllanti" xlink:label="sm-gaap-ci_ProventiTitoliIscrittiAttivoCircolanteNonCostituisconoPartecipazioniSocietaControllanti"/>
    <calculationArc xlink:type="arc" xlink:arcrole="http://www.xbrl.org/2003/arcrole/summation-item" xlink:from="sm-gaap-ci_ProventiOneriFinanziariAltriProventiFinanziariTitoliIscrittiAttivoCircolanteNonCostituisconoPartecipazioni" xlink:to="sm-gaap-ci_ProventiTitoliIscrittiAttivoCircolanteNonCostituisconoPartecipazioniSocietaControllanti" order="3" weight="1" priority="0" use="optional"/>
    <loc xlink:type="locator" xlink:href="sm-gaap-ci-2019-01-24.xsd#sm-gaap-ci_ProventiTitoliIscrittiAttivoCircolanteNonCostituisconoPartecipazioniAltri" xlink:label="sm-gaap-ci_ProventiTitoliIscrittiAttivoCircolanteNonCostituisconoPartecipazioniAltri"/>
    <calculationArc xlink:type="arc" xlink:arcrole="http://www.xbrl.org/2003/arcrole/summation-item" xlink:from="sm-gaap-ci_ProventiOneriFinanziariAltriProventiFinanziariTitoliIscrittiAttivoCircolanteNonCostituisconoPartecipazioni" xlink:to="sm-gaap-ci_ProventiTitoliIscrittiAttivoCircolanteNonCostituisconoPartecipazioniAltri" order="4" weight="1" priority="0" use="optional"/>
  </calculationLink>
</linkbase>
