<?xml version="1.0" encoding="UTF-8"?>
<!--
Tassonomia XBRL della Repubblica di San Marino

File: sm-gaap-ci-pre-nialtro-2019-01-24.xml
Versione: 2019-01-24
Sito di riferimento: https://www.xbrl.sm/
Archivio: https://www.xbrl.sm/sm-gaap-ci-2019-01-24.zip
-->
<linkbase xmlns="http://www.xbrl.org/2003/linkbase" xmlns:xsi="http://www.w3.org/2001/XMLSchema-instance" xmlns:xlink="http://www.w3.org/1999/xlink" xsi:schemaLocation="http://www.xbrl.org/2003/linkbase http://www.xbrl.org/2003/xbrl-linkbase-2003-12-31.xsd">
  <roleRef xlink:type="simple" xlink:href="sm-gaap-ci-roles-2019-01-24.xsd#NotaIntegrativaAltreInformazioni" roleURI="http://www.xbrl.sm/sm/gaap/role/NotaIntegrativaAltreInformazioni"/>
  <presentationLink xlink:type="extended" xlink:role="http://www.xbrl.sm/sm/gaap/role/NotaIntegrativaAltreInformazioni">
    <loc xlink:type="locator" xlink:href="sm-gaap-ci-2019-01-24.xsd#sm-gaap-ci_NotaIntegrativaAltreInformazioni" xlink:label="sm-gaap-ci_NotaIntegrativaAltreInformazioni"/>
    <loc xlink:type="locator" xlink:href="sm-gaap-ci-2019-01-24.xsd#sm-gaap-ci_IntroduzioneNotaIntegrativaAltreInformazioni" xlink:label="sm-gaap-ci_IntroduzioneNotaIntegrativaAltreInformazioni"/>
    <presentationArc xlink:type="arc" xlink:arcrole="http://www.xbrl.org/2003/arcrole/parent-child" xlink:from="sm-gaap-ci_NotaIntegrativaAltreInformazioni" xlink:to="sm-gaap-ci_IntroduzioneNotaIntegrativaAltreInformazioni" order="1" priority="0" use="optional"/>
    <loc xlink:type="locator" xlink:href="sm-gaap-ci-2019-01-24.xsd#sm-gaap-ci_DatiOccupazione" xlink:label="sm-gaap-ci_DatiOccupazione"/>
    <presentationArc xlink:type="arc" xlink:arcrole="http://www.xbrl.org/2003/arcrole/parent-child" xlink:from="sm-gaap-ci_NotaIntegrativaAltreInformazioni" xlink:to="sm-gaap-ci_DatiOccupazione" order="2" priority="0" use="optional"/>
    <loc xlink:type="locator" xlink:href="sm-gaap-ci-2019-01-24.xsd#sm-gaap-ci_IntroduzioneDatiOccupazione" xlink:label="sm-gaap-ci_IntroduzioneDatiOccupazione"/>
    <presentationArc xlink:type="arc" xlink:arcrole="http://www.xbrl.org/2003/arcrole/parent-child" xlink:from="sm-gaap-ci_DatiOccupazione" xlink:to="sm-gaap-ci_IntroduzioneDatiOccupazione" order="1" priority="0" use="optional"/>
    <loc xlink:type="locator" xlink:href="sm-gaap-ci-2019-01-24.xsd#sm-gaap-ci_NumeroMedioDipendentiRipartitiCategoriaProspetto" xlink:label="sm-gaap-ci_NumeroMedioDipendentiRipartitiCategoriaProspetto"/>
    <presentationArc xlink:type="arc" xlink:arcrole="http://www.xbrl.org/2003/arcrole/parent-child" xlink:from="sm-gaap-ci_DatiOccupazione" xlink:to="sm-gaap-ci_NumeroMedioDipendentiRipartitiCategoriaProspetto" order="2" priority="0" use="optional"/>
    <loc xlink:type="locator" xlink:href="sm-gaap-ci-2019-01-24.xsd#sm-gaap-ci_NumeroDirigentiColonna" xlink:label="sm-gaap-ci_NumeroDirigentiColonna"/>
    <presentationArc xlink:type="arc" xlink:arcrole="http://www.xbrl.org/2003/arcrole/parent-child" xlink:from="sm-gaap-ci_NumeroMedioDipendentiRipartitiCategoriaProspetto" xlink:to="sm-gaap-ci_NumeroDirigentiColonna" order="1" priority="0" use="optional"/>
    <loc xlink:type="locator" xlink:href="sm-gaap-ci-2019-01-24.xsd#sm-gaap-ci_NumeroMedioDirigenti" xlink:label="sm-gaap-ci_NumeroMedioDirigenti"/>
    <presentationArc xlink:type="arc" xlink:arcrole="http://www.xbrl.org/2003/arcrole/parent-child" xlink:from="sm-gaap-ci_NumeroDirigentiColonna" xlink:to="sm-gaap-ci_NumeroMedioDirigenti" order="1" priority="0" use="optional"/>
    <loc xlink:type="locator" xlink:href="sm-gaap-ci-2019-01-24.xsd#sm-gaap-ci_NumeroQuadriColonna" xlink:label="sm-gaap-ci_NumeroQuadriColonna"/>
    <presentationArc xlink:type="arc" xlink:arcrole="http://www.xbrl.org/2003/arcrole/parent-child" xlink:from="sm-gaap-ci_NumeroMedioDipendentiRipartitiCategoriaProspetto" xlink:to="sm-gaap-ci_NumeroQuadriColonna" order="2" priority="0" use="optional"/>
    <loc xlink:type="locator" xlink:href="sm-gaap-ci-2019-01-24.xsd#sm-gaap-ci_NumeroMedioQuadri" xlink:label="sm-gaap-ci_NumeroMedioQuadri"/>
    <presentationArc xlink:type="arc" xlink:arcrole="http://www.xbrl.org/2003/arcrole/parent-child" xlink:from="sm-gaap-ci_NumeroQuadriColonna" xlink:to="sm-gaap-ci_NumeroMedioQuadri" order="1" priority="0" use="optional"/>
    <loc xlink:type="locator" xlink:href="sm-gaap-ci-2019-01-24.xsd#sm-gaap-ci_NumeroImpiegatiColonna" xlink:label="sm-gaap-ci_NumeroImpiegatiColonna"/>
    <presentationArc xlink:type="arc" xlink:arcrole="http://www.xbrl.org/2003/arcrole/parent-child" xlink:from="sm-gaap-ci_NumeroMedioDipendentiRipartitiCategoriaProspetto" xlink:to="sm-gaap-ci_NumeroImpiegatiColonna" order="3" priority="0" use="optional"/>
    <loc xlink:type="locator" xlink:href="sm-gaap-ci-2019-01-24.xsd#sm-gaap-ci_NumeroMedioImpiegati" xlink:label="sm-gaap-ci_NumeroMedioImpiegati"/>
    <presentationArc xlink:type="arc" xlink:arcrole="http://www.xbrl.org/2003/arcrole/parent-child" xlink:from="sm-gaap-ci_NumeroImpiegatiColonna" xlink:to="sm-gaap-ci_NumeroMedioImpiegati" order="1" priority="0" use="optional"/>
    <loc xlink:type="locator" xlink:href="sm-gaap-ci-2019-01-24.xsd#sm-gaap-ci_NumeroOperaiColonna" xlink:label="sm-gaap-ci_NumeroOperaiColonna"/>
    <presentationArc xlink:type="arc" xlink:arcrole="http://www.xbrl.org/2003/arcrole/parent-child" xlink:from="sm-gaap-ci_NumeroMedioDipendentiRipartitiCategoriaProspetto" xlink:to="sm-gaap-ci_NumeroOperaiColonna" order="4" priority="0" use="optional"/>
    <loc xlink:type="locator" xlink:href="sm-gaap-ci-2019-01-24.xsd#sm-gaap-ci_NumeroMedioOperai" xlink:label="sm-gaap-ci_NumeroMedioOperai"/>
    <presentationArc xlink:type="arc" xlink:arcrole="http://www.xbrl.org/2003/arcrole/parent-child" xlink:from="sm-gaap-ci_NumeroOperaiColonna" xlink:to="sm-gaap-ci_NumeroMedioOperai" order="1" priority="0" use="optional"/>
    <loc xlink:type="locator" xlink:href="sm-gaap-ci-2019-01-24.xsd#sm-gaap-ci_NumeroAltriDipendentiColonna" xlink:label="sm-gaap-ci_NumeroAltriDipendentiColonna"/>
    <presentationArc xlink:type="arc" xlink:arcrole="http://www.xbrl.org/2003/arcrole/parent-child" xlink:from="sm-gaap-ci_NumeroMedioDipendentiRipartitiCategoriaProspetto" xlink:to="sm-gaap-ci_NumeroAltriDipendentiColonna" order="5" priority="0" use="optional"/>
    <loc xlink:type="locator" xlink:href="sm-gaap-ci-2019-01-24.xsd#sm-gaap-ci_NumeroMedioAltriDipendenti" xlink:label="sm-gaap-ci_NumeroMedioAltriDipendenti"/>
    <presentationArc xlink:type="arc" xlink:arcrole="http://www.xbrl.org/2003/arcrole/parent-child" xlink:from="sm-gaap-ci_NumeroAltriDipendentiColonna" xlink:to="sm-gaap-ci_NumeroMedioAltriDipendenti" order="1" priority="0" use="optional"/>
    <loc xlink:type="locator" xlink:href="sm-gaap-ci-2019-01-24.xsd#sm-gaap-ci_TotaleDipendentiColonna" xlink:label="sm-gaap-ci_TotaleDipendentiColonna"/>
    <presentationArc xlink:type="arc" xlink:arcrole="http://www.xbrl.org/2003/arcrole/parent-child" xlink:from="sm-gaap-ci_NumeroMedioDipendentiRipartitiCategoriaProspetto" xlink:to="sm-gaap-ci_TotaleDipendentiColonna" order="6" priority="0" use="optional"/>
    <loc xlink:type="locator" xlink:href="sm-gaap-ci-2019-01-24.xsd#sm-gaap-ci_TotaleDipendentiNumeroMedio" xlink:label="sm-gaap-ci_TotaleDipendentiNumeroMedio"/>
    <presentationArc xlink:type="arc" xlink:arcrole="http://www.xbrl.org/2003/arcrole/parent-child" xlink:from="sm-gaap-ci_TotaleDipendentiColonna" xlink:to="sm-gaap-ci_TotaleDipendentiNumeroMedio" order="1" priority="0" use="optional"/>
    <loc xlink:type="locator" xlink:href="sm-gaap-ci-2019-01-24.xsd#sm-gaap-ci_CommentoDatiOccupazione" xlink:label="sm-gaap-ci_CommentoDatiOccupazione"/>
    <presentationArc xlink:type="arc" xlink:arcrole="http://www.xbrl.org/2003/arcrole/parent-child" xlink:from="sm-gaap-ci_DatiOccupazione" xlink:to="sm-gaap-ci_CommentoDatiOccupazione" order="3" priority="0" use="optional"/>
    <loc xlink:type="locator" xlink:href="sm-gaap-ci-2019-01-24.xsd#sm-gaap-ci_CompensiAmministratoriSindaci" xlink:label="sm-gaap-ci_CompensiAmministratoriSindaci"/>
    <presentationArc xlink:type="arc" xlink:arcrole="http://www.xbrl.org/2003/arcrole/parent-child" xlink:from="sm-gaap-ci_NotaIntegrativaAltreInformazioni" xlink:to="sm-gaap-ci_CompensiAmministratoriSindaci" order="3" priority="0" use="optional"/>
    <loc xlink:type="locator" xlink:href="sm-gaap-ci-2019-01-24.xsd#sm-gaap-ci_IntroduzioneCompensiAmministratoriSindaci" xlink:label="sm-gaap-ci_IntroduzioneCompensiAmministratoriSindaci"/>
    <presentationArc xlink:type="arc" xlink:arcrole="http://www.xbrl.org/2003/arcrole/parent-child" xlink:from="sm-gaap-ci_CompensiAmministratoriSindaci" xlink:to="sm-gaap-ci_IntroduzioneCompensiAmministratoriSindaci" order="1" priority="0" use="optional"/>
    <loc xlink:type="locator" xlink:href="sm-gaap-ci-2019-01-24.xsd#sm-gaap-ci_AmmontareCompensiAmministratoriSindaciProspetto" xlink:label="sm-gaap-ci_AmmontareCompensiAmministratoriSindaciProspetto"/>
    <presentationArc xlink:type="arc" xlink:arcrole="http://www.xbrl.org/2003/arcrole/parent-child" xlink:from="sm-gaap-ci_CompensiAmministratoriSindaci" xlink:to="sm-gaap-ci_AmmontareCompensiAmministratoriSindaciProspetto" order="2" priority="0" use="optional"/>
    <loc xlink:type="locator" xlink:href="sm-gaap-ci-2019-01-24.xsd#sm-gaap-ci_CompensiAmministratoriColonna" xlink:label="sm-gaap-ci_CompensiAmministratoriColonna"/>
    <presentationArc xlink:type="arc" xlink:arcrole="http://www.xbrl.org/2003/arcrole/parent-child" xlink:from="sm-gaap-ci_AmmontareCompensiAmministratoriSindaciProspetto" xlink:to="sm-gaap-ci_CompensiAmministratoriColonna" order="1" priority="0" use="optional"/>
    <loc xlink:type="locator" xlink:href="sm-gaap-ci-2019-01-24.xsd#sm-gaap-ci_CompensiAmministratoriValore" xlink:label="sm-gaap-ci_CompensiAmministratoriValore"/>
    <presentationArc xlink:type="arc" xlink:arcrole="http://www.xbrl.org/2003/arcrole/parent-child" xlink:from="sm-gaap-ci_CompensiAmministratoriColonna" xlink:to="sm-gaap-ci_CompensiAmministratoriValore" order="1" priority="0" use="optional"/>
    <loc xlink:type="locator" xlink:href="sm-gaap-ci-2019-01-24.xsd#sm-gaap-ci_CompensiSindaciColonna" xlink:label="sm-gaap-ci_CompensiSindaciColonna"/>
    <presentationArc xlink:type="arc" xlink:arcrole="http://www.xbrl.org/2003/arcrole/parent-child" xlink:from="sm-gaap-ci_AmmontareCompensiAmministratoriSindaciProspetto" xlink:to="sm-gaap-ci_CompensiSindaciColonna" order="2" priority="0" use="optional"/>
    <loc xlink:type="locator" xlink:href="sm-gaap-ci-2019-01-24.xsd#sm-gaap-ci_CompensiSindaciValore" xlink:label="sm-gaap-ci_CompensiSindaciValore"/>
    <presentationArc xlink:type="arc" xlink:arcrole="http://www.xbrl.org/2003/arcrole/parent-child" xlink:from="sm-gaap-ci_CompensiSindaciColonna" xlink:to="sm-gaap-ci_CompensiSindaciValore" order="1" priority="0" use="optional"/>
    <loc xlink:type="locator" xlink:href="sm-gaap-ci-2019-01-24.xsd#sm-gaap-ci_TotaleCompensiAmministratoriSindaciColonna" xlink:label="sm-gaap-ci_TotaleCompensiAmministratoriSindaciColonna"/>
    <presentationArc xlink:type="arc" xlink:arcrole="http://www.xbrl.org/2003/arcrole/parent-child" xlink:from="sm-gaap-ci_AmmontareCompensiAmministratoriSindaciProspetto" xlink:to="sm-gaap-ci_TotaleCompensiAmministratoriSindaciColonna" order="3" priority="0" use="optional"/>
    <loc xlink:type="locator" xlink:href="sm-gaap-ci-2019-01-24.xsd#sm-gaap-ci_TotaleCompensiAmministratoriSindaciValore" xlink:label="sm-gaap-ci_TotaleCompensiAmministratoriSindaciValore"/>
    <presentationArc xlink:type="arc" xlink:arcrole="http://www.xbrl.org/2003/arcrole/parent-child" xlink:from="sm-gaap-ci_TotaleCompensiAmministratoriSindaciColonna" xlink:to="sm-gaap-ci_TotaleCompensiAmministratoriSindaciValore" order="1" priority="0" use="optional"/>
    <loc xlink:type="locator" xlink:href="sm-gaap-ci-2019-01-24.xsd#sm-gaap-ci_CommentoCompensiAmministratoriSindaci" xlink:label="sm-gaap-ci_CommentoCompensiAmministratoriSindaci"/>
    <presentationArc xlink:type="arc" xlink:arcrole="http://www.xbrl.org/2003/arcrole/parent-child" xlink:from="sm-gaap-ci_CompensiAmministratoriSindaci" xlink:to="sm-gaap-ci_CommentoCompensiAmministratoriSindaci" order="3" priority="0" use="optional"/>
    <loc xlink:type="locator" xlink:href="sm-gaap-ci-2019-01-24.xsd#sm-gaap-ci_CompensiRevisoreLegaleSocietaRevisione" xlink:label="sm-gaap-ci_CompensiRevisoreLegaleSocietaRevisione"/>
    <presentationArc xlink:type="arc" xlink:arcrole="http://www.xbrl.org/2003/arcrole/parent-child" xlink:from="sm-gaap-ci_NotaIntegrativaAltreInformazioni" xlink:to="sm-gaap-ci_CompensiRevisoreLegaleSocietaRevisione" order="4" priority="0" use="optional"/>
    <loc xlink:type="locator" xlink:href="sm-gaap-ci-2019-01-24.xsd#sm-gaap-ci_IntroduzioneCompensiRevisoreLegaleSocietaRevisione" xlink:label="sm-gaap-ci_IntroduzioneCompensiRevisoreLegaleSocietaRevisione"/>
    <presentationArc xlink:type="arc" xlink:arcrole="http://www.xbrl.org/2003/arcrole/parent-child" xlink:from="sm-gaap-ci_CompensiRevisoreLegaleSocietaRevisione" xlink:to="sm-gaap-ci_IntroduzioneCompensiRevisoreLegaleSocietaRevisione" order="1" priority="0" use="optional"/>
    <loc xlink:type="locator" xlink:href="sm-gaap-ci-2019-01-24.xsd#sm-gaap-ci_AmmontareCorrispettiviSpettantiRevisoreLegaleSocietaRevisioneProspetto" xlink:label="sm-gaap-ci_AmmontareCorrispettiviSpettantiRevisoreLegaleSocietaRevisioneProspetto"/>
    <presentationArc xlink:type="arc" xlink:arcrole="http://www.xbrl.org/2003/arcrole/parent-child" xlink:from="sm-gaap-ci_CompensiRevisoreLegaleSocietaRevisione" xlink:to="sm-gaap-ci_AmmontareCorrispettiviSpettantiRevisoreLegaleSocietaRevisioneProspetto" order="2" priority="0" use="optional"/>
    <loc xlink:type="locator" xlink:href="sm-gaap-ci-2019-01-24.xsd#sm-gaap-ci_RevisioneLegaleContiAnnualiColonna" xlink:label="sm-gaap-ci_RevisioneLegaleContiAnnualiColonna"/>
    <presentationArc xlink:type="arc" xlink:arcrole="http://www.xbrl.org/2003/arcrole/parent-child" xlink:from="sm-gaap-ci_AmmontareCorrispettiviSpettantiRevisoreLegaleSocietaRevisioneProspetto" xlink:to="sm-gaap-ci_RevisioneLegaleContiAnnualiColonna" order="1" priority="0" use="optional"/>
    <loc xlink:type="locator" xlink:href="sm-gaap-ci-2019-01-24.xsd#sm-gaap-ci_RevisioneLegaleContiAnnualiValore" xlink:label="sm-gaap-ci_RevisioneLegaleContiAnnualiValore"/>
    <presentationArc xlink:type="arc" xlink:arcrole="http://www.xbrl.org/2003/arcrole/parent-child" xlink:from="sm-gaap-ci_RevisioneLegaleContiAnnualiColonna" xlink:to="sm-gaap-ci_RevisioneLegaleContiAnnualiValore" order="1" priority="0" use="optional"/>
    <loc xlink:type="locator" xlink:href="sm-gaap-ci-2019-01-24.xsd#sm-gaap-ci_AltriServiziVerificaSvoltiColonna" xlink:label="sm-gaap-ci_AltriServiziVerificaSvoltiColonna"/>
    <presentationArc xlink:type="arc" xlink:arcrole="http://www.xbrl.org/2003/arcrole/parent-child" xlink:from="sm-gaap-ci_AmmontareCorrispettiviSpettantiRevisoreLegaleSocietaRevisioneProspetto" xlink:to="sm-gaap-ci_AltriServiziVerificaSvoltiColonna" order="2" priority="0" use="optional"/>
    <loc xlink:type="locator" xlink:href="sm-gaap-ci-2019-01-24.xsd#sm-gaap-ci_AltriServiziVerificaSvoltiValore" xlink:label="sm-gaap-ci_AltriServiziVerificaSvoltiValore"/>
    <presentationArc xlink:type="arc" xlink:arcrole="http://www.xbrl.org/2003/arcrole/parent-child" xlink:from="sm-gaap-ci_AltriServiziVerificaSvoltiColonna" xlink:to="sm-gaap-ci_AltriServiziVerificaSvoltiValore" order="1" priority="0" use="optional"/>
    <loc xlink:type="locator" xlink:href="sm-gaap-ci-2019-01-24.xsd#sm-gaap-ci_ServiziConsulenzaFiscaleColonna" xlink:label="sm-gaap-ci_ServiziConsulenzaFiscaleColonna"/>
    <presentationArc xlink:type="arc" xlink:arcrole="http://www.xbrl.org/2003/arcrole/parent-child" xlink:from="sm-gaap-ci_AmmontareCorrispettiviSpettantiRevisoreLegaleSocietaRevisioneProspetto" xlink:to="sm-gaap-ci_ServiziConsulenzaFiscaleColonna" order="3" priority="0" use="optional"/>
    <loc xlink:type="locator" xlink:href="sm-gaap-ci-2019-01-24.xsd#sm-gaap-ci_ServiziConsulenzaFiscaleValore" xlink:label="sm-gaap-ci_ServiziConsulenzaFiscaleValore"/>
    <presentationArc xlink:type="arc" xlink:arcrole="http://www.xbrl.org/2003/arcrole/parent-child" xlink:from="sm-gaap-ci_ServiziConsulenzaFiscaleColonna" xlink:to="sm-gaap-ci_ServiziConsulenzaFiscaleValore" order="1" priority="0" use="optional"/>
    <loc xlink:type="locator" xlink:href="sm-gaap-ci-2019-01-24.xsd#sm-gaap-ci_AltriServiziDiversiRevisioneContabileColonna" xlink:label="sm-gaap-ci_AltriServiziDiversiRevisioneContabileColonna"/>
    <presentationArc xlink:type="arc" xlink:arcrole="http://www.xbrl.org/2003/arcrole/parent-child" xlink:from="sm-gaap-ci_AmmontareCorrispettiviSpettantiRevisoreLegaleSocietaRevisioneProspetto" xlink:to="sm-gaap-ci_AltriServiziDiversiRevisioneContabileColonna" order="4" priority="0" use="optional"/>
    <loc xlink:type="locator" xlink:href="sm-gaap-ci-2019-01-24.xsd#sm-gaap-ci_AltriServiziDiversiRevisioneContabileValore" xlink:label="sm-gaap-ci_AltriServiziDiversiRevisioneContabileValore"/>
    <presentationArc xlink:type="arc" xlink:arcrole="http://www.xbrl.org/2003/arcrole/parent-child" xlink:from="sm-gaap-ci_AltriServiziDiversiRevisioneContabileColonna" xlink:to="sm-gaap-ci_AltriServiziDiversiRevisioneContabileValore" order="1" priority="0" use="optional"/>
    <loc xlink:type="locator" xlink:href="sm-gaap-ci-2019-01-24.xsd#sm-gaap-ci_TotaleCorrispettiviSpettantiRevisoreLegaleSocietaRevisioneColonna" xlink:label="sm-gaap-ci_TotaleCorrispettiviSpettantiRevisoreLegaleSocietaRevisioneColonna"/>
    <presentationArc xlink:type="arc" xlink:arcrole="http://www.xbrl.org/2003/arcrole/parent-child" xlink:from="sm-gaap-ci_AmmontareCorrispettiviSpettantiRevisoreLegaleSocietaRevisioneProspetto" xlink:to="sm-gaap-ci_TotaleCorrispettiviSpettantiRevisoreLegaleSocietaRevisioneColonna" order="5" priority="0" use="optional"/>
    <loc xlink:type="locator" xlink:href="sm-gaap-ci-2019-01-24.xsd#sm-gaap-ci_TotaleCorrispettiviSpettantiRevisoreLegaleSocietaRevisioneValore" xlink:label="sm-gaap-ci_TotaleCorrispettiviSpettantiRevisoreLegaleSocietaRevisioneValore"/>
    <presentationArc xlink:type="arc" xlink:arcrole="http://www.xbrl.org/2003/arcrole/parent-child" xlink:from="sm-gaap-ci_TotaleCorrispettiviSpettantiRevisoreLegaleSocietaRevisioneColonna" xlink:to="sm-gaap-ci_TotaleCorrispettiviSpettantiRevisoreLegaleSocietaRevisioneValore" order="1" priority="0" use="optional"/>
    <loc xlink:type="locator" xlink:href="sm-gaap-ci-2019-01-24.xsd#sm-gaap-ci_CommentoCompensiRevisoreLegaleSocietaRevisione" xlink:label="sm-gaap-ci_CommentoCompensiRevisoreLegaleSocietaRevisione"/>
    <presentationArc xlink:type="arc" xlink:arcrole="http://www.xbrl.org/2003/arcrole/parent-child" xlink:from="sm-gaap-ci_CompensiRevisoreLegaleSocietaRevisione" xlink:to="sm-gaap-ci_CommentoCompensiRevisoreLegaleSocietaRevisione" order="3" priority="0" use="optional"/>
    <loc xlink:type="locator" xlink:href="sm-gaap-ci-2019-01-24.xsd#sm-gaap-ci_CategorieAzioniEmesseSocieta" xlink:label="sm-gaap-ci_CategorieAzioniEmesseSocieta"/>
    <presentationArc xlink:type="arc" xlink:arcrole="http://www.xbrl.org/2003/arcrole/parent-child" xlink:from="sm-gaap-ci_NotaIntegrativaAltreInformazioni" xlink:to="sm-gaap-ci_CategorieAzioniEmesseSocieta" order="5" priority="0" use="optional"/>
    <loc xlink:type="locator" xlink:href="sm-gaap-ci-2019-01-24.xsd#sm-gaap-ci_IntroduzioneCategorieAzioneEmesseSocieta" xlink:label="sm-gaap-ci_IntroduzioneCategorieAzioneEmesseSocieta"/>
    <presentationArc xlink:type="arc" xlink:arcrole="http://www.xbrl.org/2003/arcrole/parent-child" xlink:from="sm-gaap-ci_CategorieAzioniEmesseSocieta" xlink:to="sm-gaap-ci_IntroduzioneCategorieAzioneEmesseSocieta" order="1" priority="0" use="optional"/>
    <loc xlink:type="locator" xlink:href="sm-gaap-ci-2019-01-24.xsd#sm-gaap-ci_AnalisiCategorieAzioniEmesseSocietaProspetto" xlink:label="sm-gaap-ci_AnalisiCategorieAzioniEmesseSocietaProspetto"/>
    <presentationArc xlink:type="arc" xlink:arcrole="http://www.xbrl.org/2003/arcrole/parent-child" xlink:from="sm-gaap-ci_CategorieAzioniEmesseSocieta" xlink:to="sm-gaap-ci_AnalisiCategorieAzioniEmesseSocietaProspetto" order="2" priority="0" use="optional"/>
    <loc xlink:type="locator" xlink:href="sm-gaap-ci-2019-01-24.xsd#sm-gaap-ci_AzioniEmesseSocietaCategorie" xlink:label="sm-gaap-ci_AzioniEmesseSocietaCategorie"/>
    <presentationArc xlink:type="arc" xlink:arcrole="http://www.xbrl.org/2003/arcrole/parent-child" xlink:from="sm-gaap-ci_AnalisiCategorieAzioniEmesseSocietaProspetto" xlink:to="sm-gaap-ci_AzioniEmesseSocietaCategorie" order="1" priority="0" use="optional"/>
    <loc xlink:type="locator" xlink:href="sm-gaap-ci-2019-01-24.xsd#sm-gaap-ci_DescrizioneAzioniEmesseSocietaCategorie" xlink:label="sm-gaap-ci_DescrizioneAzioniEmesseSocietaCategorie"/>
    <presentationArc xlink:type="arc" xlink:arcrole="http://www.xbrl.org/2003/arcrole/parent-child" xlink:from="sm-gaap-ci_AzioniEmesseSocietaCategorie" xlink:to="sm-gaap-ci_DescrizioneAzioniEmesseSocietaCategorie" order="1" priority="0" use="optional"/>
    <loc xlink:type="locator" xlink:href="sm-gaap-ci-2019-01-24.xsd#sm-gaap-ci_ConsistenzaFinaleNumeroAzioniEmesseSocietaCategorie" xlink:label="sm-gaap-ci_ConsistenzaFinaleNumeroAzioniEmesseSocietaCategorie"/>
    <presentationArc xlink:type="arc" xlink:arcrole="http://www.xbrl.org/2003/arcrole/parent-child" xlink:from="sm-gaap-ci_AzioniEmesseSocietaCategorie" xlink:to="sm-gaap-ci_ConsistenzaFinaleNumeroAzioniEmesseSocietaCategorie" order="2" preferredLabel="http://www.xbrl.org/2003/role/periodStartLabel" priority="0" use="optional"/>
    <loc xlink:type="locator" xlink:href="sm-gaap-ci-2019-01-24.xsd#sm-gaap-ci_ConsistenzaFinaleValoreNominaleAzioniEmesseSocietaCategorie" xlink:label="sm-gaap-ci_ConsistenzaFinaleValoreNominaleAzioniEmesseSocietaCategorie"/>
    <presentationArc xlink:type="arc" xlink:arcrole="http://www.xbrl.org/2003/arcrole/parent-child" xlink:from="sm-gaap-ci_AzioniEmesseSocietaCategorie" xlink:to="sm-gaap-ci_ConsistenzaFinaleValoreNominaleAzioniEmesseSocietaCategorie" order="3" preferredLabel="http://www.xbrl.org/2003/role/periodStartLabel" priority="0" use="optional"/>
    <loc xlink:type="locator" xlink:href="sm-gaap-ci-2019-01-24.xsd#sm-gaap-ci_AzioniSottoscritteEsercizioNumeroAzioniEmesseSocietaCategorie" xlink:label="sm-gaap-ci_AzioniSottoscritteEsercizioNumeroAzioniEmesseSocietaCategorie"/>
    <presentationArc xlink:type="arc" xlink:arcrole="http://www.xbrl.org/2003/arcrole/parent-child" xlink:from="sm-gaap-ci_AzioniEmesseSocietaCategorie" xlink:to="sm-gaap-ci_AzioniSottoscritteEsercizioNumeroAzioniEmesseSocietaCategorie" order="4" priority="0" use="optional"/>
    <loc xlink:type="locator" xlink:href="sm-gaap-ci-2019-01-24.xsd#sm-gaap-ci_AzioniSottoscritteEsercizioValoreNominaleAzioniEmesseSocietaCategorie" xlink:label="sm-gaap-ci_AzioniSottoscritteEsercizioValoreNominaleAzioniEmesseSocietaCategorie"/>
    <presentationArc xlink:type="arc" xlink:arcrole="http://www.xbrl.org/2003/arcrole/parent-child" xlink:from="sm-gaap-ci_AzioniEmesseSocietaCategorie" xlink:to="sm-gaap-ci_AzioniSottoscritteEsercizioValoreNominaleAzioniEmesseSocietaCategorie" order="5" priority="0" use="optional"/>
    <loc xlink:type="locator" xlink:href="sm-gaap-ci-2019-01-24.xsd#sm-gaap-ci_TotaleConsistenzaFinaleNumeroAzioniEmesseSocietaCategorie" xlink:label="sm-gaap-ci_TotaleConsistenzaFinaleNumeroAzioniEmesseSocietaCategorie"/>
    <presentationArc xlink:type="arc" xlink:arcrole="http://www.xbrl.org/2003/arcrole/parent-child" xlink:from="sm-gaap-ci_AnalisiCategorieAzioniEmesseSocietaProspetto" xlink:to="sm-gaap-ci_TotaleConsistenzaFinaleNumeroAzioniEmesseSocietaCategorie" order="2" preferredLabel="http://www.xbrl.org/2003/role/periodStartLabel" priority="0" use="optional"/>
    <loc xlink:type="locator" xlink:href="sm-gaap-ci-2019-01-24.xsd#sm-gaap-ci_TotaleConsistenzaFinaleValoreNominaleAzioniEmesseSocietaCategorie" xlink:label="sm-gaap-ci_TotaleConsistenzaFinaleValoreNominaleAzioniEmesseSocietaCategorie"/>
    <presentationArc xlink:type="arc" xlink:arcrole="http://www.xbrl.org/2003/arcrole/parent-child" xlink:from="sm-gaap-ci_AnalisiCategorieAzioniEmesseSocietaProspetto" xlink:to="sm-gaap-ci_TotaleConsistenzaFinaleValoreNominaleAzioniEmesseSocietaCategorie" order="3" preferredLabel="http://www.xbrl.org/2003/role/periodStartLabel" priority="0" use="optional"/>
    <loc xlink:type="locator" xlink:href="sm-gaap-ci-2019-01-24.xsd#sm-gaap-ci_TotaleAzioniSottoscritteEsercizioNumeroAzioniEmesseSocietaCategorie" xlink:label="sm-gaap-ci_TotaleAzioniSottoscritteEsercizioNumeroAzioniEmesseSocietaCategorie"/>
    <presentationArc xlink:type="arc" xlink:arcrole="http://www.xbrl.org/2003/arcrole/parent-child" xlink:from="sm-gaap-ci_AnalisiCategorieAzioniEmesseSocietaProspetto" xlink:to="sm-gaap-ci_TotaleAzioniSottoscritteEsercizioNumeroAzioniEmesseSocietaCategorie" order="4" priority="0" use="optional"/>
    <loc xlink:type="locator" xlink:href="sm-gaap-ci-2019-01-24.xsd#sm-gaap-ci_TotaleAzioniSottoscritteEsercizioValoreNominaleAzioniEmesseSocietaCategorie" xlink:label="sm-gaap-ci_TotaleAzioniSottoscritteEsercizioValoreNominaleAzioniEmesseSocietaCategorie"/>
    <presentationArc xlink:type="arc" xlink:arcrole="http://www.xbrl.org/2003/arcrole/parent-child" xlink:from="sm-gaap-ci_AnalisiCategorieAzioniEmesseSocietaProspetto" xlink:to="sm-gaap-ci_TotaleAzioniSottoscritteEsercizioValoreNominaleAzioniEmesseSocietaCategorie" order="5" priority="0" use="optional"/>
    <loc xlink:type="locator" xlink:href="sm-gaap-ci-2019-01-24.xsd#sm-gaap-ci_CommentoCategorieAzioneEmesseSocieta" xlink:label="sm-gaap-ci_CommentoCategorieAzioneEmesseSocieta"/>
    <presentationArc xlink:type="arc" xlink:arcrole="http://www.xbrl.org/2003/arcrole/parent-child" xlink:from="sm-gaap-ci_CategorieAzioniEmesseSocieta" xlink:to="sm-gaap-ci_CommentoCategorieAzioneEmesseSocieta" order="3" priority="0" use="optional"/>
    <loc xlink:type="locator" xlink:href="sm-gaap-ci-2019-01-24.xsd#sm-gaap-ci_TitoliEmessiSocieta" xlink:label="sm-gaap-ci_TitoliEmessiSocieta"/>
    <presentationArc xlink:type="arc" xlink:arcrole="http://www.xbrl.org/2003/arcrole/parent-child" xlink:from="sm-gaap-ci_NotaIntegrativaAltreInformazioni" xlink:to="sm-gaap-ci_TitoliEmessiSocieta" order="6" priority="0" use="optional"/>
    <loc xlink:type="locator" xlink:href="sm-gaap-ci-2019-01-24.xsd#sm-gaap-ci_IntroduzioneTitoliEmessiSocieta" xlink:label="sm-gaap-ci_IntroduzioneTitoliEmessiSocieta"/>
    <presentationArc xlink:type="arc" xlink:arcrole="http://www.xbrl.org/2003/arcrole/parent-child" xlink:from="sm-gaap-ci_TitoliEmessiSocieta" xlink:to="sm-gaap-ci_IntroduzioneTitoliEmessiSocieta" order="1" priority="0" use="optional"/>
    <loc xlink:type="locator" xlink:href="sm-gaap-ci-2019-01-24.xsd#sm-gaap-ci_AnalisiTitoliEmessiSocietaProspetto" xlink:label="sm-gaap-ci_AnalisiTitoliEmessiSocietaProspetto"/>
    <presentationArc xlink:type="arc" xlink:arcrole="http://www.xbrl.org/2003/arcrole/parent-child" xlink:from="sm-gaap-ci_TitoliEmessiSocieta" xlink:to="sm-gaap-ci_AnalisiTitoliEmessiSocietaProspetto" order="2" priority="0" use="optional"/>
    <loc xlink:type="locator" xlink:href="sm-gaap-ci-2019-01-24.xsd#sm-gaap-ci_TitoliEmessiSocietaAzioniGodimentoColonna" xlink:label="sm-gaap-ci_TitoliEmessiSocietaAzioniGodimentoColonna"/>
    <presentationArc xlink:type="arc" xlink:arcrole="http://www.xbrl.org/2003/arcrole/parent-child" xlink:from="sm-gaap-ci_AnalisiTitoliEmessiSocietaProspetto" xlink:to="sm-gaap-ci_TitoliEmessiSocietaAzioniGodimentoColonna" order="1" priority="0" use="optional"/>
    <loc xlink:type="locator" xlink:href="sm-gaap-ci-2019-01-24.xsd#sm-gaap-ci_AzioniGodimentoNumero" xlink:label="sm-gaap-ci_AzioniGodimentoNumero"/>
    <presentationArc xlink:type="arc" xlink:arcrole="http://www.xbrl.org/2003/arcrole/parent-child" xlink:from="sm-gaap-ci_TitoliEmessiSocietaAzioniGodimentoColonna" xlink:to="sm-gaap-ci_AzioniGodimentoNumero" order="1" priority="0" use="optional"/>
    <loc xlink:type="locator" xlink:href="sm-gaap-ci-2019-01-24.xsd#sm-gaap-ci_AzioniGodimentoDirittiAttribuiti" xlink:label="sm-gaap-ci_AzioniGodimentoDirittiAttribuiti"/>
    <presentationArc xlink:type="arc" xlink:arcrole="http://www.xbrl.org/2003/arcrole/parent-child" xlink:from="sm-gaap-ci_TitoliEmessiSocietaAzioniGodimentoColonna" xlink:to="sm-gaap-ci_AzioniGodimentoDirittiAttribuiti" order="2" priority="0" use="optional"/>
    <loc xlink:type="locator" xlink:href="sm-gaap-ci-2019-01-24.xsd#sm-gaap-ci_TitoliEmessiSocietaObbligazioniConvertibiliColonna" xlink:label="sm-gaap-ci_TitoliEmessiSocietaObbligazioniConvertibiliColonna"/>
    <presentationArc xlink:type="arc" xlink:arcrole="http://www.xbrl.org/2003/arcrole/parent-child" xlink:from="sm-gaap-ci_AnalisiTitoliEmessiSocietaProspetto" xlink:to="sm-gaap-ci_TitoliEmessiSocietaObbligazioniConvertibiliColonna" order="2" priority="0" use="optional"/>
    <loc xlink:type="locator" xlink:href="sm-gaap-ci-2019-01-24.xsd#sm-gaap-ci_ObbligazioniConvertibiliNumero" xlink:label="sm-gaap-ci_ObbligazioniConvertibiliNumero"/>
    <presentationArc xlink:type="arc" xlink:arcrole="http://www.xbrl.org/2003/arcrole/parent-child" xlink:from="sm-gaap-ci_TitoliEmessiSocietaObbligazioniConvertibiliColonna" xlink:to="sm-gaap-ci_ObbligazioniConvertibiliNumero" order="1" priority="0" use="optional"/>
    <loc xlink:type="locator" xlink:href="sm-gaap-ci-2019-01-24.xsd#sm-gaap-ci_ObbligazioniConvertibiliDirittiAttribuiti" xlink:label="sm-gaap-ci_ObbligazioniConvertibiliDirittiAttribuiti"/>
    <presentationArc xlink:type="arc" xlink:arcrole="http://www.xbrl.org/2003/arcrole/parent-child" xlink:from="sm-gaap-ci_TitoliEmessiSocietaObbligazioniConvertibiliColonna" xlink:to="sm-gaap-ci_ObbligazioniConvertibiliDirittiAttribuiti" order="2" priority="0" use="optional"/>
    <loc xlink:type="locator" xlink:href="sm-gaap-ci-2019-01-24.xsd#sm-gaap-ci_TitoliEmessiSocietaAltriTitoliValoriSimiliColonna" xlink:label="sm-gaap-ci_TitoliEmessiSocietaAltriTitoliValoriSimiliColonna"/>
    <presentationArc xlink:type="arc" xlink:arcrole="http://www.xbrl.org/2003/arcrole/parent-child" xlink:from="sm-gaap-ci_AnalisiTitoliEmessiSocietaProspetto" xlink:to="sm-gaap-ci_TitoliEmessiSocietaAltriTitoliValoriSimiliColonna" order="3" priority="0" use="optional"/>
    <loc xlink:type="locator" xlink:href="sm-gaap-ci-2019-01-24.xsd#sm-gaap-ci_AltriTitoliValoriSimiliNumero" xlink:label="sm-gaap-ci_AltriTitoliValoriSimiliNumero"/>
    <presentationArc xlink:type="arc" xlink:arcrole="http://www.xbrl.org/2003/arcrole/parent-child" xlink:from="sm-gaap-ci_TitoliEmessiSocietaAltriTitoliValoriSimiliColonna" xlink:to="sm-gaap-ci_AltriTitoliValoriSimiliNumero" order="1" priority="0" use="optional"/>
    <loc xlink:type="locator" xlink:href="sm-gaap-ci-2019-01-24.xsd#sm-gaap-ci_AltriTitoliValoriSimiliDirittiAttribuiti" xlink:label="sm-gaap-ci_AltriTitoliValoriSimiliDirittiAttribuiti"/>
    <presentationArc xlink:type="arc" xlink:arcrole="http://www.xbrl.org/2003/arcrole/parent-child" xlink:from="sm-gaap-ci_TitoliEmessiSocietaAltriTitoliValoriSimiliColonna" xlink:to="sm-gaap-ci_AltriTitoliValoriSimiliDirittiAttribuiti" order="2" priority="0" use="optional"/>
    <loc xlink:type="locator" xlink:href="sm-gaap-ci-2019-01-24.xsd#sm-gaap-ci_CommentoTitoliEmessiSocieta" xlink:label="sm-gaap-ci_CommentoTitoliEmessiSocieta"/>
    <presentationArc xlink:type="arc" xlink:arcrole="http://www.xbrl.org/2003/arcrole/parent-child" xlink:from="sm-gaap-ci_TitoliEmessiSocieta" xlink:to="sm-gaap-ci_CommentoTitoliEmessiSocieta" order="3" priority="0" use="optional"/>
    <loc xlink:type="locator" xlink:href="sm-gaap-ci-2019-01-24.xsd#sm-gaap-ci_InformazioniStrumentiFinanziariEmessiSocieta" xlink:label="sm-gaap-ci_InformazioniStrumentiFinanziariEmessiSocieta"/>
    <presentationArc xlink:type="arc" xlink:arcrole="http://www.xbrl.org/2003/arcrole/parent-child" xlink:from="sm-gaap-ci_NotaIntegrativaAltreInformazioni" xlink:to="sm-gaap-ci_InformazioniStrumentiFinanziariEmessiSocieta" order="7" priority="0" use="optional"/>
    <loc xlink:type="locator" xlink:href="sm-gaap-ci-2019-01-24.xsd#sm-gaap-ci_IntroduzioneDettagliStrumentiFinanziariEmessiSocieta" xlink:label="sm-gaap-ci_IntroduzioneDettagliStrumentiFinanziariEmessiSocieta"/>
    <presentationArc xlink:type="arc" xlink:arcrole="http://www.xbrl.org/2003/arcrole/parent-child" xlink:from="sm-gaap-ci_InformazioniStrumentiFinanziariEmessiSocieta" xlink:to="sm-gaap-ci_IntroduzioneDettagliStrumentiFinanziariEmessiSocieta" order="1" priority="0" use="optional"/>
    <loc xlink:type="locator" xlink:href="sm-gaap-ci-2019-01-24.xsd#sm-gaap-ci_DettagliAltriStrumentiFinanziariEmessiSocietaProspetto" xlink:label="sm-gaap-ci_DettagliAltriStrumentiFinanziariEmessiSocietaProspetto"/>
    <presentationArc xlink:type="arc" xlink:arcrole="http://www.xbrl.org/2003/arcrole/parent-child" xlink:from="sm-gaap-ci_InformazioniStrumentiFinanziariEmessiSocieta" xlink:to="sm-gaap-ci_DettagliAltriStrumentiFinanziariEmessiSocietaProspetto" order="2" priority="0" use="optional"/>
    <loc xlink:type="locator" xlink:href="sm-gaap-ci-2019-01-24.xsd#sm-gaap-ci_AltriStrumentiFinanziariEmessiSocieta" xlink:label="sm-gaap-ci_AltriStrumentiFinanziariEmessiSocieta"/>
    <presentationArc xlink:type="arc" xlink:arcrole="http://www.xbrl.org/2003/arcrole/parent-child" xlink:from="sm-gaap-ci_DettagliAltriStrumentiFinanziariEmessiSocietaProspetto" xlink:to="sm-gaap-ci_AltriStrumentiFinanziariEmessiSocieta" order="1" priority="0" use="optional"/>
    <loc xlink:type="locator" xlink:href="sm-gaap-ci-2019-01-24.xsd#sm-gaap-ci_DenominazioneAltriStrumentiFinanziariEmessiSocieta" xlink:label="sm-gaap-ci_DenominazioneAltriStrumentiFinanziariEmessiSocieta"/>
    <presentationArc xlink:type="arc" xlink:arcrole="http://www.xbrl.org/2003/arcrole/parent-child" xlink:from="sm-gaap-ci_AltriStrumentiFinanziariEmessiSocieta" xlink:to="sm-gaap-ci_DenominazioneAltriStrumentiFinanziariEmessiSocieta" order="1" priority="0" use="optional"/>
    <loc xlink:type="locator" xlink:href="sm-gaap-ci-2019-01-24.xsd#sm-gaap-ci_NumeroAltriStrumentiFinanziariEmessiSocieta" xlink:label="sm-gaap-ci_NumeroAltriStrumentiFinanziariEmessiSocieta"/>
    <presentationArc xlink:type="arc" xlink:arcrole="http://www.xbrl.org/2003/arcrole/parent-child" xlink:from="sm-gaap-ci_AltriStrumentiFinanziariEmessiSocieta" xlink:to="sm-gaap-ci_NumeroAltriStrumentiFinanziariEmessiSocieta" order="2" priority="0" use="optional"/>
    <loc xlink:type="locator" xlink:href="sm-gaap-ci-2019-01-24.xsd#sm-gaap-ci_CaratteristicheAltriStrumentiFinanziariEmessiSocieta" xlink:label="sm-gaap-ci_CaratteristicheAltriStrumentiFinanziariEmessiSocieta"/>
    <presentationArc xlink:type="arc" xlink:arcrole="http://www.xbrl.org/2003/arcrole/parent-child" xlink:from="sm-gaap-ci_AltriStrumentiFinanziariEmessiSocieta" xlink:to="sm-gaap-ci_CaratteristicheAltriStrumentiFinanziariEmessiSocieta" order="3" priority="0" use="optional"/>
    <loc xlink:type="locator" xlink:href="sm-gaap-ci-2019-01-24.xsd#sm-gaap-ci_DirittiPatrimonialiConcessiAltriStrumentiFinanziariEmessiSocieta" xlink:label="sm-gaap-ci_DirittiPatrimonialiConcessiAltriStrumentiFinanziariEmessiSocieta"/>
    <presentationArc xlink:type="arc" xlink:arcrole="http://www.xbrl.org/2003/arcrole/parent-child" xlink:from="sm-gaap-ci_AltriStrumentiFinanziariEmessiSocieta" xlink:to="sm-gaap-ci_DirittiPatrimonialiConcessiAltriStrumentiFinanziariEmessiSocieta" order="4" priority="0" use="optional"/>
    <loc xlink:type="locator" xlink:href="sm-gaap-ci-2019-01-24.xsd#sm-gaap-ci_DirittiPartecipativiConcessiAltriStrumentiFinanziariEmessiSocieta" xlink:label="sm-gaap-ci_DirittiPartecipativiConcessiAltriStrumentiFinanziariEmessiSocieta"/>
    <presentationArc xlink:type="arc" xlink:arcrole="http://www.xbrl.org/2003/arcrole/parent-child" xlink:from="sm-gaap-ci_AltriStrumentiFinanziariEmessiSocieta" xlink:to="sm-gaap-ci_DirittiPartecipativiConcessiAltriStrumentiFinanziariEmessiSocieta" order="5" priority="0" use="optional"/>
    <loc xlink:type="locator" xlink:href="sm-gaap-ci-2019-01-24.xsd#sm-gaap-ci_PrincipaliCaratteristicheOperazioniRelativeAltriStrumentiFinanziariEmessiSocieta" xlink:label="sm-gaap-ci_PrincipaliCaratteristicheOperazioniRelativeAltriStrumentiFinanziariEmessiSocieta"/>
    <presentationArc xlink:type="arc" xlink:arcrole="http://www.xbrl.org/2003/arcrole/parent-child" xlink:from="sm-gaap-ci_AltriStrumentiFinanziariEmessiSocieta" xlink:to="sm-gaap-ci_PrincipaliCaratteristicheOperazioniRelativeAltriStrumentiFinanziariEmessiSocieta" order="6" priority="0" use="optional"/>
    <loc xlink:type="locator" xlink:href="sm-gaap-ci-2019-01-24.xsd#sm-gaap-ci_CommentoDettagliStrumentiFinanziariEmessiSocieta" xlink:label="sm-gaap-ci_CommentoDettagliStrumentiFinanziariEmessiSocieta"/>
    <presentationArc xlink:type="arc" xlink:arcrole="http://www.xbrl.org/2003/arcrole/parent-child" xlink:from="sm-gaap-ci_InformazioniStrumentiFinanziariEmessiSocieta" xlink:to="sm-gaap-ci_CommentoDettagliStrumentiFinanziariEmessiSocieta" order="3" priority="0" use="optional"/>
    <loc xlink:type="locator" xlink:href="sm-gaap-ci-2019-01-24.xsd#sm-gaap-ci_CommentoNotaIntegrativaAltreInformazioni" xlink:label="sm-gaap-ci_CommentoNotaIntegrativaAltreInformazioni"/>
    <presentationArc xlink:type="arc" xlink:arcrole="http://www.xbrl.org/2003/arcrole/parent-child" xlink:from="sm-gaap-ci_NotaIntegrativaAltreInformazioni" xlink:to="sm-gaap-ci_CommentoNotaIntegrativaAltreInformazioni" order="8" priority="0" use="optional"/>
  </presentationLink>
  <presentationLink xlink:type="extended" xlink:role="http://www.xbrl.sm/sm/gaap/role/NotaIntegrativaAltreInformazioni">
    <loc xlink:type="locator" xlink:href="sm-gaap-ci-2019-01-24.xsd#sm-gaap-ci_AzioniEmesseSocietaCategorie" xlink:label="sm-gaap-ci_AzioniEmesseSocietaCategorie"/>
    <loc xlink:type="locator" xlink:href="sm-gaap-ci-2019-01-24.xsd#sm-gaap-ci_ConsistenzaFinaleNumeroAzioniEmesseSocietaCategorie" xlink:label="sm-gaap-ci_ConsistenzaFinaleNumeroAzioniEmesseSocietaCategorie"/>
    <presentationArc xlink:type="arc" xlink:arcrole="http://www.xbrl.org/2003/arcrole/parent-child" xlink:from="sm-gaap-ci_AzioniEmesseSocietaCategorie" xlink:to="sm-gaap-ci_ConsistenzaFinaleNumeroAzioniEmesseSocietaCategorie" order="6" preferredLabel="http://www.xbrl.org/2003/role/periodEndLabel" priority="0" use="optional"/>
    <loc xlink:type="locator" xlink:href="sm-gaap-ci-2019-01-24.xsd#sm-gaap-ci_ConsistenzaFinaleValoreNominaleAzioniEmesseSocietaCategorie" xlink:label="sm-gaap-ci_ConsistenzaFinaleValoreNominaleAzioniEmesseSocietaCategorie"/>
    <presentationArc xlink:type="arc" xlink:arcrole="http://www.xbrl.org/2003/arcrole/parent-child" xlink:from="sm-gaap-ci_AzioniEmesseSocietaCategorie" xlink:to="sm-gaap-ci_ConsistenzaFinaleValoreNominaleAzioniEmesseSocietaCategorie" order="7" preferredLabel="http://www.xbrl.org/2003/role/periodEndLabel" priority="0" use="optional"/>
    <loc xlink:type="locator" xlink:href="sm-gaap-ci-2019-01-24.xsd#sm-gaap-ci_AnalisiCategorieAzioniEmesseSocietaProspetto" xlink:label="sm-gaap-ci_AnalisiCategorieAzioniEmesseSocietaProspetto"/>
    <loc xlink:type="locator" xlink:href="sm-gaap-ci-2019-01-24.xsd#sm-gaap-ci_TotaleConsistenzaFinaleNumeroAzioniEmesseSocietaCategorie" xlink:label="sm-gaap-ci_TotaleConsistenzaFinaleNumeroAzioniEmesseSocietaCategorie"/>
    <presentationArc xlink:type="arc" xlink:arcrole="http://www.xbrl.org/2003/arcrole/parent-child" xlink:from="sm-gaap-ci_AnalisiCategorieAzioniEmesseSocietaProspetto" xlink:to="sm-gaap-ci_TotaleConsistenzaFinaleNumeroAzioniEmesseSocietaCategorie" order="6" preferredLabel="http://www.xbrl.org/2003/role/periodEndLabel" priority="0" use="optional"/>
    <loc xlink:type="locator" xlink:href="sm-gaap-ci-2019-01-24.xsd#sm-gaap-ci_TotaleConsistenzaFinaleValoreNominaleAzioniEmesseSocietaCategorie" xlink:label="sm-gaap-ci_TotaleConsistenzaFinaleValoreNominaleAzioniEmesseSocietaCategorie"/>
    <presentationArc xlink:type="arc" xlink:arcrole="http://www.xbrl.org/2003/arcrole/parent-child" xlink:from="sm-gaap-ci_AnalisiCategorieAzioniEmesseSocietaProspetto" xlink:to="sm-gaap-ci_TotaleConsistenzaFinaleValoreNominaleAzioniEmesseSocietaCategorie" order="7" preferredLabel="http://www.xbrl.org/2003/role/periodEndLabel" priority="0" use="optional"/>
  </presentationLink>
</linkbase>
