<?xml version="1.0" encoding="UTF-8"?>
<!--
Tassonomia XBRL della Repubblica di San Marino

File: sm-gaap-ci-pre-ce-2019-01-24.xml
Versione: 2019-01-24
Sito di riferimento: https://www.xbrl.sm/
Archivio: https://www.xbrl.sm/sm-gaap-ci-2019-01-24.zip
-->
<linkbase xmlns="http://www.xbrl.org/2003/linkbase" xmlns:xsi="http://www.w3.org/2001/XMLSchema-instance" xmlns:xlink="http://www.w3.org/1999/xlink" xsi:schemaLocation="http://www.xbrl.org/2003/linkbase http://www.xbrl.org/2003/xbrl-linkbase-2003-12-31.xsd">
  <roleRef xlink:type="simple" xlink:href="sm-gaap-ci-roles-2019-01-24.xsd#CEValProduzioneLeggeSocieta" roleURI="http://www.xbrl.sm/sm/gaap/role/CEValProduzioneLeggeSocieta"/>
  <presentationLink xlink:type="extended" xlink:role="http://www.xbrl.sm/sm/gaap/role/CEValProduzioneLeggeSocieta">
    <loc xlink:type="locator" xlink:href="sm-gaap-ci-2019-01-24.xsd#sm-gaap-ci_ContoEconomico" xlink:label="sm-gaap-ci_ContoEconomico"/>
    <loc xlink:type="locator" xlink:href="sm-gaap-ci-2019-01-24.xsd#sm-gaap-ci_ValoreProduzione" xlink:label="sm-gaap-ci_ValoreProduzione"/>
    <presentationArc xlink:type="arc" xlink:arcrole="http://www.xbrl.org/2003/arcrole/parent-child" xlink:from="sm-gaap-ci_ContoEconomico" xlink:to="sm-gaap-ci_ValoreProduzione" order="1" priority="0" use="optional"/>
    <loc xlink:type="locator" xlink:href="sm-gaap-ci-2019-01-24.xsd#sm-gaap-ci_ValoreProduzioneRicaviVenditePrestazioni" xlink:label="sm-gaap-ci_ValoreProduzioneRicaviVenditePrestazioni"/>
    <presentationArc xlink:type="arc" xlink:arcrole="http://www.xbrl.org/2003/arcrole/parent-child" xlink:from="sm-gaap-ci_ValoreProduzione" xlink:to="sm-gaap-ci_ValoreProduzioneRicaviVenditePrestazioni" order="1" priority="0" use="optional"/>
    <loc xlink:type="locator" xlink:href="sm-gaap-ci-2019-01-24.xsd#sm-gaap-ci_ValoreProduzioneVariazioniRimanenzeProdottiCorsoLavorazioneSemilavoratiFiniti" xlink:label="sm-gaap-ci_ValoreProduzioneVariazioniRimanenzeProdottiCorsoLavorazioneSemilavoratiFiniti"/>
    <presentationArc xlink:type="arc" xlink:arcrole="http://www.xbrl.org/2003/arcrole/parent-child" xlink:from="sm-gaap-ci_ValoreProduzione" xlink:to="sm-gaap-ci_ValoreProduzioneVariazioniRimanenzeProdottiCorsoLavorazioneSemilavoratiFiniti" order="2" priority="0" use="optional"/>
    <loc xlink:type="locator" xlink:href="sm-gaap-ci-2019-01-24.xsd#sm-gaap-ci_ValoreProduzioneVariazioniLavoriCorsoOrdinazione" xlink:label="sm-gaap-ci_ValoreProduzioneVariazioniLavoriCorsoOrdinazione"/>
    <presentationArc xlink:type="arc" xlink:arcrole="http://www.xbrl.org/2003/arcrole/parent-child" xlink:from="sm-gaap-ci_ValoreProduzione" xlink:to="sm-gaap-ci_ValoreProduzioneVariazioniLavoriCorsoOrdinazione" order="3" priority="0" use="optional"/>
    <loc xlink:type="locator" xlink:href="sm-gaap-ci-2019-01-24.xsd#sm-gaap-ci_ValoreProduzioneIncrementiImmobilizzazioniLavoriInterni" xlink:label="sm-gaap-ci_ValoreProduzioneIncrementiImmobilizzazioniLavoriInterni"/>
    <presentationArc xlink:type="arc" xlink:arcrole="http://www.xbrl.org/2003/arcrole/parent-child" xlink:from="sm-gaap-ci_ValoreProduzione" xlink:to="sm-gaap-ci_ValoreProduzioneIncrementiImmobilizzazioniLavoriInterni" order="4" priority="0" use="optional"/>
    <loc xlink:type="locator" xlink:href="sm-gaap-ci-2019-01-24.xsd#sm-gaap-ci_ValoreProduzioneAltriRicaviProventi" xlink:label="sm-gaap-ci_ValoreProduzioneAltriRicaviProventi"/>
    <presentationArc xlink:type="arc" xlink:arcrole="http://www.xbrl.org/2003/arcrole/parent-child" xlink:from="sm-gaap-ci_ValoreProduzione" xlink:to="sm-gaap-ci_ValoreProduzioneAltriRicaviProventi" order="5" priority="0" use="optional"/>
    <loc xlink:type="locator" xlink:href="sm-gaap-ci-2019-01-24.xsd#sm-gaap-ci_ValoreProduzioneAltriRicaviProventiContributiContoEsercizio" xlink:label="sm-gaap-ci_ValoreProduzioneAltriRicaviProventiContributiContoEsercizio"/>
    <presentationArc xlink:type="arc" xlink:arcrole="http://www.xbrl.org/2003/arcrole/parent-child" xlink:from="sm-gaap-ci_ValoreProduzioneAltriRicaviProventi" xlink:to="sm-gaap-ci_ValoreProduzioneAltriRicaviProventiContributiContoEsercizio" order="1" priority="0" use="optional"/>
    <loc xlink:type="locator" xlink:href="sm-gaap-ci-2019-01-24.xsd#sm-gaap-ci_ValoreProduzioneAltriRicaviProventiAltri" xlink:label="sm-gaap-ci_ValoreProduzioneAltriRicaviProventiAltri"/>
    <presentationArc xlink:type="arc" xlink:arcrole="http://www.xbrl.org/2003/arcrole/parent-child" xlink:from="sm-gaap-ci_ValoreProduzioneAltriRicaviProventi" xlink:to="sm-gaap-ci_ValoreProduzioneAltriRicaviProventiAltri" order="2" priority="0" use="optional"/>
    <loc xlink:type="locator" xlink:href="sm-gaap-ci-2019-01-24.xsd#sm-gaap-ci_ValoreProduzioneAltriRicaviProventiTotaleAltriRicaviProventi" xlink:label="sm-gaap-ci_ValoreProduzioneAltriRicaviProventiTotaleAltriRicaviProventi"/>
    <presentationArc xlink:type="arc" xlink:arcrole="http://www.xbrl.org/2003/arcrole/parent-child" xlink:from="sm-gaap-ci_ValoreProduzioneAltriRicaviProventi" xlink:to="sm-gaap-ci_ValoreProduzioneAltriRicaviProventiTotaleAltriRicaviProventi" order="3" priority="0" use="optional"/>
    <loc xlink:type="locator" xlink:href="sm-gaap-ci-2019-01-24.xsd#sm-gaap-ci_TotaleValoreProduzione" xlink:label="sm-gaap-ci_TotaleValoreProduzione"/>
    <presentationArc xlink:type="arc" xlink:arcrole="http://www.xbrl.org/2003/arcrole/parent-child" xlink:from="sm-gaap-ci_ValoreProduzione" xlink:to="sm-gaap-ci_TotaleValoreProduzione" order="6" priority="0" use="optional"/>
    <loc xlink:type="locator" xlink:href="sm-gaap-ci-2019-01-24.xsd#sm-gaap-ci_CostiProduzione" xlink:label="sm-gaap-ci_CostiProduzione"/>
    <presentationArc xlink:type="arc" xlink:arcrole="http://www.xbrl.org/2003/arcrole/parent-child" xlink:from="sm-gaap-ci_ContoEconomico" xlink:to="sm-gaap-ci_CostiProduzione" order="2" priority="0" use="optional"/>
    <loc xlink:type="locator" xlink:href="sm-gaap-ci-2019-01-24.xsd#sm-gaap-ci_CostiProduzioneMateriePrimeSussidiarieConsumoMerci" xlink:label="sm-gaap-ci_CostiProduzioneMateriePrimeSussidiarieConsumoMerci"/>
    <presentationArc xlink:type="arc" xlink:arcrole="http://www.xbrl.org/2003/arcrole/parent-child" xlink:from="sm-gaap-ci_CostiProduzione" xlink:to="sm-gaap-ci_CostiProduzioneMateriePrimeSussidiarieConsumoMerci" order="1" priority="0" use="optional"/>
    <loc xlink:type="locator" xlink:href="sm-gaap-ci-2019-01-24.xsd#sm-gaap-ci_CostiProduzioneServizi" xlink:label="sm-gaap-ci_CostiProduzioneServizi"/>
    <presentationArc xlink:type="arc" xlink:arcrole="http://www.xbrl.org/2003/arcrole/parent-child" xlink:from="sm-gaap-ci_CostiProduzione" xlink:to="sm-gaap-ci_CostiProduzioneServizi" order="2" priority="0" use="optional"/>
    <loc xlink:type="locator" xlink:href="sm-gaap-ci-2019-01-24.xsd#sm-gaap-ci_CostiProduzioneGodimentoBeniTerzi" xlink:label="sm-gaap-ci_CostiProduzioneGodimentoBeniTerzi"/>
    <presentationArc xlink:type="arc" xlink:arcrole="http://www.xbrl.org/2003/arcrole/parent-child" xlink:from="sm-gaap-ci_CostiProduzione" xlink:to="sm-gaap-ci_CostiProduzioneGodimentoBeniTerzi" order="3" priority="0" use="optional"/>
    <loc xlink:type="locator" xlink:href="sm-gaap-ci-2019-01-24.xsd#sm-gaap-ci_CostiProduzionePersonale" xlink:label="sm-gaap-ci_CostiProduzionePersonale"/>
    <presentationArc xlink:type="arc" xlink:arcrole="http://www.xbrl.org/2003/arcrole/parent-child" xlink:from="sm-gaap-ci_CostiProduzione" xlink:to="sm-gaap-ci_CostiProduzionePersonale" order="4" priority="0" use="optional"/>
    <loc xlink:type="locator" xlink:href="sm-gaap-ci-2019-01-24.xsd#sm-gaap-ci_CostiProduzionePersonaleSalariStipendi" xlink:label="sm-gaap-ci_CostiProduzionePersonaleSalariStipendi"/>
    <presentationArc xlink:type="arc" xlink:arcrole="http://www.xbrl.org/2003/arcrole/parent-child" xlink:from="sm-gaap-ci_CostiProduzionePersonale" xlink:to="sm-gaap-ci_CostiProduzionePersonaleSalariStipendi" order="1" priority="0" use="optional"/>
    <loc xlink:type="locator" xlink:href="sm-gaap-ci-2019-01-24.xsd#sm-gaap-ci_CostiProduzionePersonaleOneriSociali" xlink:label="sm-gaap-ci_CostiProduzionePersonaleOneriSociali"/>
    <presentationArc xlink:type="arc" xlink:arcrole="http://www.xbrl.org/2003/arcrole/parent-child" xlink:from="sm-gaap-ci_CostiProduzionePersonale" xlink:to="sm-gaap-ci_CostiProduzionePersonaleOneriSociali" order="2" priority="0" use="optional"/>
    <loc xlink:type="locator" xlink:href="sm-gaap-ci-2019-01-24.xsd#sm-gaap-ci_CostiProduzionePersonaleTrattamentoFineRapporto" xlink:label="sm-gaap-ci_CostiProduzionePersonaleTrattamentoFineRapporto"/>
    <presentationArc xlink:type="arc" xlink:arcrole="http://www.xbrl.org/2003/arcrole/parent-child" xlink:from="sm-gaap-ci_CostiProduzionePersonale" xlink:to="sm-gaap-ci_CostiProduzionePersonaleTrattamentoFineRapporto" order="3" priority="0" use="optional"/>
    <loc xlink:type="locator" xlink:href="sm-gaap-ci-2019-01-24.xsd#sm-gaap-ci_CostiProduzionePersonaleAltriCosti" xlink:label="sm-gaap-ci_CostiProduzionePersonaleAltriCosti"/>
    <presentationArc xlink:type="arc" xlink:arcrole="http://www.xbrl.org/2003/arcrole/parent-child" xlink:from="sm-gaap-ci_CostiProduzionePersonale" xlink:to="sm-gaap-ci_CostiProduzionePersonaleAltriCosti" order="4" priority="0" use="optional"/>
    <loc xlink:type="locator" xlink:href="sm-gaap-ci-2019-01-24.xsd#sm-gaap-ci_CostiProduzionePersonaleTotaleCostiPersonale" xlink:label="sm-gaap-ci_CostiProduzionePersonaleTotaleCostiPersonale"/>
    <presentationArc xlink:type="arc" xlink:arcrole="http://www.xbrl.org/2003/arcrole/parent-child" xlink:from="sm-gaap-ci_CostiProduzionePersonale" xlink:to="sm-gaap-ci_CostiProduzionePersonaleTotaleCostiPersonale" order="5" priority="0" use="optional"/>
    <loc xlink:type="locator" xlink:href="sm-gaap-ci-2019-01-24.xsd#sm-gaap-ci_CostiProduzioneAmmortamentiSvalutazioni" xlink:label="sm-gaap-ci_CostiProduzioneAmmortamentiSvalutazioni"/>
    <presentationArc xlink:type="arc" xlink:arcrole="http://www.xbrl.org/2003/arcrole/parent-child" xlink:from="sm-gaap-ci_CostiProduzione" xlink:to="sm-gaap-ci_CostiProduzioneAmmortamentiSvalutazioni" order="5" priority="0" use="optional"/>
    <loc xlink:type="locator" xlink:href="sm-gaap-ci-2019-01-24.xsd#sm-gaap-ci_CostiProduzioneAmmortamentiSvalutazioniAmmortamentoImmobilizzazioniImmateriali" xlink:label="sm-gaap-ci_CostiProduzioneAmmortamentiSvalutazioniAmmortamentoImmobilizzazioniImmateriali"/>
    <presentationArc xlink:type="arc" xlink:arcrole="http://www.xbrl.org/2003/arcrole/parent-child" xlink:from="sm-gaap-ci_CostiProduzioneAmmortamentiSvalutazioni" xlink:to="sm-gaap-ci_CostiProduzioneAmmortamentiSvalutazioniAmmortamentoImmobilizzazioniImmateriali" order="1" priority="0" use="optional"/>
    <loc xlink:type="locator" xlink:href="sm-gaap-ci-2019-01-24.xsd#sm-gaap-ci_CostiProduzioneAmmortamentiSvalutazioniAmmortamentoImmobilizzazioniMateriali" xlink:label="sm-gaap-ci_CostiProduzioneAmmortamentiSvalutazioniAmmortamentoImmobilizzazioniMateriali"/>
    <presentationArc xlink:type="arc" xlink:arcrole="http://www.xbrl.org/2003/arcrole/parent-child" xlink:from="sm-gaap-ci_CostiProduzioneAmmortamentiSvalutazioni" xlink:to="sm-gaap-ci_CostiProduzioneAmmortamentiSvalutazioniAmmortamentoImmobilizzazioniMateriali" order="2" priority="0" use="optional"/>
    <loc xlink:type="locator" xlink:href="sm-gaap-ci-2019-01-24.xsd#sm-gaap-ci_CostiProduzioneAmmortamentiSvalutazioniAltreSvalutazioniImmobilizzazioni" xlink:label="sm-gaap-ci_CostiProduzioneAmmortamentiSvalutazioniAltreSvalutazioniImmobilizzazioni"/>
    <presentationArc xlink:type="arc" xlink:arcrole="http://www.xbrl.org/2003/arcrole/parent-child" xlink:from="sm-gaap-ci_CostiProduzioneAmmortamentiSvalutazioni" xlink:to="sm-gaap-ci_CostiProduzioneAmmortamentiSvalutazioniAltreSvalutazioniImmobilizzazioni" order="3" priority="0" use="optional"/>
    <loc xlink:type="locator" xlink:href="sm-gaap-ci-2019-01-24.xsd#sm-gaap-ci_CostiProduzioneAmmortamentiSvalutazioniSvalutazioniCreditiCompresiAttivoCircolante" xlink:label="sm-gaap-ci_CostiProduzioneAmmortamentiSvalutazioniSvalutazioniCreditiCompresiAttivoCircolante"/>
    <presentationArc xlink:type="arc" xlink:arcrole="http://www.xbrl.org/2003/arcrole/parent-child" xlink:from="sm-gaap-ci_CostiProduzioneAmmortamentiSvalutazioni" xlink:to="sm-gaap-ci_CostiProduzioneAmmortamentiSvalutazioniSvalutazioniCreditiCompresiAttivoCircolante" order="4" priority="0" use="optional"/>
    <loc xlink:type="locator" xlink:href="sm-gaap-ci-2019-01-24.xsd#sm-gaap-ci_CostiProduzioneAmmortamentiSvalutazioniTotaleAmmortamentiSvalutazioni" xlink:label="sm-gaap-ci_CostiProduzioneAmmortamentiSvalutazioniTotaleAmmortamentiSvalutazioni"/>
    <presentationArc xlink:type="arc" xlink:arcrole="http://www.xbrl.org/2003/arcrole/parent-child" xlink:from="sm-gaap-ci_CostiProduzioneAmmortamentiSvalutazioni" xlink:to="sm-gaap-ci_CostiProduzioneAmmortamentiSvalutazioniTotaleAmmortamentiSvalutazioni" order="5" priority="0" use="optional"/>
    <loc xlink:type="locator" xlink:href="sm-gaap-ci-2019-01-24.xsd#sm-gaap-ci_CostiProduzioneVariazioniRimanenzeMateriePrimeSussidiarieConsumoMerci" xlink:label="sm-gaap-ci_CostiProduzioneVariazioniRimanenzeMateriePrimeSussidiarieConsumoMerci"/>
    <presentationArc xlink:type="arc" xlink:arcrole="http://www.xbrl.org/2003/arcrole/parent-child" xlink:from="sm-gaap-ci_CostiProduzione" xlink:to="sm-gaap-ci_CostiProduzioneVariazioniRimanenzeMateriePrimeSussidiarieConsumoMerci" order="6" priority="0" use="optional"/>
    <loc xlink:type="locator" xlink:href="sm-gaap-ci-2019-01-24.xsd#sm-gaap-ci_CostiProduzioneAccantonamentiRischi" xlink:label="sm-gaap-ci_CostiProduzioneAccantonamentiRischi"/>
    <presentationArc xlink:type="arc" xlink:arcrole="http://www.xbrl.org/2003/arcrole/parent-child" xlink:from="sm-gaap-ci_CostiProduzione" xlink:to="sm-gaap-ci_CostiProduzioneAccantonamentiRischi" order="7" priority="0" use="optional"/>
    <loc xlink:type="locator" xlink:href="sm-gaap-ci-2019-01-24.xsd#sm-gaap-ci_CostiProduzioneAltriAccantonamenti" xlink:label="sm-gaap-ci_CostiProduzioneAltriAccantonamenti"/>
    <presentationArc xlink:type="arc" xlink:arcrole="http://www.xbrl.org/2003/arcrole/parent-child" xlink:from="sm-gaap-ci_CostiProduzione" xlink:to="sm-gaap-ci_CostiProduzioneAltriAccantonamenti" order="8" priority="0" use="optional"/>
    <loc xlink:type="locator" xlink:href="sm-gaap-ci-2019-01-24.xsd#sm-gaap-ci_CostiProduzioneOneriDiversiGestione" xlink:label="sm-gaap-ci_CostiProduzioneOneriDiversiGestione"/>
    <presentationArc xlink:type="arc" xlink:arcrole="http://www.xbrl.org/2003/arcrole/parent-child" xlink:from="sm-gaap-ci_CostiProduzione" xlink:to="sm-gaap-ci_CostiProduzioneOneriDiversiGestione" order="9" priority="0" use="optional"/>
    <loc xlink:type="locator" xlink:href="sm-gaap-ci-2019-01-24.xsd#sm-gaap-ci_TotaleCostiProduzione" xlink:label="sm-gaap-ci_TotaleCostiProduzione"/>
    <presentationArc xlink:type="arc" xlink:arcrole="http://www.xbrl.org/2003/arcrole/parent-child" xlink:from="sm-gaap-ci_CostiProduzione" xlink:to="sm-gaap-ci_TotaleCostiProduzione" order="10" priority="0" use="optional"/>
    <loc xlink:type="locator" xlink:href="sm-gaap-ci-2019-01-24.xsd#sm-gaap-ci_DifferenzaValoreCostiProduzione" xlink:label="sm-gaap-ci_DifferenzaValoreCostiProduzione"/>
    <presentationArc xlink:type="arc" xlink:arcrole="http://www.xbrl.org/2003/arcrole/parent-child" xlink:from="sm-gaap-ci_ContoEconomico" xlink:to="sm-gaap-ci_DifferenzaValoreCostiProduzione" order="3" priority="0" use="optional"/>
    <loc xlink:type="locator" xlink:href="sm-gaap-ci-2019-01-24.xsd#sm-gaap-ci_ProventiOneriFinanziari" xlink:label="sm-gaap-ci_ProventiOneriFinanziari"/>
    <presentationArc xlink:type="arc" xlink:arcrole="http://www.xbrl.org/2003/arcrole/parent-child" xlink:from="sm-gaap-ci_ContoEconomico" xlink:to="sm-gaap-ci_ProventiOneriFinanziari" order="4" priority="0" use="optional"/>
    <loc xlink:type="locator" xlink:href="sm-gaap-ci-2019-01-24.xsd#sm-gaap-ci_ProventiOneriFinanziariProventiPartecipazioni" xlink:label="sm-gaap-ci_ProventiOneriFinanziariProventiPartecipazioni"/>
    <presentationArc xlink:type="arc" xlink:arcrole="http://www.xbrl.org/2003/arcrole/parent-child" xlink:from="sm-gaap-ci_ProventiOneriFinanziari" xlink:to="sm-gaap-ci_ProventiOneriFinanziariProventiPartecipazioni" order="1" priority="0" use="optional"/>
    <loc xlink:type="locator" xlink:href="sm-gaap-ci-2019-01-24.xsd#sm-gaap-ci_ProventiOneriFinanziariProventiPartecipazioniSocietaControllate" xlink:label="sm-gaap-ci_ProventiOneriFinanziariProventiPartecipazioniSocietaControllate"/>
    <presentationArc xlink:type="arc" xlink:arcrole="http://www.xbrl.org/2003/arcrole/parent-child" xlink:from="sm-gaap-ci_ProventiOneriFinanziariProventiPartecipazioni" xlink:to="sm-gaap-ci_ProventiOneriFinanziariProventiPartecipazioniSocietaControllate" order="1" priority="0" use="optional"/>
    <loc xlink:type="locator" xlink:href="sm-gaap-ci-2019-01-24.xsd#sm-gaap-ci_ProventiOneriFinanziariProventiPartecipazioniSocietaCollegate" xlink:label="sm-gaap-ci_ProventiOneriFinanziariProventiPartecipazioniSocietaCollegate"/>
    <presentationArc xlink:type="arc" xlink:arcrole="http://www.xbrl.org/2003/arcrole/parent-child" xlink:from="sm-gaap-ci_ProventiOneriFinanziariProventiPartecipazioni" xlink:to="sm-gaap-ci_ProventiOneriFinanziariProventiPartecipazioniSocietaCollegate" order="2" priority="0" use="optional"/>
    <loc xlink:type="locator" xlink:href="sm-gaap-ci-2019-01-24.xsd#sm-gaap-ci_ProventiOneriFinanziariProventiPartecipazioniAltri" xlink:label="sm-gaap-ci_ProventiOneriFinanziariProventiPartecipazioniAltri"/>
    <presentationArc xlink:type="arc" xlink:arcrole="http://www.xbrl.org/2003/arcrole/parent-child" xlink:from="sm-gaap-ci_ProventiOneriFinanziariProventiPartecipazioni" xlink:to="sm-gaap-ci_ProventiOneriFinanziariProventiPartecipazioniAltri" order="3" priority="0" use="optional"/>
    <loc xlink:type="locator" xlink:href="sm-gaap-ci-2019-01-24.xsd#sm-gaap-ci_ProventiOneriFinanziariProventiPartecipazioniTotaleProventiPartecipazioni" xlink:label="sm-gaap-ci_ProventiOneriFinanziariProventiPartecipazioniTotaleProventiPartecipazioni"/>
    <presentationArc xlink:type="arc" xlink:arcrole="http://www.xbrl.org/2003/arcrole/parent-child" xlink:from="sm-gaap-ci_ProventiOneriFinanziariProventiPartecipazioni" xlink:to="sm-gaap-ci_ProventiOneriFinanziariProventiPartecipazioniTotaleProventiPartecipazioni" order="4" priority="0" use="optional"/>
    <loc xlink:type="locator" xlink:href="sm-gaap-ci-2019-01-24.xsd#sm-gaap-ci_ProventiOneriFinanziariAltriProventiFinanziari" xlink:label="sm-gaap-ci_ProventiOneriFinanziariAltriProventiFinanziari"/>
    <presentationArc xlink:type="arc" xlink:arcrole="http://www.xbrl.org/2003/arcrole/parent-child" xlink:from="sm-gaap-ci_ProventiOneriFinanziari" xlink:to="sm-gaap-ci_ProventiOneriFinanziariAltriProventiFinanziari" order="2" priority="0" use="optional"/>
    <loc xlink:type="locator" xlink:href="sm-gaap-ci-2019-01-24.xsd#sm-gaap-ci_ProventiOneriFinanziariAltriProventiFinanziariCreditiIscrittiImmobilizzazioni" xlink:label="sm-gaap-ci_ProventiOneriFinanziariAltriProventiFinanziariCreditiIscrittiImmobilizzazioni"/>
    <presentationArc xlink:type="arc" xlink:arcrole="http://www.xbrl.org/2003/arcrole/parent-child" xlink:from="sm-gaap-ci_ProventiOneriFinanziariAltriProventiFinanziari" xlink:to="sm-gaap-ci_ProventiOneriFinanziariAltriProventiFinanziariCreditiIscrittiImmobilizzazioni" order="1" priority="0" use="optional"/>
    <loc xlink:type="locator" xlink:href="sm-gaap-ci-2019-01-24.xsd#sm-gaap-ci_ProventiOneriFinanziariAltriProventiFinanziariCreditiIscrittiImmobilizzazioniSocietaControllate" xlink:label="sm-gaap-ci_ProventiOneriFinanziariAltriProventiFinanziariCreditiIscrittiImmobilizzazioniSocietaControllate"/>
    <presentationArc xlink:type="arc" xlink:arcrole="http://www.xbrl.org/2003/arcrole/parent-child" xlink:from="sm-gaap-ci_ProventiOneriFinanziariAltriProventiFinanziariCreditiIscrittiImmobilizzazioni" xlink:to="sm-gaap-ci_ProventiOneriFinanziariAltriProventiFinanziariCreditiIscrittiImmobilizzazioniSocietaControllate" order="1" priority="0" use="optional"/>
    <loc xlink:type="locator" xlink:href="sm-gaap-ci-2019-01-24.xsd#sm-gaap-ci_ProventiOneriFinanziariAltriProventiFinanziariCreditiIscrittiImmobilizzazioniSocietaCollegate" xlink:label="sm-gaap-ci_ProventiOneriFinanziariAltriProventiFinanziariCreditiIscrittiImmobilizzazioniSocietaCollegate"/>
    <presentationArc xlink:type="arc" xlink:arcrole="http://www.xbrl.org/2003/arcrole/parent-child" xlink:from="sm-gaap-ci_ProventiOneriFinanziariAltriProventiFinanziariCreditiIscrittiImmobilizzazioni" xlink:to="sm-gaap-ci_ProventiOneriFinanziariAltriProventiFinanziariCreditiIscrittiImmobilizzazioniSocietaCollegate" order="2" priority="0" use="optional"/>
    <loc xlink:type="locator" xlink:href="sm-gaap-ci-2019-01-24.xsd#sm-gaap-ci_ProventiOneriFinanziariAltriProventiFinanziariCreditiIscrittiImmobilizzazioniSocietaControllanti" xlink:label="sm-gaap-ci_ProventiOneriFinanziariAltriProventiFinanziariCreditiIscrittiImmobilizzazioniSocietaControllanti"/>
    <presentationArc xlink:type="arc" xlink:arcrole="http://www.xbrl.org/2003/arcrole/parent-child" xlink:from="sm-gaap-ci_ProventiOneriFinanziariAltriProventiFinanziariCreditiIscrittiImmobilizzazioni" xlink:to="sm-gaap-ci_ProventiOneriFinanziariAltriProventiFinanziariCreditiIscrittiImmobilizzazioniSocietaControllanti" order="3" priority="0" use="optional"/>
    <loc xlink:type="locator" xlink:href="sm-gaap-ci-2019-01-24.xsd#sm-gaap-ci_ProventiOneriFinanziariAltriProventiFinanziariCreditiIscrittiImmobilizzazioniAltri" xlink:label="sm-gaap-ci_ProventiOneriFinanziariAltriProventiFinanziariCreditiIscrittiImmobilizzazioniAltri"/>
    <presentationArc xlink:type="arc" xlink:arcrole="http://www.xbrl.org/2003/arcrole/parent-child" xlink:from="sm-gaap-ci_ProventiOneriFinanziariAltriProventiFinanziariCreditiIscrittiImmobilizzazioni" xlink:to="sm-gaap-ci_ProventiOneriFinanziariAltriProventiFinanziariCreditiIscrittiImmobilizzazioniAltri" order="4" priority="0" use="optional"/>
    <loc xlink:type="locator" xlink:href="sm-gaap-ci-2019-01-24.xsd#sm-gaap-ci_ProventiOneriFinanziariAltriProventiFinanziariCreditiIscrittiImmobilizzazioniTotaleProventiFinanziariCreditiIscrittiImmobilizzazioni" xlink:label="sm-gaap-ci_ProventiOneriFinanziariAltriProventiFinanziariCreditiIscrittiImmobilizzazioniTotaleProventiFinanziariCreditiIscrittiImmobilizzazioni"/>
    <presentationArc xlink:type="arc" xlink:arcrole="http://www.xbrl.org/2003/arcrole/parent-child" xlink:from="sm-gaap-ci_ProventiOneriFinanziariAltriProventiFinanziariCreditiIscrittiImmobilizzazioni" xlink:to="sm-gaap-ci_ProventiOneriFinanziariAltriProventiFinanziariCreditiIscrittiImmobilizzazioniTotaleProventiFinanziariCreditiIscrittiImmobilizzazioni" order="5" priority="0" use="optional"/>
    <loc xlink:type="locator" xlink:href="sm-gaap-ci-2019-01-24.xsd#sm-gaap-ci_ProventiOneriFinanziariAltriProventiFinanziariTitoliIscrittiImmobilizzazioniNonCostituisconoPartecipazioni" xlink:label="sm-gaap-ci_ProventiOneriFinanziariAltriProventiFinanziariTitoliIscrittiImmobilizzazioniNonCostituisconoPartecipazioni"/>
    <presentationArc xlink:type="arc" xlink:arcrole="http://www.xbrl.org/2003/arcrole/parent-child" xlink:from="sm-gaap-ci_ProventiOneriFinanziariAltriProventiFinanziari" xlink:to="sm-gaap-ci_ProventiOneriFinanziariAltriProventiFinanziariTitoliIscrittiImmobilizzazioniNonCostituisconoPartecipazioni" order="2" priority="0" use="optional"/>
    <loc xlink:type="locator" xlink:href="sm-gaap-ci-2019-01-24.xsd#sm-gaap-ci_ProventiOneriFinanziariAltriProventiFinanziariTitoliIscrittiAttivoCircolanteNonCostituisconoPartecipazioni" xlink:label="sm-gaap-ci_ProventiOneriFinanziariAltriProventiFinanziariTitoliIscrittiAttivoCircolanteNonCostituisconoPartecipazioni"/>
    <presentationArc xlink:type="arc" xlink:arcrole="http://www.xbrl.org/2003/arcrole/parent-child" xlink:from="sm-gaap-ci_ProventiOneriFinanziariAltriProventiFinanziari" xlink:to="sm-gaap-ci_ProventiOneriFinanziariAltriProventiFinanziariTitoliIscrittiAttivoCircolanteNonCostituisconoPartecipazioni" order="3" priority="0" use="optional"/>
    <loc xlink:type="locator" xlink:href="sm-gaap-ci-2019-01-24.xsd#sm-gaap-ci_ProventiOneriFinanziariAltriProventiFinanziariProventiDiversiPrecedenti" xlink:label="sm-gaap-ci_ProventiOneriFinanziariAltriProventiFinanziariProventiDiversiPrecedenti"/>
    <presentationArc xlink:type="arc" xlink:arcrole="http://www.xbrl.org/2003/arcrole/parent-child" xlink:from="sm-gaap-ci_ProventiOneriFinanziariAltriProventiFinanziari" xlink:to="sm-gaap-ci_ProventiOneriFinanziariAltriProventiFinanziariProventiDiversiPrecedenti" order="4" priority="0" use="optional"/>
    <loc xlink:type="locator" xlink:href="sm-gaap-ci-2019-01-24.xsd#sm-gaap-ci_ProventiOneriFinanziariAltriProventiFinanziariProventiDiversiPrecedentiSocietaControllate" xlink:label="sm-gaap-ci_ProventiOneriFinanziariAltriProventiFinanziariProventiDiversiPrecedentiSocietaControllate"/>
    <presentationArc xlink:type="arc" xlink:arcrole="http://www.xbrl.org/2003/arcrole/parent-child" xlink:from="sm-gaap-ci_ProventiOneriFinanziariAltriProventiFinanziariProventiDiversiPrecedenti" xlink:to="sm-gaap-ci_ProventiOneriFinanziariAltriProventiFinanziariProventiDiversiPrecedentiSocietaControllate" order="1" priority="0" use="optional"/>
    <loc xlink:type="locator" xlink:href="sm-gaap-ci-2019-01-24.xsd#sm-gaap-ci_ProventiOneriFinanziariAltriProventiFinanziariProventiDiversiPrecedentiSocietaCollegate" xlink:label="sm-gaap-ci_ProventiOneriFinanziariAltriProventiFinanziariProventiDiversiPrecedentiSocietaCollegate"/>
    <presentationArc xlink:type="arc" xlink:arcrole="http://www.xbrl.org/2003/arcrole/parent-child" xlink:from="sm-gaap-ci_ProventiOneriFinanziariAltriProventiFinanziariProventiDiversiPrecedenti" xlink:to="sm-gaap-ci_ProventiOneriFinanziariAltriProventiFinanziariProventiDiversiPrecedentiSocietaCollegate" order="2" priority="0" use="optional"/>
    <loc xlink:type="locator" xlink:href="sm-gaap-ci-2019-01-24.xsd#sm-gaap-ci_ProventiOneriFinanziariAltriProventiFinanziariProventiDiversiPrecedentiSocietaControllanti" xlink:label="sm-gaap-ci_ProventiOneriFinanziariAltriProventiFinanziariProventiDiversiPrecedentiSocietaControllanti"/>
    <presentationArc xlink:type="arc" xlink:arcrole="http://www.xbrl.org/2003/arcrole/parent-child" xlink:from="sm-gaap-ci_ProventiOneriFinanziariAltriProventiFinanziariProventiDiversiPrecedenti" xlink:to="sm-gaap-ci_ProventiOneriFinanziariAltriProventiFinanziariProventiDiversiPrecedentiSocietaControllanti" order="3" priority="0" use="optional"/>
    <loc xlink:type="locator" xlink:href="sm-gaap-ci-2019-01-24.xsd#sm-gaap-ci_ProventiOneriFinanziariAltriProventiFinanziariProventiDiversiPrecedentiAltri" xlink:label="sm-gaap-ci_ProventiOneriFinanziariAltriProventiFinanziariProventiDiversiPrecedentiAltri"/>
    <presentationArc xlink:type="arc" xlink:arcrole="http://www.xbrl.org/2003/arcrole/parent-child" xlink:from="sm-gaap-ci_ProventiOneriFinanziariAltriProventiFinanziariProventiDiversiPrecedenti" xlink:to="sm-gaap-ci_ProventiOneriFinanziariAltriProventiFinanziariProventiDiversiPrecedentiAltri" order="4" priority="0" use="optional"/>
    <loc xlink:type="locator" xlink:href="sm-gaap-ci-2019-01-24.xsd#sm-gaap-ci_ProventiOneriFinanziariAltriProventiFinanziariProventiDiversiPrecedentiTotaleProventiDiversiPrecedenti" xlink:label="sm-gaap-ci_ProventiOneriFinanziariAltriProventiFinanziariProventiDiversiPrecedentiTotaleProventiDiversiPrecedenti"/>
    <presentationArc xlink:type="arc" xlink:arcrole="http://www.xbrl.org/2003/arcrole/parent-child" xlink:from="sm-gaap-ci_ProventiOneriFinanziariAltriProventiFinanziariProventiDiversiPrecedenti" xlink:to="sm-gaap-ci_ProventiOneriFinanziariAltriProventiFinanziariProventiDiversiPrecedentiTotaleProventiDiversiPrecedenti" order="5" priority="0" use="optional"/>
    <loc xlink:type="locator" xlink:href="sm-gaap-ci-2019-01-24.xsd#sm-gaap-ci_ProventiOneriFinanziariAltriProventiFinanziariTotaleAltriProventiFinanziari" xlink:label="sm-gaap-ci_ProventiOneriFinanziariAltriProventiFinanziariTotaleAltriProventiFinanziari"/>
    <presentationArc xlink:type="arc" xlink:arcrole="http://www.xbrl.org/2003/arcrole/parent-child" xlink:from="sm-gaap-ci_ProventiOneriFinanziariAltriProventiFinanziari" xlink:to="sm-gaap-ci_ProventiOneriFinanziariAltriProventiFinanziariTotaleAltriProventiFinanziari" order="5" priority="0" use="optional"/>
    <loc xlink:type="locator" xlink:href="sm-gaap-ci-2019-01-24.xsd#sm-gaap-ci_ProventiOneriFinanziariInteressiAltriOneriFinanziari" xlink:label="sm-gaap-ci_ProventiOneriFinanziariInteressiAltriOneriFinanziari"/>
    <presentationArc xlink:type="arc" xlink:arcrole="http://www.xbrl.org/2003/arcrole/parent-child" xlink:from="sm-gaap-ci_ProventiOneriFinanziari" xlink:to="sm-gaap-ci_ProventiOneriFinanziariInteressiAltriOneriFinanziari" order="3" priority="0" use="optional"/>
    <loc xlink:type="locator" xlink:href="sm-gaap-ci-2019-01-24.xsd#sm-gaap-ci_ProventiOneriFinanziariInteressiAltriOneriFinanziariSocietaControllate" xlink:label="sm-gaap-ci_ProventiOneriFinanziariInteressiAltriOneriFinanziariSocietaControllate"/>
    <presentationArc xlink:type="arc" xlink:arcrole="http://www.xbrl.org/2003/arcrole/parent-child" xlink:from="sm-gaap-ci_ProventiOneriFinanziariInteressiAltriOneriFinanziari" xlink:to="sm-gaap-ci_ProventiOneriFinanziariInteressiAltriOneriFinanziariSocietaControllate" order="1" priority="0" use="optional"/>
    <loc xlink:type="locator" xlink:href="sm-gaap-ci-2019-01-24.xsd#sm-gaap-ci_ProventiOneriFinanziariInteressiAltriOneriFinanziariSocietaCollegate" xlink:label="sm-gaap-ci_ProventiOneriFinanziariInteressiAltriOneriFinanziariSocietaCollegate"/>
    <presentationArc xlink:type="arc" xlink:arcrole="http://www.xbrl.org/2003/arcrole/parent-child" xlink:from="sm-gaap-ci_ProventiOneriFinanziariInteressiAltriOneriFinanziari" xlink:to="sm-gaap-ci_ProventiOneriFinanziariInteressiAltriOneriFinanziariSocietaCollegate" order="2" priority="0" use="optional"/>
    <loc xlink:type="locator" xlink:href="sm-gaap-ci-2019-01-24.xsd#sm-gaap-ci_ProventiOneriFinanziariInteressiAltriOneriFinanziariSocietaControllanti" xlink:label="sm-gaap-ci_ProventiOneriFinanziariInteressiAltriOneriFinanziariSocietaControllanti"/>
    <presentationArc xlink:type="arc" xlink:arcrole="http://www.xbrl.org/2003/arcrole/parent-child" xlink:from="sm-gaap-ci_ProventiOneriFinanziariInteressiAltriOneriFinanziari" xlink:to="sm-gaap-ci_ProventiOneriFinanziariInteressiAltriOneriFinanziariSocietaControllanti" order="3" priority="0" use="optional"/>
    <loc xlink:type="locator" xlink:href="sm-gaap-ci-2019-01-24.xsd#sm-gaap-ci_ProventiOneriFinanziariInteressiAltriOneriFinanziariAltri" xlink:label="sm-gaap-ci_ProventiOneriFinanziariInteressiAltriOneriFinanziariAltri"/>
    <presentationArc xlink:type="arc" xlink:arcrole="http://www.xbrl.org/2003/arcrole/parent-child" xlink:from="sm-gaap-ci_ProventiOneriFinanziariInteressiAltriOneriFinanziari" xlink:to="sm-gaap-ci_ProventiOneriFinanziariInteressiAltriOneriFinanziariAltri" order="4" priority="0" use="optional"/>
    <loc xlink:type="locator" xlink:href="sm-gaap-ci-2019-01-24.xsd#sm-gaap-ci_ProventiOneriFinanziariInteressiAltriOneriFinanziariTotaleInteressiAltriOneriFinanziari" xlink:label="sm-gaap-ci_ProventiOneriFinanziariInteressiAltriOneriFinanziariTotaleInteressiAltriOneriFinanziari"/>
    <presentationArc xlink:type="arc" xlink:arcrole="http://www.xbrl.org/2003/arcrole/parent-child" xlink:from="sm-gaap-ci_ProventiOneriFinanziariInteressiAltriOneriFinanziari" xlink:to="sm-gaap-ci_ProventiOneriFinanziariInteressiAltriOneriFinanziariTotaleInteressiAltriOneriFinanziari" order="5" priority="0" use="optional"/>
    <loc xlink:type="locator" xlink:href="sm-gaap-ci-2019-01-24.xsd#sm-gaap-ci_ProventiOneriFinanziariUtiliPerditeCambi" xlink:label="sm-gaap-ci_ProventiOneriFinanziariUtiliPerditeCambi"/>
    <presentationArc xlink:type="arc" xlink:arcrole="http://www.xbrl.org/2003/arcrole/parent-child" xlink:from="sm-gaap-ci_ProventiOneriFinanziari" xlink:to="sm-gaap-ci_ProventiOneriFinanziariUtiliPerditeCambi" order="4" priority="0" use="optional"/>
    <loc xlink:type="locator" xlink:href="sm-gaap-ci-2019-01-24.xsd#sm-gaap-ci_TotaleProventiOneriFinanziari" xlink:label="sm-gaap-ci_TotaleProventiOneriFinanziari"/>
    <presentationArc xlink:type="arc" xlink:arcrole="http://www.xbrl.org/2003/arcrole/parent-child" xlink:from="sm-gaap-ci_ProventiOneriFinanziari" xlink:to="sm-gaap-ci_TotaleProventiOneriFinanziari" order="5" priority="0" use="optional"/>
    <loc xlink:type="locator" xlink:href="sm-gaap-ci-2019-01-24.xsd#sm-gaap-ci_RettificheValoreAttivitaFinanziarie" xlink:label="sm-gaap-ci_RettificheValoreAttivitaFinanziarie"/>
    <presentationArc xlink:type="arc" xlink:arcrole="http://www.xbrl.org/2003/arcrole/parent-child" xlink:from="sm-gaap-ci_ContoEconomico" xlink:to="sm-gaap-ci_RettificheValoreAttivitaFinanziarie" order="5" priority="0" use="optional"/>
    <loc xlink:type="locator" xlink:href="sm-gaap-ci-2019-01-24.xsd#sm-gaap-ci_RettificheValoreAttivitaFinanziarieRivalutazioni" xlink:label="sm-gaap-ci_RettificheValoreAttivitaFinanziarieRivalutazioni"/>
    <presentationArc xlink:type="arc" xlink:arcrole="http://www.xbrl.org/2003/arcrole/parent-child" xlink:from="sm-gaap-ci_RettificheValoreAttivitaFinanziarie" xlink:to="sm-gaap-ci_RettificheValoreAttivitaFinanziarieRivalutazioni" order="1" priority="0" use="optional"/>
    <loc xlink:type="locator" xlink:href="sm-gaap-ci-2019-01-24.xsd#sm-gaap-ci_RettificheValoreAttivitaFinanziarieRivalutazioniPartecipazioni" xlink:label="sm-gaap-ci_RettificheValoreAttivitaFinanziarieRivalutazioniPartecipazioni"/>
    <presentationArc xlink:type="arc" xlink:arcrole="http://www.xbrl.org/2003/arcrole/parent-child" xlink:from="sm-gaap-ci_RettificheValoreAttivitaFinanziarieRivalutazioni" xlink:to="sm-gaap-ci_RettificheValoreAttivitaFinanziarieRivalutazioniPartecipazioni" order="1" priority="0" use="optional"/>
    <loc xlink:type="locator" xlink:href="sm-gaap-ci-2019-01-24.xsd#sm-gaap-ci_RettificheValoreAttivitaFinanziarieRivalutazioniImmobilizzazioniFinanziarieNonCostituisconoPartecipazioni" xlink:label="sm-gaap-ci_RettificheValoreAttivitaFinanziarieRivalutazioniImmobilizzazioniFinanziarieNonCostituisconoPartecipazioni"/>
    <presentationArc xlink:type="arc" xlink:arcrole="http://www.xbrl.org/2003/arcrole/parent-child" xlink:from="sm-gaap-ci_RettificheValoreAttivitaFinanziarieRivalutazioni" xlink:to="sm-gaap-ci_RettificheValoreAttivitaFinanziarieRivalutazioniImmobilizzazioniFinanziarieNonCostituisconoPartecipazioni" order="2" priority="0" use="optional"/>
    <loc xlink:type="locator" xlink:href="sm-gaap-ci-2019-01-24.xsd#sm-gaap-ci_RettificheValoreAttivitaFinanziarieRivalutazioniTitoliIscrittiAttivoCircolanteNonCostituisconoPartecipazioni" xlink:label="sm-gaap-ci_RettificheValoreAttivitaFinanziarieRivalutazioniTitoliIscrittiAttivoCircolanteNonCostituisconoPartecipazioni"/>
    <presentationArc xlink:type="arc" xlink:arcrole="http://www.xbrl.org/2003/arcrole/parent-child" xlink:from="sm-gaap-ci_RettificheValoreAttivitaFinanziarieRivalutazioni" xlink:to="sm-gaap-ci_RettificheValoreAttivitaFinanziarieRivalutazioniTitoliIscrittiAttivoCircolanteNonCostituisconoPartecipazioni" order="3" priority="0" use="optional"/>
    <loc xlink:type="locator" xlink:href="sm-gaap-ci-2019-01-24.xsd#sm-gaap-ci_RettificheValoreAttivitaFinanziarieRivalutazioniTotaleRivalutazioni" xlink:label="sm-gaap-ci_RettificheValoreAttivitaFinanziarieRivalutazioniTotaleRivalutazioni"/>
    <presentationArc xlink:type="arc" xlink:arcrole="http://www.xbrl.org/2003/arcrole/parent-child" xlink:from="sm-gaap-ci_RettificheValoreAttivitaFinanziarieRivalutazioni" xlink:to="sm-gaap-ci_RettificheValoreAttivitaFinanziarieRivalutazioniTotaleRivalutazioni" order="4" priority="0" use="optional"/>
    <loc xlink:type="locator" xlink:href="sm-gaap-ci-2019-01-24.xsd#sm-gaap-ci_RettificheValoreAttivitaFinanziarieSvalutazioni" xlink:label="sm-gaap-ci_RettificheValoreAttivitaFinanziarieSvalutazioni"/>
    <presentationArc xlink:type="arc" xlink:arcrole="http://www.xbrl.org/2003/arcrole/parent-child" xlink:from="sm-gaap-ci_RettificheValoreAttivitaFinanziarie" xlink:to="sm-gaap-ci_RettificheValoreAttivitaFinanziarieSvalutazioni" order="2" priority="0" use="optional"/>
    <loc xlink:type="locator" xlink:href="sm-gaap-ci-2019-01-24.xsd#sm-gaap-ci_RettificheValoreAttivitaFinanziarieSvalutazioniPartecipazioni" xlink:label="sm-gaap-ci_RettificheValoreAttivitaFinanziarieSvalutazioniPartecipazioni"/>
    <presentationArc xlink:type="arc" xlink:arcrole="http://www.xbrl.org/2003/arcrole/parent-child" xlink:from="sm-gaap-ci_RettificheValoreAttivitaFinanziarieSvalutazioni" xlink:to="sm-gaap-ci_RettificheValoreAttivitaFinanziarieSvalutazioniPartecipazioni" order="1" priority="0" use="optional"/>
    <loc xlink:type="locator" xlink:href="sm-gaap-ci-2019-01-24.xsd#sm-gaap-ci_RettificheValoreAttivitaFinanziarieSvalutazioniImmobilizzazioniFinanziarieNonCostituisconoPartecipazioni" xlink:label="sm-gaap-ci_RettificheValoreAttivitaFinanziarieSvalutazioniImmobilizzazioniFinanziarieNonCostituisconoPartecipazioni"/>
    <presentationArc xlink:type="arc" xlink:arcrole="http://www.xbrl.org/2003/arcrole/parent-child" xlink:from="sm-gaap-ci_RettificheValoreAttivitaFinanziarieSvalutazioni" xlink:to="sm-gaap-ci_RettificheValoreAttivitaFinanziarieSvalutazioniImmobilizzazioniFinanziarieNonCostituisconoPartecipazioni" order="2" priority="0" use="optional"/>
    <loc xlink:type="locator" xlink:href="sm-gaap-ci-2019-01-24.xsd#sm-gaap-ci_RettificheValoreAttivitaFinanziarieSvalutazioniTitoliIscrittiAttivoCircolanteNonCostituisconoPartecipazioni" xlink:label="sm-gaap-ci_RettificheValoreAttivitaFinanziarieSvalutazioniTitoliIscrittiAttivoCircolanteNonCostituisconoPartecipazioni"/>
    <presentationArc xlink:type="arc" xlink:arcrole="http://www.xbrl.org/2003/arcrole/parent-child" xlink:from="sm-gaap-ci_RettificheValoreAttivitaFinanziarieSvalutazioni" xlink:to="sm-gaap-ci_RettificheValoreAttivitaFinanziarieSvalutazioniTitoliIscrittiAttivoCircolanteNonCostituisconoPartecipazioni" order="3" priority="0" use="optional"/>
    <loc xlink:type="locator" xlink:href="sm-gaap-ci-2019-01-24.xsd#sm-gaap-ci_RettificheValoreAttivitaFinanziarieSvalutazioniTotaleSvalutazioni" xlink:label="sm-gaap-ci_RettificheValoreAttivitaFinanziarieSvalutazioniTotaleSvalutazioni"/>
    <presentationArc xlink:type="arc" xlink:arcrole="http://www.xbrl.org/2003/arcrole/parent-child" xlink:from="sm-gaap-ci_RettificheValoreAttivitaFinanziarieSvalutazioni" xlink:to="sm-gaap-ci_RettificheValoreAttivitaFinanziarieSvalutazioniTotaleSvalutazioni" order="4" priority="0" use="optional"/>
    <loc xlink:type="locator" xlink:href="sm-gaap-ci-2019-01-24.xsd#sm-gaap-ci_TotaleRettificheValoreAttivitaFinanziarie" xlink:label="sm-gaap-ci_TotaleRettificheValoreAttivitaFinanziarie"/>
    <presentationArc xlink:type="arc" xlink:arcrole="http://www.xbrl.org/2003/arcrole/parent-child" xlink:from="sm-gaap-ci_RettificheValoreAttivitaFinanziarie" xlink:to="sm-gaap-ci_TotaleRettificheValoreAttivitaFinanziarie" order="3" priority="0" use="optional"/>
    <loc xlink:type="locator" xlink:href="sm-gaap-ci-2019-01-24.xsd#sm-gaap-ci_ProventiOneriStraordinari" xlink:label="sm-gaap-ci_ProventiOneriStraordinari"/>
    <presentationArc xlink:type="arc" xlink:arcrole="http://www.xbrl.org/2003/arcrole/parent-child" xlink:from="sm-gaap-ci_ContoEconomico" xlink:to="sm-gaap-ci_ProventiOneriStraordinari" order="6" priority="0" use="optional"/>
    <loc xlink:type="locator" xlink:href="sm-gaap-ci-2019-01-24.xsd#sm-gaap-ci_ProventiOneriStraordinariProventiStraordinari" xlink:label="sm-gaap-ci_ProventiOneriStraordinariProventiStraordinari"/>
    <presentationArc xlink:type="arc" xlink:arcrole="http://www.xbrl.org/2003/arcrole/parent-child" xlink:from="sm-gaap-ci_ProventiOneriStraordinari" xlink:to="sm-gaap-ci_ProventiOneriStraordinariProventiStraordinari" order="1" priority="0" use="optional"/>
    <loc xlink:type="locator" xlink:href="sm-gaap-ci-2019-01-24.xsd#sm-gaap-ci_ProventiOneriStraordinariProventiStraordinariPlusvalenzeAlienazioniCuiRicaviNonSonoIscrivibiliN5" xlink:label="sm-gaap-ci_ProventiOneriStraordinariProventiStraordinariPlusvalenzeAlienazioniCuiRicaviNonSonoIscrivibiliN5"/>
    <presentationArc xlink:type="arc" xlink:arcrole="http://www.xbrl.org/2003/arcrole/parent-child" xlink:from="sm-gaap-ci_ProventiOneriStraordinariProventiStraordinari" xlink:to="sm-gaap-ci_ProventiOneriStraordinariProventiStraordinariPlusvalenzeAlienazioniCuiRicaviNonSonoIscrivibiliN5" order="1" priority="0" use="optional"/>
    <loc xlink:type="locator" xlink:href="sm-gaap-ci-2019-01-24.xsd#sm-gaap-ci_ProventiOneriStraordinariProventiStraordinariAltri" xlink:label="sm-gaap-ci_ProventiOneriStraordinariProventiStraordinariAltri"/>
    <presentationArc xlink:type="arc" xlink:arcrole="http://www.xbrl.org/2003/arcrole/parent-child" xlink:from="sm-gaap-ci_ProventiOneriStraordinariProventiStraordinari" xlink:to="sm-gaap-ci_ProventiOneriStraordinariProventiStraordinariAltri" order="2" priority="0" use="optional"/>
    <loc xlink:type="locator" xlink:href="sm-gaap-ci-2019-01-24.xsd#sm-gaap-ci_ProventiOneriStraordinariProventiStraordinariTotaleProventiStraordinari" xlink:label="sm-gaap-ci_ProventiOneriStraordinariProventiStraordinariTotaleProventiStraordinari"/>
    <presentationArc xlink:type="arc" xlink:arcrole="http://www.xbrl.org/2003/arcrole/parent-child" xlink:from="sm-gaap-ci_ProventiOneriStraordinariProventiStraordinari" xlink:to="sm-gaap-ci_ProventiOneriStraordinariProventiStraordinariTotaleProventiStraordinari" order="3" priority="0" use="optional"/>
    <loc xlink:type="locator" xlink:href="sm-gaap-ci-2019-01-24.xsd#sm-gaap-ci_ProventiOneriStraordinariOneriStraordinari" xlink:label="sm-gaap-ci_ProventiOneriStraordinariOneriStraordinari"/>
    <presentationArc xlink:type="arc" xlink:arcrole="http://www.xbrl.org/2003/arcrole/parent-child" xlink:from="sm-gaap-ci_ProventiOneriStraordinari" xlink:to="sm-gaap-ci_ProventiOneriStraordinariOneriStraordinari" order="2" priority="0" use="optional"/>
    <loc xlink:type="locator" xlink:href="sm-gaap-ci-2019-01-24.xsd#sm-gaap-ci_ProventiOneriStraordinariOneriStraordinariMinusvalenzeAlienazioniCuiEffettiContabiliNonSonoIscrivibiliN14" xlink:label="sm-gaap-ci_ProventiOneriStraordinariOneriStraordinariMinusvalenzeAlienazioniCuiEffettiContabiliNonSonoIscrivibiliN14"/>
    <presentationArc xlink:type="arc" xlink:arcrole="http://www.xbrl.org/2003/arcrole/parent-child" xlink:from="sm-gaap-ci_ProventiOneriStraordinariOneriStraordinari" xlink:to="sm-gaap-ci_ProventiOneriStraordinariOneriStraordinariMinusvalenzeAlienazioniCuiEffettiContabiliNonSonoIscrivibiliN14" order="1" priority="0" use="optional"/>
    <loc xlink:type="locator" xlink:href="sm-gaap-ci-2019-01-24.xsd#sm-gaap-ci_ProventiOneriStraordinariOneriStraordinariImposteRelativeEserciziPrecedenti" xlink:label="sm-gaap-ci_ProventiOneriStraordinariOneriStraordinariImposteRelativeEserciziPrecedenti"/>
    <presentationArc xlink:type="arc" xlink:arcrole="http://www.xbrl.org/2003/arcrole/parent-child" xlink:from="sm-gaap-ci_ProventiOneriStraordinariOneriStraordinari" xlink:to="sm-gaap-ci_ProventiOneriStraordinariOneriStraordinariImposteRelativeEserciziPrecedenti" order="2" priority="0" use="optional"/>
    <loc xlink:type="locator" xlink:href="sm-gaap-ci-2019-01-24.xsd#sm-gaap-ci_ProventiOneriStraordinariOneriStraordinariAltri" xlink:label="sm-gaap-ci_ProventiOneriStraordinariOneriStraordinariAltri"/>
    <presentationArc xlink:type="arc" xlink:arcrole="http://www.xbrl.org/2003/arcrole/parent-child" xlink:from="sm-gaap-ci_ProventiOneriStraordinariOneriStraordinari" xlink:to="sm-gaap-ci_ProventiOneriStraordinariOneriStraordinariAltri" order="3" priority="0" use="optional"/>
    <loc xlink:type="locator" xlink:href="sm-gaap-ci-2019-01-24.xsd#sm-gaap-ci_ProventiOneriStraordinariOneriStraordinariTotaleOneriStraordinari" xlink:label="sm-gaap-ci_ProventiOneriStraordinariOneriStraordinariTotaleOneriStraordinari"/>
    <presentationArc xlink:type="arc" xlink:arcrole="http://www.xbrl.org/2003/arcrole/parent-child" xlink:from="sm-gaap-ci_ProventiOneriStraordinariOneriStraordinari" xlink:to="sm-gaap-ci_ProventiOneriStraordinariOneriStraordinariTotaleOneriStraordinari" order="4" priority="0" use="optional"/>
    <loc xlink:type="locator" xlink:href="sm-gaap-ci-2019-01-24.xsd#sm-gaap-ci_TotalePartiteStraordinarie" xlink:label="sm-gaap-ci_TotalePartiteStraordinarie"/>
    <presentationArc xlink:type="arc" xlink:arcrole="http://www.xbrl.org/2003/arcrole/parent-child" xlink:from="sm-gaap-ci_ProventiOneriStraordinari" xlink:to="sm-gaap-ci_TotalePartiteStraordinarie" order="3" priority="0" use="optional"/>
    <loc xlink:type="locator" xlink:href="sm-gaap-ci-2019-01-24.xsd#sm-gaap-ci_RisultatoPrimaImposte" xlink:label="sm-gaap-ci_RisultatoPrimaImposte"/>
    <presentationArc xlink:type="arc" xlink:arcrole="http://www.xbrl.org/2003/arcrole/parent-child" xlink:from="sm-gaap-ci_ContoEconomico" xlink:to="sm-gaap-ci_RisultatoPrimaImposte" order="7" priority="0" use="optional"/>
    <loc xlink:type="locator" xlink:href="sm-gaap-ci-2019-01-24.xsd#sm-gaap-ci_ImposteRedditoEsercizioCorrentiDifferiteAnticipate" xlink:label="sm-gaap-ci_ImposteRedditoEsercizioCorrentiDifferiteAnticipate"/>
    <presentationArc xlink:type="arc" xlink:arcrole="http://www.xbrl.org/2003/arcrole/parent-child" xlink:from="sm-gaap-ci_ContoEconomico" xlink:to="sm-gaap-ci_ImposteRedditoEsercizioCorrentiDifferiteAnticipate" order="8" priority="0" use="optional"/>
    <loc xlink:type="locator" xlink:href="sm-gaap-ci-2019-01-24.xsd#sm-gaap-ci_ImposteRedditoEsercizioCorrentiDifferiteAnticipateImposteCorrenti" xlink:label="sm-gaap-ci_ImposteRedditoEsercizioCorrentiDifferiteAnticipateImposteCorrenti"/>
    <presentationArc xlink:type="arc" xlink:arcrole="http://www.xbrl.org/2003/arcrole/parent-child" xlink:from="sm-gaap-ci_ImposteRedditoEsercizioCorrentiDifferiteAnticipate" xlink:to="sm-gaap-ci_ImposteRedditoEsercizioCorrentiDifferiteAnticipateImposteCorrenti" order="1" priority="0" use="optional"/>
    <loc xlink:type="locator" xlink:href="sm-gaap-ci-2019-01-24.xsd#sm-gaap-ci_ImposteRedditoEsercizioCorrentiDifferiteAnticipateImposteDifferite" xlink:label="sm-gaap-ci_ImposteRedditoEsercizioCorrentiDifferiteAnticipateImposteDifferite"/>
    <presentationArc xlink:type="arc" xlink:arcrole="http://www.xbrl.org/2003/arcrole/parent-child" xlink:from="sm-gaap-ci_ImposteRedditoEsercizioCorrentiDifferiteAnticipate" xlink:to="sm-gaap-ci_ImposteRedditoEsercizioCorrentiDifferiteAnticipateImposteDifferite" order="2" priority="0" use="optional"/>
    <loc xlink:type="locator" xlink:href="sm-gaap-ci-2019-01-24.xsd#sm-gaap-ci_ImposteRedditoEsercizioCorrentiDifferiteAnticipateImposteAnticipate" xlink:label="sm-gaap-ci_ImposteRedditoEsercizioCorrentiDifferiteAnticipateImposteAnticipate"/>
    <presentationArc xlink:type="arc" xlink:arcrole="http://www.xbrl.org/2003/arcrole/parent-child" xlink:from="sm-gaap-ci_ImposteRedditoEsercizioCorrentiDifferiteAnticipate" xlink:to="sm-gaap-ci_ImposteRedditoEsercizioCorrentiDifferiteAnticipateImposteAnticipate" order="3" priority="0" use="optional"/>
    <loc xlink:type="locator" xlink:href="sm-gaap-ci-2019-01-24.xsd#sm-gaap-ci_ImposteRedditoEsercizioCorrentiDifferiteAnticipateTotaleImposteRedditoEsercizioCorrentiDifferiteAnticipate" xlink:label="sm-gaap-ci_ImposteRedditoEsercizioCorrentiDifferiteAnticipateTotaleImposteRedditoEsercizioCorrentiDifferiteAnticipate"/>
    <presentationArc xlink:type="arc" xlink:arcrole="http://www.xbrl.org/2003/arcrole/parent-child" xlink:from="sm-gaap-ci_ImposteRedditoEsercizioCorrentiDifferiteAnticipate" xlink:to="sm-gaap-ci_ImposteRedditoEsercizioCorrentiDifferiteAnticipateTotaleImposteRedditoEsercizioCorrentiDifferiteAnticipate" order="4" priority="0" use="optional"/>
    <loc xlink:type="locator" xlink:href="sm-gaap-ci-2019-01-24.xsd#sm-gaap-ci_UtilePerditaEsercizio" xlink:label="sm-gaap-ci_UtilePerditaEsercizio"/>
    <presentationArc xlink:type="arc" xlink:arcrole="http://www.xbrl.org/2003/arcrole/parent-child" xlink:from="sm-gaap-ci_ContoEconomico" xlink:to="sm-gaap-ci_UtilePerditaEsercizio" order="9" priority="0" use="optional"/>
  </presentationLink>
</linkbase>
