<?xml version="1.0" encoding="UTF-8"?>
<!--
Tassonomia XBRL della Repubblica di San Marino

File: sm-gaap-ci-cal-nirendicontofinanziario-2019-01-24.xml
Versione: 2019-01-24
Sito di riferimento: https://www.xbrl.sm/
Archivio: https://www.xbrl.sm/sm-gaap-ci-2019-01-24.zip
-->
<linkbase xmlns="http://www.xbrl.org/2003/linkbase" xmlns:xsi="http://www.w3.org/2001/XMLSchema-instance" xmlns:xlink="http://www.w3.org/1999/xlink" xsi:schemaLocation="http://www.xbrl.org/2003/linkbase http://www.xbrl.org/2003/xbrl-linkbase-2003-12-31.xsd">
  <roleRef xlink:type="simple" xlink:href="sm-gaap-ci-roles-2019-01-24.xsd#NotaIntegrativaRendicontoFinanziario" roleURI="http://www.xbrl.sm/sm/gaap/role/NotaIntegrativaRendicontoFinanziario"/>
  <calculationLink xlink:type="extended" xlink:role="http://www.xbrl.sm/sm/gaap/role/NotaIntegrativaRendicontoFinanziario">
    <loc xlink:type="locator" xlink:href="sm-gaap-ci-2019-01-24.xsd#sm-gaap-ci_FlussoFinanziarioGestioneReddituale" xlink:label="sm-gaap-ci_FlussoFinanziarioGestioneReddituale"/>
    <loc xlink:type="locator" xlink:href="sm-gaap-ci-2019-01-24.xsd#sm-gaap-ci_UtilePerditaEsercizio" xlink:label="sm-gaap-ci_UtilePerditaEsercizio"/>
    <calculationArc xlink:type="arc" xlink:arcrole="http://www.xbrl.org/2003/arcrole/summation-item" xlink:from="sm-gaap-ci_FlussoFinanziarioGestioneReddituale" xlink:to="sm-gaap-ci_UtilePerditaEsercizio" order="1" weight="1" priority="0" use="optional"/>
    <loc xlink:type="locator" xlink:href="sm-gaap-ci-2019-01-24.xsd#sm-gaap-ci_RettificheElementiNonMonetariNonHannoAvutoContropartitaCapitaleCircolanteNettoAmmortamentiImmobilizzazioni" xlink:label="sm-gaap-ci_RettificheElementiNonMonetariNonHannoAvutoContropartitaCapitaleCircolanteNettoAmmortamentiImmobilizzazioni"/>
    <calculationArc xlink:type="arc" xlink:arcrole="http://www.xbrl.org/2003/arcrole/summation-item" xlink:from="sm-gaap-ci_FlussoFinanziarioGestioneReddituale" xlink:to="sm-gaap-ci_RettificheElementiNonMonetariNonHannoAvutoContropartitaCapitaleCircolanteNettoAmmortamentiImmobilizzazioni" order="2" weight="1" priority="0" use="optional"/>
    <loc xlink:type="locator" xlink:href="sm-gaap-ci-2019-01-24.xsd#sm-gaap-ci_RettificheElementiNonMonetariNonHannoAvutoContropartitaCapitaleCircolanteNettoAccantonamentiFondi" xlink:label="sm-gaap-ci_RettificheElementiNonMonetariNonHannoAvutoContropartitaCapitaleCircolanteNettoAccantonamentiFondi"/>
    <calculationArc xlink:type="arc" xlink:arcrole="http://www.xbrl.org/2003/arcrole/summation-item" xlink:from="sm-gaap-ci_FlussoFinanziarioGestioneReddituale" xlink:to="sm-gaap-ci_RettificheElementiNonMonetariNonHannoAvutoContropartitaCapitaleCircolanteNettoAccantonamentiFondi" order="3" weight="1" priority="0" use="optional"/>
    <loc xlink:type="locator" xlink:href="sm-gaap-ci-2019-01-24.xsd#sm-gaap-ci_RettificheElementiNonMonetariNonHannoAvutoContropartitaCapitaleCircolanteNettoAltreRettificheElementiNonMonetari" xlink:label="sm-gaap-ci_RettificheElementiNonMonetariNonHannoAvutoContropartitaCapitaleCircolanteNettoAltreRettificheElementiNonMonetari"/>
    <calculationArc xlink:type="arc" xlink:arcrole="http://www.xbrl.org/2003/arcrole/summation-item" xlink:from="sm-gaap-ci_FlussoFinanziarioGestioneReddituale" xlink:to="sm-gaap-ci_RettificheElementiNonMonetariNonHannoAvutoContropartitaCapitaleCircolanteNettoAltreRettificheElementiNonMonetari" order="4" weight="1" priority="0" use="optional"/>
    <loc xlink:type="locator" xlink:href="sm-gaap-ci-2019-01-24.xsd#sm-gaap-ci_FlussiFinanziariDerivantiGestioneRedditualePlusvalenzeMinusvalenzeDerivantiCessioneAttivita" xlink:label="sm-gaap-ci_FlussiFinanziariDerivantiGestioneRedditualePlusvalenzeMinusvalenzeDerivantiCessioneAttivita"/>
    <calculationArc xlink:type="arc" xlink:arcrole="http://www.xbrl.org/2003/arcrole/summation-item" xlink:from="sm-gaap-ci_FlussoFinanziarioGestioneReddituale" xlink:to="sm-gaap-ci_FlussiFinanziariDerivantiGestioneRedditualePlusvalenzeMinusvalenzeDerivantiCessioneAttivita" order="5" weight="1" priority="0" use="optional"/>
    <loc xlink:type="locator" xlink:href="sm-gaap-ci-2019-01-24.xsd#sm-gaap-ci_FlussiFinanziariDerivantiGestioneRedditualeUtilizzoFondi" xlink:label="sm-gaap-ci_FlussiFinanziariDerivantiGestioneRedditualeUtilizzoFondi"/>
    <calculationArc xlink:type="arc" xlink:arcrole="http://www.xbrl.org/2003/arcrole/summation-item" xlink:from="sm-gaap-ci_FlussoFinanziarioGestioneReddituale" xlink:to="sm-gaap-ci_FlussiFinanziariDerivantiGestioneRedditualeUtilizzoFondi" order="6" weight="1" priority="0" use="optional"/>
    <loc xlink:type="locator" xlink:href="sm-gaap-ci-2019-01-24.xsd#sm-gaap-ci_VariazioniCapitaleCircolanteNettoDecrementoincrementoCreditiVsClienti" xlink:label="sm-gaap-ci_VariazioniCapitaleCircolanteNettoDecrementoincrementoCreditiVsClienti"/>
    <calculationArc xlink:type="arc" xlink:arcrole="http://www.xbrl.org/2003/arcrole/summation-item" xlink:from="sm-gaap-ci_FlussoFinanziarioGestioneReddituale" xlink:to="sm-gaap-ci_VariazioniCapitaleCircolanteNettoDecrementoincrementoCreditiVsClienti" order="7" weight="1" priority="0" use="optional"/>
    <loc xlink:type="locator" xlink:href="sm-gaap-ci-2019-01-24.xsd#sm-gaap-ci_VariazioniCapitaleCircolanteNettoDecrementoincrementoRimanenze" xlink:label="sm-gaap-ci_VariazioniCapitaleCircolanteNettoDecrementoincrementoRimanenze"/>
    <calculationArc xlink:type="arc" xlink:arcrole="http://www.xbrl.org/2003/arcrole/summation-item" xlink:from="sm-gaap-ci_FlussoFinanziarioGestioneReddituale" xlink:to="sm-gaap-ci_VariazioniCapitaleCircolanteNettoDecrementoincrementoRimanenze" order="8" weight="1" priority="0" use="optional"/>
    <loc xlink:type="locator" xlink:href="sm-gaap-ci-2019-01-24.xsd#sm-gaap-ci_VariazioniCapitaleCircolanteNettoDecrementoincrementoRateiRiscontiAttivi" xlink:label="sm-gaap-ci_VariazioniCapitaleCircolanteNettoDecrementoincrementoRateiRiscontiAttivi"/>
    <calculationArc xlink:type="arc" xlink:arcrole="http://www.xbrl.org/2003/arcrole/summation-item" xlink:from="sm-gaap-ci_FlussoFinanziarioGestioneReddituale" xlink:to="sm-gaap-ci_VariazioniCapitaleCircolanteNettoDecrementoincrementoRateiRiscontiAttivi" order="9" weight="1" priority="0" use="optional"/>
    <loc xlink:type="locator" xlink:href="sm-gaap-ci-2019-01-24.xsd#sm-gaap-ci_VariazioniCapitaleCircolanteNettoIncrementodecrementoDebitiVersoFornitori" xlink:label="sm-gaap-ci_VariazioniCapitaleCircolanteNettoIncrementodecrementoDebitiVersoFornitori"/>
    <calculationArc xlink:type="arc" xlink:arcrole="http://www.xbrl.org/2003/arcrole/summation-item" xlink:from="sm-gaap-ci_FlussoFinanziarioGestioneReddituale" xlink:to="sm-gaap-ci_VariazioniCapitaleCircolanteNettoIncrementodecrementoDebitiVersoFornitori" order="10" weight="1" priority="0" use="optional"/>
    <loc xlink:type="locator" xlink:href="sm-gaap-ci-2019-01-24.xsd#sm-gaap-ci_VariazioniCapitaleCircolanteNettoIncrementodecrementoRateiRiscontiPassivi" xlink:label="sm-gaap-ci_VariazioniCapitaleCircolanteNettoIncrementodecrementoRateiRiscontiPassivi"/>
    <calculationArc xlink:type="arc" xlink:arcrole="http://www.xbrl.org/2003/arcrole/summation-item" xlink:from="sm-gaap-ci_FlussoFinanziarioGestioneReddituale" xlink:to="sm-gaap-ci_VariazioniCapitaleCircolanteNettoIncrementodecrementoRateiRiscontiPassivi" order="11" weight="1" priority="0" use="optional"/>
    <loc xlink:type="locator" xlink:href="sm-gaap-ci-2019-01-24.xsd#sm-gaap-ci_VariazioniCapitaleCircolanteNettoAltriDecrementialtriIncrementiCapitaleCircolanteNetto" xlink:label="sm-gaap-ci_VariazioniCapitaleCircolanteNettoAltriDecrementialtriIncrementiCapitaleCircolanteNetto"/>
    <calculationArc xlink:type="arc" xlink:arcrole="http://www.xbrl.org/2003/arcrole/summation-item" xlink:from="sm-gaap-ci_FlussoFinanziarioGestioneReddituale" xlink:to="sm-gaap-ci_VariazioniCapitaleCircolanteNettoAltriDecrementialtriIncrementiCapitaleCircolanteNetto" order="12" weight="1" priority="0" use="optional"/>
    <loc xlink:type="locator" xlink:href="sm-gaap-ci-2019-01-24.xsd#sm-gaap-ci_FlussoFinanziarioAttivitaInvestimento" xlink:label="sm-gaap-ci_FlussoFinanziarioAttivitaInvestimento"/>
    <loc xlink:type="locator" xlink:href="sm-gaap-ci-2019-01-24.xsd#sm-gaap-ci_FlussiFinanziariDerivantiAttivitaInvestimentoAcquistoImmobilizzazioniTecnichePartecipazioni" xlink:label="sm-gaap-ci_FlussiFinanziariDerivantiAttivitaInvestimentoAcquistoImmobilizzazioniTecnichePartecipazioni"/>
    <calculationArc xlink:type="arc" xlink:arcrole="http://www.xbrl.org/2003/arcrole/summation-item" xlink:from="sm-gaap-ci_FlussoFinanziarioAttivitaInvestimento" xlink:to="sm-gaap-ci_FlussiFinanziariDerivantiAttivitaInvestimentoAcquistoImmobilizzazioniTecnichePartecipazioni" order="1" weight="1" priority="0" use="optional"/>
    <loc xlink:type="locator" xlink:href="sm-gaap-ci-2019-01-24.xsd#sm-gaap-ci_FlussiFinanziariDerivantiAttivitaInvestimentoIncrementoDecrementoDebitiConfrontiFornitoriImmobilizzazioniTecnichePartecipazioni" xlink:label="sm-gaap-ci_FlussiFinanziariDerivantiAttivitaInvestimentoIncrementoDecrementoDebitiConfrontiFornitoriImmobilizzazioniTecnichePartecipazioni"/>
    <calculationArc xlink:type="arc" xlink:arcrole="http://www.xbrl.org/2003/arcrole/summation-item" xlink:from="sm-gaap-ci_FlussoFinanziarioAttivitaInvestimento" xlink:to="sm-gaap-ci_FlussiFinanziariDerivantiAttivitaInvestimentoIncrementoDecrementoDebitiConfrontiFornitoriImmobilizzazioniTecnichePartecipazioni" order="2" weight="1" priority="0" use="optional"/>
    <loc xlink:type="locator" xlink:href="sm-gaap-ci-2019-01-24.xsd#sm-gaap-ci_FlussiFinanziariDerivantiAttivitaInvestimentoCorrispettiviVenditeImmobilizzazioniTecnichePartecipazioni" xlink:label="sm-gaap-ci_FlussiFinanziariDerivantiAttivitaInvestimentoCorrispettiviVenditeImmobilizzazioniTecnichePartecipazioni"/>
    <calculationArc xlink:type="arc" xlink:arcrole="http://www.xbrl.org/2003/arcrole/summation-item" xlink:from="sm-gaap-ci_FlussoFinanziarioAttivitaInvestimento" xlink:to="sm-gaap-ci_FlussiFinanziariDerivantiAttivitaInvestimentoCorrispettiviVenditeImmobilizzazioniTecnichePartecipazioni" order="3" weight="1" priority="0" use="optional"/>
    <loc xlink:type="locator" xlink:href="sm-gaap-ci-2019-01-24.xsd#sm-gaap-ci_FlussoFinanziarioAttivitaFinanziamento" xlink:label="sm-gaap-ci_FlussoFinanziarioAttivitaFinanziamento"/>
    <loc xlink:type="locator" xlink:href="sm-gaap-ci-2019-01-24.xsd#sm-gaap-ci_FlussiFinanziariDerivantiAttivitaFinanziamentoIncrementoDecrementoDebitiBreveVersoBanche" xlink:label="sm-gaap-ci_FlussiFinanziariDerivantiAttivitaFinanziamentoIncrementoDecrementoDebitiBreveVersoBanche"/>
    <calculationArc xlink:type="arc" xlink:arcrole="http://www.xbrl.org/2003/arcrole/summation-item" xlink:from="sm-gaap-ci_FlussoFinanziarioAttivitaFinanziamento" xlink:to="sm-gaap-ci_FlussiFinanziariDerivantiAttivitaFinanziamentoIncrementoDecrementoDebitiBreveVersoBanche" order="1" weight="1" priority="0" use="optional"/>
    <loc xlink:type="locator" xlink:href="sm-gaap-ci-2019-01-24.xsd#sm-gaap-ci_FlussiFinanziariDerivantiAttivitaFinanziamentoAccensioneMutui" xlink:label="sm-gaap-ci_FlussiFinanziariDerivantiAttivitaFinanziamentoAccensioneMutui"/>
    <calculationArc xlink:type="arc" xlink:arcrole="http://www.xbrl.org/2003/arcrole/summation-item" xlink:from="sm-gaap-ci_FlussoFinanziarioAttivitaFinanziamento" xlink:to="sm-gaap-ci_FlussiFinanziariDerivantiAttivitaFinanziamentoAccensioneMutui" order="2" weight="1" priority="0" use="optional"/>
    <loc xlink:type="locator" xlink:href="sm-gaap-ci-2019-01-24.xsd#sm-gaap-ci_FlussiFinanziariDerivantiAttivitaFinanziamentoRimborsoMutui" xlink:label="sm-gaap-ci_FlussiFinanziariDerivantiAttivitaFinanziamentoRimborsoMutui"/>
    <calculationArc xlink:type="arc" xlink:arcrole="http://www.xbrl.org/2003/arcrole/summation-item" xlink:from="sm-gaap-ci_FlussoFinanziarioAttivitaFinanziamento" xlink:to="sm-gaap-ci_FlussiFinanziariDerivantiAttivitaFinanziamentoRimborsoMutui" order="3" weight="1" priority="0" use="optional"/>
    <loc xlink:type="locator" xlink:href="sm-gaap-ci-2019-01-24.xsd#sm-gaap-ci_FlussiFinanziariDerivantiAttivitaFinanziamentoDividendiPagati" xlink:label="sm-gaap-ci_FlussiFinanziariDerivantiAttivitaFinanziamentoDividendiPagati"/>
    <calculationArc xlink:type="arc" xlink:arcrole="http://www.xbrl.org/2003/arcrole/summation-item" xlink:from="sm-gaap-ci_FlussoFinanziarioAttivitaFinanziamento" xlink:to="sm-gaap-ci_FlussiFinanziariDerivantiAttivitaFinanziamentoDividendiPagati" order="4" weight="1" priority="0" use="optional"/>
    <loc xlink:type="locator" xlink:href="sm-gaap-ci-2019-01-24.xsd#sm-gaap-ci_FlussiFinanziariDerivantiAttivitaFinanziamentoAumentoRimborsoCapitaleApporto" xlink:label="sm-gaap-ci_FlussiFinanziariDerivantiAttivitaFinanziamentoAumentoRimborsoCapitaleApporto"/>
    <calculationArc xlink:type="arc" xlink:arcrole="http://www.xbrl.org/2003/arcrole/summation-item" xlink:from="sm-gaap-ci_FlussoFinanziarioAttivitaFinanziamento" xlink:to="sm-gaap-ci_FlussiFinanziariDerivantiAttivitaFinanziamentoAumentoRimborsoCapitaleApporto" order="5" weight="1" priority="0" use="optional"/>
    <loc xlink:type="locator" xlink:href="sm-gaap-ci-2019-01-24.xsd#sm-gaap-ci_FlussiFinanziariDerivantiAttivitaFinanziamentoCessioneAcquistoAzioniProprie" xlink:label="sm-gaap-ci_FlussiFinanziariDerivantiAttivitaFinanziamentoCessioneAcquistoAzioniProprie"/>
    <calculationArc xlink:type="arc" xlink:arcrole="http://www.xbrl.org/2003/arcrole/summation-item" xlink:from="sm-gaap-ci_FlussoFinanziarioAttivitaFinanziamento" xlink:to="sm-gaap-ci_FlussiFinanziariDerivantiAttivitaFinanziamentoCessioneAcquistoAzioniProprie" order="6" weight="1" priority="0" use="optional"/>
    <loc xlink:type="locator" xlink:href="sm-gaap-ci-2019-01-24.xsd#sm-gaap-ci_IncrementoDecrementoDisponibilitaLiquide" xlink:label="sm-gaap-ci_IncrementoDecrementoDisponibilitaLiquide"/>
    <loc xlink:type="locator" xlink:href="sm-gaap-ci-2019-01-24.xsd#sm-gaap-ci_FlussoFinanziarioGestioneReddituale" xlink:label="sm-gaap-ci_FlussoFinanziarioGestioneReddituale"/>
    <calculationArc xlink:type="arc" xlink:arcrole="http://www.xbrl.org/2003/arcrole/summation-item" xlink:from="sm-gaap-ci_IncrementoDecrementoDisponibilitaLiquide" xlink:to="sm-gaap-ci_FlussoFinanziarioGestioneReddituale" order="1" weight="1" priority="0" use="optional"/>
    <loc xlink:type="locator" xlink:href="sm-gaap-ci-2019-01-24.xsd#sm-gaap-ci_FlussoFinanziarioAttivitaInvestimento" xlink:label="sm-gaap-ci_FlussoFinanziarioAttivitaInvestimento"/>
    <calculationArc xlink:type="arc" xlink:arcrole="http://www.xbrl.org/2003/arcrole/summation-item" xlink:from="sm-gaap-ci_IncrementoDecrementoDisponibilitaLiquide" xlink:to="sm-gaap-ci_FlussoFinanziarioAttivitaInvestimento" order="2" weight="1" priority="0" use="optional"/>
    <loc xlink:type="locator" xlink:href="sm-gaap-ci-2019-01-24.xsd#sm-gaap-ci_FlussoFinanziarioAttivitaFinanziamento" xlink:label="sm-gaap-ci_FlussoFinanziarioAttivitaFinanziamento"/>
    <calculationArc xlink:type="arc" xlink:arcrole="http://www.xbrl.org/2003/arcrole/summation-item" xlink:from="sm-gaap-ci_IncrementoDecrementoDisponibilitaLiquide" xlink:to="sm-gaap-ci_FlussoFinanziarioAttivitaFinanziamento" order="3" weight="1" priority="0" use="optional"/>
  </calculationLink>
</linkbase>
