<?xml version="1.0" encoding="UTF-8"?>
<!--
Tassonomia XBRL della Repubblica di San Marino

File: sm-gaap-ci-pre-co-2019-01-24.xml
Versione: 2019-01-24
Sito di riferimento: https://www.xbrl.sm/
Archivio: https://www.xbrl.sm/sm-gaap-ci-2019-01-24.zip
-->
<linkbase xmlns="http://www.xbrl.org/2003/linkbase" xmlns:xsi="http://www.w3.org/2001/XMLSchema-instance" xmlns:xlink="http://www.w3.org/1999/xlink" xsi:schemaLocation="http://www.xbrl.org/2003/linkbase http://www.xbrl.org/2003/xbrl-linkbase-2003-12-31.xsd">
  <roleRef xlink:type="simple" xlink:href="sm-gaap-ci-roles-2019-01-24.xsd#ContiOrdine" roleURI="http://www.xbrl.sm/sm/gaap/role/ContiOrdine"/>
  <presentationLink xlink:type="extended" xlink:role="http://www.xbrl.sm/sm/gaap/role/ContiOrdine">
    <loc xlink:type="locator" xlink:href="sm-gaap-ci-2019-01-24.xsd#sm-gaap-ci_ContiOrdine" xlink:label="sm-gaap-ci_ContiOrdine"/>
    <loc xlink:type="locator" xlink:href="sm-gaap-ci-2019-01-24.xsd#sm-gaap-ci_RischiAssuntiSocieta" xlink:label="sm-gaap-ci_RischiAssuntiSocieta"/>
    <presentationArc xlink:type="arc" xlink:arcrole="http://www.xbrl.org/2003/arcrole/parent-child" xlink:from="sm-gaap-ci_ContiOrdine" xlink:to="sm-gaap-ci_RischiAssuntiSocieta" order="1" priority="0" use="optional"/>
    <loc xlink:type="locator" xlink:href="sm-gaap-ci-2019-01-24.xsd#sm-gaap-ci_RischiAssuntiSocietaFideiussioni" xlink:label="sm-gaap-ci_RischiAssuntiSocietaFideiussioni"/>
    <presentationArc xlink:type="arc" xlink:arcrole="http://www.xbrl.org/2003/arcrole/parent-child" xlink:from="sm-gaap-ci_RischiAssuntiSocieta" xlink:to="sm-gaap-ci_RischiAssuntiSocietaFideiussioni" order="1" priority="0" use="optional"/>
    <loc xlink:type="locator" xlink:href="sm-gaap-ci-2019-01-24.xsd#sm-gaap-ci_RischiAssuntiSocietaFideiussioniSocietaControllate" xlink:label="sm-gaap-ci_RischiAssuntiSocietaFideiussioniSocietaControllate"/>
    <presentationArc xlink:type="arc" xlink:arcrole="http://www.xbrl.org/2003/arcrole/parent-child" xlink:from="sm-gaap-ci_RischiAssuntiSocietaFideiussioni" xlink:to="sm-gaap-ci_RischiAssuntiSocietaFideiussioniSocietaControllate" order="1" priority="0" use="optional"/>
    <loc xlink:type="locator" xlink:href="sm-gaap-ci-2019-01-24.xsd#sm-gaap-ci_RischiAssuntiSocietaFideiussioniSocietaCollegate" xlink:label="sm-gaap-ci_RischiAssuntiSocietaFideiussioniSocietaCollegate"/>
    <presentationArc xlink:type="arc" xlink:arcrole="http://www.xbrl.org/2003/arcrole/parent-child" xlink:from="sm-gaap-ci_RischiAssuntiSocietaFideiussioni" xlink:to="sm-gaap-ci_RischiAssuntiSocietaFideiussioniSocietaCollegate" order="2" priority="0" use="optional"/>
    <loc xlink:type="locator" xlink:href="sm-gaap-ci-2019-01-24.xsd#sm-gaap-ci_RischiAssuntiSocietaFideiussioniSocietaControllanti" xlink:label="sm-gaap-ci_RischiAssuntiSocietaFideiussioniSocietaControllanti"/>
    <presentationArc xlink:type="arc" xlink:arcrole="http://www.xbrl.org/2003/arcrole/parent-child" xlink:from="sm-gaap-ci_RischiAssuntiSocietaFideiussioni" xlink:to="sm-gaap-ci_RischiAssuntiSocietaFideiussioniSocietaControllanti" order="3" priority="0" use="optional"/>
    <loc xlink:type="locator" xlink:href="sm-gaap-ci-2019-01-24.xsd#sm-gaap-ci_RischiAssuntiSocietaFideiussioniSocietaControllateControllanti" xlink:label="sm-gaap-ci_RischiAssuntiSocietaFideiussioniSocietaControllateControllanti"/>
    <presentationArc xlink:type="arc" xlink:arcrole="http://www.xbrl.org/2003/arcrole/parent-child" xlink:from="sm-gaap-ci_RischiAssuntiSocietaFideiussioni" xlink:to="sm-gaap-ci_RischiAssuntiSocietaFideiussioniSocietaControllateControllanti" order="4" priority="0" use="optional"/>
    <loc xlink:type="locator" xlink:href="sm-gaap-ci-2019-01-24.xsd#sm-gaap-ci_RischiAssuntiSocietaFideiussioniAltreSocieta" xlink:label="sm-gaap-ci_RischiAssuntiSocietaFideiussioniAltreSocieta"/>
    <presentationArc xlink:type="arc" xlink:arcrole="http://www.xbrl.org/2003/arcrole/parent-child" xlink:from="sm-gaap-ci_RischiAssuntiSocietaFideiussioni" xlink:to="sm-gaap-ci_RischiAssuntiSocietaFideiussioniAltreSocieta" order="5" priority="0" use="optional"/>
    <loc xlink:type="locator" xlink:href="sm-gaap-ci-2019-01-24.xsd#sm-gaap-ci_RischiAssuntiSocietaFideiussioniTotaleFideiussioni" xlink:label="sm-gaap-ci_RischiAssuntiSocietaFideiussioniTotaleFideiussioni"/>
    <presentationArc xlink:type="arc" xlink:arcrole="http://www.xbrl.org/2003/arcrole/parent-child" xlink:from="sm-gaap-ci_RischiAssuntiSocietaFideiussioni" xlink:to="sm-gaap-ci_RischiAssuntiSocietaFideiussioniTotaleFideiussioni" order="6" priority="0" use="optional"/>
    <loc xlink:type="locator" xlink:href="sm-gaap-ci-2019-01-24.xsd#sm-gaap-ci_RischiAssuntiSocietaAvalli" xlink:label="sm-gaap-ci_RischiAssuntiSocietaAvalli"/>
    <presentationArc xlink:type="arc" xlink:arcrole="http://www.xbrl.org/2003/arcrole/parent-child" xlink:from="sm-gaap-ci_RischiAssuntiSocieta" xlink:to="sm-gaap-ci_RischiAssuntiSocietaAvalli" order="2" priority="0" use="optional"/>
    <loc xlink:type="locator" xlink:href="sm-gaap-ci-2019-01-24.xsd#sm-gaap-ci_RischiAssuntiSocietaAvalliSocietaControllate" xlink:label="sm-gaap-ci_RischiAssuntiSocietaAvalliSocietaControllate"/>
    <presentationArc xlink:type="arc" xlink:arcrole="http://www.xbrl.org/2003/arcrole/parent-child" xlink:from="sm-gaap-ci_RischiAssuntiSocietaAvalli" xlink:to="sm-gaap-ci_RischiAssuntiSocietaAvalliSocietaControllate" order="1" priority="0" use="optional"/>
    <loc xlink:type="locator" xlink:href="sm-gaap-ci-2019-01-24.xsd#sm-gaap-ci_RischiAssuntiSocietaAvalliSocietaCollegate" xlink:label="sm-gaap-ci_RischiAssuntiSocietaAvalliSocietaCollegate"/>
    <presentationArc xlink:type="arc" xlink:arcrole="http://www.xbrl.org/2003/arcrole/parent-child" xlink:from="sm-gaap-ci_RischiAssuntiSocietaAvalli" xlink:to="sm-gaap-ci_RischiAssuntiSocietaAvalliSocietaCollegate" order="2" priority="0" use="optional"/>
    <loc xlink:type="locator" xlink:href="sm-gaap-ci-2019-01-24.xsd#sm-gaap-ci_RischiAssuntiSocietaAvalliSocietaControllanti" xlink:label="sm-gaap-ci_RischiAssuntiSocietaAvalliSocietaControllanti"/>
    <presentationArc xlink:type="arc" xlink:arcrole="http://www.xbrl.org/2003/arcrole/parent-child" xlink:from="sm-gaap-ci_RischiAssuntiSocietaAvalli" xlink:to="sm-gaap-ci_RischiAssuntiSocietaAvalliSocietaControllanti" order="3" priority="0" use="optional"/>
    <loc xlink:type="locator" xlink:href="sm-gaap-ci-2019-01-24.xsd#sm-gaap-ci_RischiAssuntiSocietaAvalliSocietaControllateControllanti" xlink:label="sm-gaap-ci_RischiAssuntiSocietaAvalliSocietaControllateControllanti"/>
    <presentationArc xlink:type="arc" xlink:arcrole="http://www.xbrl.org/2003/arcrole/parent-child" xlink:from="sm-gaap-ci_RischiAssuntiSocietaAvalli" xlink:to="sm-gaap-ci_RischiAssuntiSocietaAvalliSocietaControllateControllanti" order="4" priority="0" use="optional"/>
    <loc xlink:type="locator" xlink:href="sm-gaap-ci-2019-01-24.xsd#sm-gaap-ci_RischiAssuntiSocietaAvalliAltreSocieta" xlink:label="sm-gaap-ci_RischiAssuntiSocietaAvalliAltreSocieta"/>
    <presentationArc xlink:type="arc" xlink:arcrole="http://www.xbrl.org/2003/arcrole/parent-child" xlink:from="sm-gaap-ci_RischiAssuntiSocietaAvalli" xlink:to="sm-gaap-ci_RischiAssuntiSocietaAvalliAltreSocieta" order="5" priority="0" use="optional"/>
    <loc xlink:type="locator" xlink:href="sm-gaap-ci-2019-01-24.xsd#sm-gaap-ci_RischiAssuntiSocietaAvalliTotaleAvalli" xlink:label="sm-gaap-ci_RischiAssuntiSocietaAvalliTotaleAvalli"/>
    <presentationArc xlink:type="arc" xlink:arcrole="http://www.xbrl.org/2003/arcrole/parent-child" xlink:from="sm-gaap-ci_RischiAssuntiSocietaAvalli" xlink:to="sm-gaap-ci_RischiAssuntiSocietaAvalliTotaleAvalli" order="6" priority="0" use="optional"/>
    <loc xlink:type="locator" xlink:href="sm-gaap-ci-2019-01-24.xsd#sm-gaap-ci_RischiAssuntiSocietaAltreGaranziePersonali" xlink:label="sm-gaap-ci_RischiAssuntiSocietaAltreGaranziePersonali"/>
    <presentationArc xlink:type="arc" xlink:arcrole="http://www.xbrl.org/2003/arcrole/parent-child" xlink:from="sm-gaap-ci_RischiAssuntiSocieta" xlink:to="sm-gaap-ci_RischiAssuntiSocietaAltreGaranziePersonali" order="3" priority="0" use="optional"/>
    <loc xlink:type="locator" xlink:href="sm-gaap-ci-2019-01-24.xsd#sm-gaap-ci_RischiAssuntiSocietaAltreGaranziePersonaliSocietaControllate" xlink:label="sm-gaap-ci_RischiAssuntiSocietaAltreGaranziePersonaliSocietaControllate"/>
    <presentationArc xlink:type="arc" xlink:arcrole="http://www.xbrl.org/2003/arcrole/parent-child" xlink:from="sm-gaap-ci_RischiAssuntiSocietaAltreGaranziePersonali" xlink:to="sm-gaap-ci_RischiAssuntiSocietaAltreGaranziePersonaliSocietaControllate" order="1" priority="0" use="optional"/>
    <loc xlink:type="locator" xlink:href="sm-gaap-ci-2019-01-24.xsd#sm-gaap-ci_RischiAssuntiSocietaAltreGaranziePersonaliSocietaCollegate" xlink:label="sm-gaap-ci_RischiAssuntiSocietaAltreGaranziePersonaliSocietaCollegate"/>
    <presentationArc xlink:type="arc" xlink:arcrole="http://www.xbrl.org/2003/arcrole/parent-child" xlink:from="sm-gaap-ci_RischiAssuntiSocietaAltreGaranziePersonali" xlink:to="sm-gaap-ci_RischiAssuntiSocietaAltreGaranziePersonaliSocietaCollegate" order="2" priority="0" use="optional"/>
    <loc xlink:type="locator" xlink:href="sm-gaap-ci-2019-01-24.xsd#sm-gaap-ci_RischiAssuntiSocietaAltreGaranziePersonaliSocietaControllanti" xlink:label="sm-gaap-ci_RischiAssuntiSocietaAltreGaranziePersonaliSocietaControllanti"/>
    <presentationArc xlink:type="arc" xlink:arcrole="http://www.xbrl.org/2003/arcrole/parent-child" xlink:from="sm-gaap-ci_RischiAssuntiSocietaAltreGaranziePersonali" xlink:to="sm-gaap-ci_RischiAssuntiSocietaAltreGaranziePersonaliSocietaControllanti" order="3" priority="0" use="optional"/>
    <loc xlink:type="locator" xlink:href="sm-gaap-ci-2019-01-24.xsd#sm-gaap-ci_RischiAssuntiSocietaAltreGaranziePersonaliSocietaControllateControllanti" xlink:label="sm-gaap-ci_RischiAssuntiSocietaAltreGaranziePersonaliSocietaControllateControllanti"/>
    <presentationArc xlink:type="arc" xlink:arcrole="http://www.xbrl.org/2003/arcrole/parent-child" xlink:from="sm-gaap-ci_RischiAssuntiSocietaAltreGaranziePersonali" xlink:to="sm-gaap-ci_RischiAssuntiSocietaAltreGaranziePersonaliSocietaControllateControllanti" order="4" priority="0" use="optional"/>
    <loc xlink:type="locator" xlink:href="sm-gaap-ci-2019-01-24.xsd#sm-gaap-ci_RischiAssuntiSocietaAltreGaranziePersonaliAltreSocieta" xlink:label="sm-gaap-ci_RischiAssuntiSocietaAltreGaranziePersonaliAltreSocieta"/>
    <presentationArc xlink:type="arc" xlink:arcrole="http://www.xbrl.org/2003/arcrole/parent-child" xlink:from="sm-gaap-ci_RischiAssuntiSocietaAltreGaranziePersonali" xlink:to="sm-gaap-ci_RischiAssuntiSocietaAltreGaranziePersonaliAltreSocieta" order="5" priority="0" use="optional"/>
    <loc xlink:type="locator" xlink:href="sm-gaap-ci-2019-01-24.xsd#sm-gaap-ci_RischiAssuntiSocietaAltreGaranziePersonaliTotaleAltreGaranziePersonali" xlink:label="sm-gaap-ci_RischiAssuntiSocietaAltreGaranziePersonaliTotaleAltreGaranziePersonali"/>
    <presentationArc xlink:type="arc" xlink:arcrole="http://www.xbrl.org/2003/arcrole/parent-child" xlink:from="sm-gaap-ci_RischiAssuntiSocietaAltreGaranziePersonali" xlink:to="sm-gaap-ci_RischiAssuntiSocietaAltreGaranziePersonaliTotaleAltreGaranziePersonali" order="6" priority="0" use="optional"/>
    <loc xlink:type="locator" xlink:href="sm-gaap-ci-2019-01-24.xsd#sm-gaap-ci_RischiAssuntiSocietaGaranzieReali" xlink:label="sm-gaap-ci_RischiAssuntiSocietaGaranzieReali"/>
    <presentationArc xlink:type="arc" xlink:arcrole="http://www.xbrl.org/2003/arcrole/parent-child" xlink:from="sm-gaap-ci_RischiAssuntiSocieta" xlink:to="sm-gaap-ci_RischiAssuntiSocietaGaranzieReali" order="4" priority="0" use="optional"/>
    <loc xlink:type="locator" xlink:href="sm-gaap-ci-2019-01-24.xsd#sm-gaap-ci_RischiAssuntiSocietaGaranzieRealiSocietaControllate" xlink:label="sm-gaap-ci_RischiAssuntiSocietaGaranzieRealiSocietaControllate"/>
    <presentationArc xlink:type="arc" xlink:arcrole="http://www.xbrl.org/2003/arcrole/parent-child" xlink:from="sm-gaap-ci_RischiAssuntiSocietaGaranzieReali" xlink:to="sm-gaap-ci_RischiAssuntiSocietaGaranzieRealiSocietaControllate" order="1" priority="0" use="optional"/>
    <loc xlink:type="locator" xlink:href="sm-gaap-ci-2019-01-24.xsd#sm-gaap-ci_RischiAssuntiSocietaGaranzieRealiSocietaCollegate" xlink:label="sm-gaap-ci_RischiAssuntiSocietaGaranzieRealiSocietaCollegate"/>
    <presentationArc xlink:type="arc" xlink:arcrole="http://www.xbrl.org/2003/arcrole/parent-child" xlink:from="sm-gaap-ci_RischiAssuntiSocietaGaranzieReali" xlink:to="sm-gaap-ci_RischiAssuntiSocietaGaranzieRealiSocietaCollegate" order="2" priority="0" use="optional"/>
    <loc xlink:type="locator" xlink:href="sm-gaap-ci-2019-01-24.xsd#sm-gaap-ci_RischiAssuntiSocietaGaranzieRealiSocietaControllanti" xlink:label="sm-gaap-ci_RischiAssuntiSocietaGaranzieRealiSocietaControllanti"/>
    <presentationArc xlink:type="arc" xlink:arcrole="http://www.xbrl.org/2003/arcrole/parent-child" xlink:from="sm-gaap-ci_RischiAssuntiSocietaGaranzieReali" xlink:to="sm-gaap-ci_RischiAssuntiSocietaGaranzieRealiSocietaControllanti" order="3" priority="0" use="optional"/>
    <loc xlink:type="locator" xlink:href="sm-gaap-ci-2019-01-24.xsd#sm-gaap-ci_RischiAssuntiSocietaGaranzieRealiSocietaControllateControllanti" xlink:label="sm-gaap-ci_RischiAssuntiSocietaGaranzieRealiSocietaControllateControllanti"/>
    <presentationArc xlink:type="arc" xlink:arcrole="http://www.xbrl.org/2003/arcrole/parent-child" xlink:from="sm-gaap-ci_RischiAssuntiSocietaGaranzieReali" xlink:to="sm-gaap-ci_RischiAssuntiSocietaGaranzieRealiSocietaControllateControllanti" order="4" priority="0" use="optional"/>
    <loc xlink:type="locator" xlink:href="sm-gaap-ci-2019-01-24.xsd#sm-gaap-ci_RischiAssuntiSocietaGaranzieRealiAltreSocieta" xlink:label="sm-gaap-ci_RischiAssuntiSocietaGaranzieRealiAltreSocieta"/>
    <presentationArc xlink:type="arc" xlink:arcrole="http://www.xbrl.org/2003/arcrole/parent-child" xlink:from="sm-gaap-ci_RischiAssuntiSocietaGaranzieReali" xlink:to="sm-gaap-ci_RischiAssuntiSocietaGaranzieRealiAltreSocieta" order="5" priority="0" use="optional"/>
    <loc xlink:type="locator" xlink:href="sm-gaap-ci-2019-01-24.xsd#sm-gaap-ci_RischiAssuntiSocietaGaranzieRealiTotaleGaranzieReali" xlink:label="sm-gaap-ci_RischiAssuntiSocietaGaranzieRealiTotaleGaranzieReali"/>
    <presentationArc xlink:type="arc" xlink:arcrole="http://www.xbrl.org/2003/arcrole/parent-child" xlink:from="sm-gaap-ci_RischiAssuntiSocietaGaranzieReali" xlink:to="sm-gaap-ci_RischiAssuntiSocietaGaranzieRealiTotaleGaranzieReali" order="6" priority="0" use="optional"/>
    <loc xlink:type="locator" xlink:href="sm-gaap-ci-2019-01-24.xsd#sm-gaap-ci_RischiAssuntiSocietaAltriRischi" xlink:label="sm-gaap-ci_RischiAssuntiSocietaAltriRischi"/>
    <presentationArc xlink:type="arc" xlink:arcrole="http://www.xbrl.org/2003/arcrole/parent-child" xlink:from="sm-gaap-ci_RischiAssuntiSocieta" xlink:to="sm-gaap-ci_RischiAssuntiSocietaAltriRischi" order="5" priority="0" use="optional"/>
    <loc xlink:type="locator" xlink:href="sm-gaap-ci-2019-01-24.xsd#sm-gaap-ci_RischiAssuntiSocietaAltriRischiCreditiCedutiProSolvendo" xlink:label="sm-gaap-ci_RischiAssuntiSocietaAltriRischiCreditiCedutiProSolvendo"/>
    <presentationArc xlink:type="arc" xlink:arcrole="http://www.xbrl.org/2003/arcrole/parent-child" xlink:from="sm-gaap-ci_RischiAssuntiSocietaAltriRischi" xlink:to="sm-gaap-ci_RischiAssuntiSocietaAltriRischiCreditiCedutiProSolvendo" order="1" priority="0" use="optional"/>
    <loc xlink:type="locator" xlink:href="sm-gaap-ci-2019-01-24.xsd#sm-gaap-ci_RischiAssuntiSocietaAltriRischiAltri" xlink:label="sm-gaap-ci_RischiAssuntiSocietaAltriRischiAltri"/>
    <presentationArc xlink:type="arc" xlink:arcrole="http://www.xbrl.org/2003/arcrole/parent-child" xlink:from="sm-gaap-ci_RischiAssuntiSocietaAltriRischi" xlink:to="sm-gaap-ci_RischiAssuntiSocietaAltriRischiAltri" order="2" priority="0" use="optional"/>
    <loc xlink:type="locator" xlink:href="sm-gaap-ci-2019-01-24.xsd#sm-gaap-ci_RischiAssuntiSocietaAltriRischiTotaleAltriRischi" xlink:label="sm-gaap-ci_RischiAssuntiSocietaAltriRischiTotaleAltriRischi"/>
    <presentationArc xlink:type="arc" xlink:arcrole="http://www.xbrl.org/2003/arcrole/parent-child" xlink:from="sm-gaap-ci_RischiAssuntiSocietaAltriRischi" xlink:to="sm-gaap-ci_RischiAssuntiSocietaAltriRischiTotaleAltriRischi" order="3" priority="0" use="optional"/>
    <loc xlink:type="locator" xlink:href="sm-gaap-ci-2019-01-24.xsd#sm-gaap-ci_TotaleRischiAssuntiSocieta" xlink:label="sm-gaap-ci_TotaleRischiAssuntiSocieta"/>
    <presentationArc xlink:type="arc" xlink:arcrole="http://www.xbrl.org/2003/arcrole/parent-child" xlink:from="sm-gaap-ci_RischiAssuntiSocieta" xlink:to="sm-gaap-ci_TotaleRischiAssuntiSocieta" order="6" priority="0" use="optional"/>
    <loc xlink:type="locator" xlink:href="sm-gaap-ci-2019-01-24.xsd#sm-gaap-ci_ImpegniAssuntiSocieta" xlink:label="sm-gaap-ci_ImpegniAssuntiSocieta"/>
    <presentationArc xlink:type="arc" xlink:arcrole="http://www.xbrl.org/2003/arcrole/parent-child" xlink:from="sm-gaap-ci_ContiOrdine" xlink:to="sm-gaap-ci_ImpegniAssuntiSocieta" order="2" priority="0" use="optional"/>
    <loc xlink:type="locator" xlink:href="sm-gaap-ci-2019-01-24.xsd#sm-gaap-ci_ImpegniAssuntiSocietaCanoniLeasingScadere" xlink:label="sm-gaap-ci_ImpegniAssuntiSocietaCanoniLeasingScadere"/>
    <presentationArc xlink:type="arc" xlink:arcrole="http://www.xbrl.org/2003/arcrole/parent-child" xlink:from="sm-gaap-ci_ImpegniAssuntiSocieta" xlink:to="sm-gaap-ci_ImpegniAssuntiSocietaCanoniLeasingScadere" order="1" priority="0" use="optional"/>
    <loc xlink:type="locator" xlink:href="sm-gaap-ci-2019-01-24.xsd#sm-gaap-ci_ImpegniAssuntiSocietaAltri" xlink:label="sm-gaap-ci_ImpegniAssuntiSocietaAltri"/>
    <presentationArc xlink:type="arc" xlink:arcrole="http://www.xbrl.org/2003/arcrole/parent-child" xlink:from="sm-gaap-ci_ImpegniAssuntiSocieta" xlink:to="sm-gaap-ci_ImpegniAssuntiSocietaAltri" order="2" priority="0" use="optional"/>
    <loc xlink:type="locator" xlink:href="sm-gaap-ci-2019-01-24.xsd#sm-gaap-ci_TotaleImpegniAssuntiSocieta" xlink:label="sm-gaap-ci_TotaleImpegniAssuntiSocieta"/>
    <presentationArc xlink:type="arc" xlink:arcrole="http://www.xbrl.org/2003/arcrole/parent-child" xlink:from="sm-gaap-ci_ImpegniAssuntiSocieta" xlink:to="sm-gaap-ci_TotaleImpegniAssuntiSocieta" order="3" priority="0" use="optional"/>
    <loc xlink:type="locator" xlink:href="sm-gaap-ci-2019-01-24.xsd#sm-gaap-ci_BeniTerziPressoSocieta" xlink:label="sm-gaap-ci_BeniTerziPressoSocieta"/>
    <presentationArc xlink:type="arc" xlink:arcrole="http://www.xbrl.org/2003/arcrole/parent-child" xlink:from="sm-gaap-ci_ContiOrdine" xlink:to="sm-gaap-ci_BeniTerziPressoSocieta" order="3" priority="0" use="optional"/>
    <loc xlink:type="locator" xlink:href="sm-gaap-ci-2019-01-24.xsd#sm-gaap-ci_BeniTerziPressoSocietaMerciContoLavorazione" xlink:label="sm-gaap-ci_BeniTerziPressoSocietaMerciContoLavorazione"/>
    <presentationArc xlink:type="arc" xlink:arcrole="http://www.xbrl.org/2003/arcrole/parent-child" xlink:from="sm-gaap-ci_BeniTerziPressoSocieta" xlink:to="sm-gaap-ci_BeniTerziPressoSocietaMerciContoLavorazione" order="1" priority="0" use="optional"/>
    <loc xlink:type="locator" xlink:href="sm-gaap-ci-2019-01-24.xsd#sm-gaap-ci_BeniTerziPressoSocietaBeniPressoSocietaTitoloDepositoComodato" xlink:label="sm-gaap-ci_BeniTerziPressoSocietaBeniPressoSocietaTitoloDepositoComodato"/>
    <presentationArc xlink:type="arc" xlink:arcrole="http://www.xbrl.org/2003/arcrole/parent-child" xlink:from="sm-gaap-ci_BeniTerziPressoSocieta" xlink:to="sm-gaap-ci_BeniTerziPressoSocietaBeniPressoSocietaTitoloDepositoComodato" order="2" priority="0" use="optional"/>
    <loc xlink:type="locator" xlink:href="sm-gaap-ci-2019-01-24.xsd#sm-gaap-ci_BeniTerziPressoSocietaBeniPressoSocietaPegnoCauzione" xlink:label="sm-gaap-ci_BeniTerziPressoSocietaBeniPressoSocietaPegnoCauzione"/>
    <presentationArc xlink:type="arc" xlink:arcrole="http://www.xbrl.org/2003/arcrole/parent-child" xlink:from="sm-gaap-ci_BeniTerziPressoSocieta" xlink:to="sm-gaap-ci_BeniTerziPressoSocietaBeniPressoSocietaPegnoCauzione" order="3" priority="0" use="optional"/>
    <loc xlink:type="locator" xlink:href="sm-gaap-ci-2019-01-24.xsd#sm-gaap-ci_BeniTerziPressoSocietaBeniTerziLeasing" xlink:label="sm-gaap-ci_BeniTerziPressoSocietaBeniTerziLeasing"/>
    <presentationArc xlink:type="arc" xlink:arcrole="http://www.xbrl.org/2003/arcrole/parent-child" xlink:from="sm-gaap-ci_BeniTerziPressoSocieta" xlink:to="sm-gaap-ci_BeniTerziPressoSocietaBeniTerziLeasing" order="4" priority="0" use="optional"/>
    <loc xlink:type="locator" xlink:href="sm-gaap-ci-2019-01-24.xsd#sm-gaap-ci_BeniTerziPressoSocietaAltro" xlink:label="sm-gaap-ci_BeniTerziPressoSocietaAltro"/>
    <presentationArc xlink:type="arc" xlink:arcrole="http://www.xbrl.org/2003/arcrole/parent-child" xlink:from="sm-gaap-ci_BeniTerziPressoSocieta" xlink:to="sm-gaap-ci_BeniTerziPressoSocietaAltro" order="5" priority="0" use="optional"/>
    <loc xlink:type="locator" xlink:href="sm-gaap-ci-2019-01-24.xsd#sm-gaap-ci_TotaleBeniTerziPressoSocieta" xlink:label="sm-gaap-ci_TotaleBeniTerziPressoSocieta"/>
    <presentationArc xlink:type="arc" xlink:arcrole="http://www.xbrl.org/2003/arcrole/parent-child" xlink:from="sm-gaap-ci_BeniTerziPressoSocieta" xlink:to="sm-gaap-ci_TotaleBeniTerziPressoSocieta" order="6" priority="0" use="optional"/>
    <loc xlink:type="locator" xlink:href="sm-gaap-ci-2019-01-24.xsd#sm-gaap-ci_AltriContiOrdine" xlink:label="sm-gaap-ci_AltriContiOrdine"/>
    <presentationArc xlink:type="arc" xlink:arcrole="http://www.xbrl.org/2003/arcrole/parent-child" xlink:from="sm-gaap-ci_ContiOrdine" xlink:to="sm-gaap-ci_AltriContiOrdine" order="4" priority="0" use="optional"/>
    <loc xlink:type="locator" xlink:href="sm-gaap-ci-2019-01-24.xsd#sm-gaap-ci_TotaleAltriContiOrdine" xlink:label="sm-gaap-ci_TotaleAltriContiOrdine"/>
    <presentationArc xlink:type="arc" xlink:arcrole="http://www.xbrl.org/2003/arcrole/parent-child" xlink:from="sm-gaap-ci_AltriContiOrdine" xlink:to="sm-gaap-ci_TotaleAltriContiOrdine" order="1" priority="0" use="optional"/>
    <loc xlink:type="locator" xlink:href="sm-gaap-ci-2019-01-24.xsd#sm-gaap-ci_TotaleContiOrdine" xlink:label="sm-gaap-ci_TotaleContiOrdine"/>
    <presentationArc xlink:type="arc" xlink:arcrole="http://www.xbrl.org/2003/arcrole/parent-child" xlink:from="sm-gaap-ci_ContiOrdine" xlink:to="sm-gaap-ci_TotaleContiOrdine" order="5" priority="0" use="optional"/>
  </presentationLink>
</linkbase>
