<?xml version="1.0" encoding="UTF-8"?>
<!--
Tassonomia XBRL della Repubblica di San Marino

File: sm-gaap-ci-pre-info-2019-01-24.xml
Versione: 2019-01-24
Sito di riferimento: https://www.xbrl.sm/
Archivio: https://www.xbrl.sm/sm-gaap-ci-2019-01-24.zip
-->
<linkbase xmlns="http://www.xbrl.org/2003/linkbase" xmlns:xsi="http://www.w3.org/2001/XMLSchema-instance" xmlns:xlink="http://www.w3.org/1999/xlink" xsi:schemaLocation="http://www.xbrl.org/2003/linkbase http://www.xbrl.org/2003/xbrl-linkbase-2003-12-31.xsd">
  <roleRef xlink:type="simple" xlink:href="sm-gaap-ci-roles-2019-01-24.xsd#InfoGenerali" roleURI="http://www.xbrl.sm/sm/gaap/role/InfoGenerali"/>
  <presentationLink xlink:type="extended" xlink:role="http://www.xbrl.sm/sm/gaap/role/InfoGenerali">
    <loc xlink:type="locator" xlink:href="sm-gaap-ci-2019-01-24.xsd#sm-gaap-ci_InformazioniGeneraliSocieta" xlink:label="sm-gaap-ci_InformazioniGeneraliSocieta"/>
    <loc xlink:type="locator" xlink:href="sm-gaap-ci-2019-01-24.xsd#sm-gaap-ci_DatiAnagrafici" xlink:label="sm-gaap-ci_DatiAnagrafici"/>
    <presentationArc xlink:type="arc" xlink:arcrole="http://www.xbrl.org/2003/arcrole/parent-child" xlink:from="sm-gaap-ci_InformazioniGeneraliSocieta" xlink:to="sm-gaap-ci_DatiAnagrafici" order="1" priority="0" use="optional"/>
    <loc xlink:type="locator" xlink:href="sm-gaap-ci-2019-01-24.xsd#sm-gaap-ci_DatiAnagraficiDenominazione" xlink:label="sm-gaap-ci_DatiAnagraficiDenominazione"/>
    <presentationArc xlink:type="arc" xlink:arcrole="http://www.xbrl.org/2003/arcrole/parent-child" xlink:from="sm-gaap-ci_DatiAnagrafici" xlink:to="sm-gaap-ci_DatiAnagraficiDenominazione" order="1" priority="0" use="optional"/>
    <loc xlink:type="locator" xlink:href="sm-gaap-ci-2019-01-24.xsd#sm-gaap-ci_DatiAnagraficiSede" xlink:label="sm-gaap-ci_DatiAnagraficiSede"/>
    <presentationArc xlink:type="arc" xlink:arcrole="http://www.xbrl.org/2003/arcrole/parent-child" xlink:from="sm-gaap-ci_DatiAnagrafici" xlink:to="sm-gaap-ci_DatiAnagraficiSede" order="2" priority="0" use="optional"/>
    <loc xlink:type="locator" xlink:href="sm-gaap-ci-2019-01-24.xsd#sm-gaap-ci_DatiAnagraficiCapitaleSociale" xlink:label="sm-gaap-ci_DatiAnagraficiCapitaleSociale"/>
    <presentationArc xlink:type="arc" xlink:arcrole="http://www.xbrl.org/2003/arcrole/parent-child" xlink:from="sm-gaap-ci_DatiAnagrafici" xlink:to="sm-gaap-ci_DatiAnagraficiCapitaleSociale" order="3" priority="0" use="optional"/>
    <loc xlink:type="locator" xlink:href="sm-gaap-ci-2019-01-24.xsd#sm-gaap-ci_DatiAnagraficiCapitaleSocialeInteramenteVersato" xlink:label="sm-gaap-ci_DatiAnagraficiCapitaleSocialeInteramenteVersato"/>
    <presentationArc xlink:type="arc" xlink:arcrole="http://www.xbrl.org/2003/arcrole/parent-child" xlink:from="sm-gaap-ci_DatiAnagrafici" xlink:to="sm-gaap-ci_DatiAnagraficiCapitaleSocialeInteramenteVersato" order="4" priority="0" use="optional"/>
    <loc xlink:type="locator" xlink:href="sm-gaap-ci-2019-01-24.xsd#sm-gaap-ci_DatiAnagraficiCoeSm" xlink:label="sm-gaap-ci_DatiAnagraficiCoeSm"/>
    <presentationArc xlink:type="arc" xlink:arcrole="http://www.xbrl.org/2003/arcrole/parent-child" xlink:from="sm-gaap-ci_DatiAnagrafici" xlink:to="sm-gaap-ci_DatiAnagraficiCoeSm" order="5" priority="0" use="optional"/>
    <loc xlink:type="locator" xlink:href="sm-gaap-ci-2019-01-24.xsd#sm-gaap-ci_DatiAnagraficiCodiceFiscaleStabileOrganizzazione" xlink:label="sm-gaap-ci_DatiAnagraficiCodiceFiscaleStabileOrganizzazione"/>
    <presentationArc xlink:type="arc" xlink:arcrole="http://www.xbrl.org/2003/arcrole/parent-child" xlink:from="sm-gaap-ci_DatiAnagrafici" xlink:to="sm-gaap-ci_DatiAnagraficiCodiceFiscaleStabileOrganizzazione" order="6" priority="0" use="optional"/>
    <loc xlink:type="locator" xlink:href="sm-gaap-ci-2019-01-24.xsd#sm-gaap-ci_DatiAnagraficiNumeroIscrizioneRegistroSocieta" xlink:label="sm-gaap-ci_DatiAnagraficiNumeroIscrizioneRegistroSocieta"/>
    <presentationArc xlink:type="arc" xlink:arcrole="http://www.xbrl.org/2003/arcrole/parent-child" xlink:from="sm-gaap-ci_DatiAnagrafici" xlink:to="sm-gaap-ci_DatiAnagraficiNumeroIscrizioneRegistroSocieta" order="7" priority="0" use="optional"/>
    <loc xlink:type="locator" xlink:href="sm-gaap-ci-2019-01-24.xsd#sm-gaap-ci_DatiAnagraficiFormaGiuridica" xlink:label="sm-gaap-ci_DatiAnagraficiFormaGiuridica"/>
    <presentationArc xlink:type="arc" xlink:arcrole="http://www.xbrl.org/2003/arcrole/parent-child" xlink:from="sm-gaap-ci_DatiAnagrafici" xlink:to="sm-gaap-ci_DatiAnagraficiFormaGiuridica" order="8" priority="0" use="optional"/>
    <loc xlink:type="locator" xlink:href="sm-gaap-ci-2019-01-24.xsd#sm-gaap-ci_DatiAnagraficiSettoreAttivitaPrevalenteAteco" xlink:label="sm-gaap-ci_DatiAnagraficiSettoreAttivitaPrevalenteAteco"/>
    <presentationArc xlink:type="arc" xlink:arcrole="http://www.xbrl.org/2003/arcrole/parent-child" xlink:from="sm-gaap-ci_DatiAnagrafici" xlink:to="sm-gaap-ci_DatiAnagraficiSettoreAttivitaPrevalenteAteco" order="9" priority="0" use="optional"/>
    <loc xlink:type="locator" xlink:href="sm-gaap-ci-2019-01-24.xsd#sm-gaap-ci_DatiAnagraficiSocietaLiquidazione" xlink:label="sm-gaap-ci_DatiAnagraficiSocietaLiquidazione"/>
    <presentationArc xlink:type="arc" xlink:arcrole="http://www.xbrl.org/2003/arcrole/parent-child" xlink:from="sm-gaap-ci_DatiAnagrafici" xlink:to="sm-gaap-ci_DatiAnagraficiSocietaLiquidazione" order="10" priority="0" use="optional"/>
    <loc xlink:type="locator" xlink:href="sm-gaap-ci-2019-01-24.xsd#sm-gaap-ci_DatiAnagraficiSocietaConSocioUnico" xlink:label="sm-gaap-ci_DatiAnagraficiSocietaConSocioUnico"/>
    <presentationArc xlink:type="arc" xlink:arcrole="http://www.xbrl.org/2003/arcrole/parent-child" xlink:from="sm-gaap-ci_DatiAnagrafici" xlink:to="sm-gaap-ci_DatiAnagraficiSocietaConSocioUnico" order="11" priority="0" use="optional"/>
    <loc xlink:type="locator" xlink:href="sm-gaap-ci-2019-01-24.xsd#sm-gaap-ci_DatiAnagraficiSocietaSottopostaAltruiAttivitaDirezioneCoordinamento" xlink:label="sm-gaap-ci_DatiAnagraficiSocietaSottopostaAltruiAttivitaDirezioneCoordinamento"/>
    <presentationArc xlink:type="arc" xlink:arcrole="http://www.xbrl.org/2003/arcrole/parent-child" xlink:from="sm-gaap-ci_DatiAnagrafici" xlink:to="sm-gaap-ci_DatiAnagraficiSocietaSottopostaAltruiAttivitaDirezioneCoordinamento" order="12" priority="0" use="optional"/>
    <loc xlink:type="locator" xlink:href="sm-gaap-ci-2019-01-24.xsd#sm-gaap-ci_DatiAnagraficiDenominazioneSocietaEnteEsercitaAttivitaDirezioneCoordinamento" xlink:label="sm-gaap-ci_DatiAnagraficiDenominazioneSocietaEnteEsercitaAttivitaDirezioneCoordinamento"/>
    <presentationArc xlink:type="arc" xlink:arcrole="http://www.xbrl.org/2003/arcrole/parent-child" xlink:from="sm-gaap-ci_DatiAnagrafici" xlink:to="sm-gaap-ci_DatiAnagraficiDenominazioneSocietaEnteEsercitaAttivitaDirezioneCoordinamento" order="13" priority="0" use="optional"/>
    <loc xlink:type="locator" xlink:href="sm-gaap-ci-2019-01-24.xsd#sm-gaap-ci_DatiAnagraficiAppartenenzaGruppo" xlink:label="sm-gaap-ci_DatiAnagraficiAppartenenzaGruppo"/>
    <presentationArc xlink:type="arc" xlink:arcrole="http://www.xbrl.org/2003/arcrole/parent-child" xlink:from="sm-gaap-ci_DatiAnagrafici" xlink:to="sm-gaap-ci_DatiAnagraficiAppartenenzaGruppo" order="14" priority="0" use="optional"/>
    <loc xlink:type="locator" xlink:href="sm-gaap-ci-2019-01-24.xsd#sm-gaap-ci_DatiAnagraficiDenominazioneSocietaCapogruppo" xlink:label="sm-gaap-ci_DatiAnagraficiDenominazioneSocietaCapogruppo"/>
    <presentationArc xlink:type="arc" xlink:arcrole="http://www.xbrl.org/2003/arcrole/parent-child" xlink:from="sm-gaap-ci_DatiAnagrafici" xlink:to="sm-gaap-ci_DatiAnagraficiDenominazioneSocietaCapogruppo" order="15" priority="0" use="optional"/>
    <loc xlink:type="locator" xlink:href="sm-gaap-ci-2019-01-24.xsd#sm-gaap-ci_DatiAnagraficiPaeseCapogruppo" xlink:label="sm-gaap-ci_DatiAnagraficiPaeseCapogruppo"/>
    <presentationArc xlink:type="arc" xlink:arcrole="http://www.xbrl.org/2003/arcrole/parent-child" xlink:from="sm-gaap-ci_DatiAnagrafici" xlink:to="sm-gaap-ci_DatiAnagraficiPaeseCapogruppo" order="16" priority="0" use="optional"/>
    <loc xlink:type="locator" xlink:href="sm-gaap-ci-2019-01-24.xsd#sm-gaap-ci_DatiAnagraficiNumeroIscrizioneAlboCooperative" xlink:label="sm-gaap-ci_DatiAnagraficiNumeroIscrizioneAlboCooperative"/>
    <presentationArc xlink:type="arc" xlink:arcrole="http://www.xbrl.org/2003/arcrole/parent-child" xlink:from="sm-gaap-ci_DatiAnagrafici" xlink:to="sm-gaap-ci_DatiAnagraficiNumeroIscrizioneAlboCooperative" order="17" priority="0" use="optional"/>
  </presentationLink>
</linkbase>
