<?xml version="1.0" encoding="UTF-8"?>
<!--
Tassonomia XBRL della Repubblica di San Marino

File: sm-gaap-ci-cal-nipassivoabb-2019-01-24.xml
Versione: 2019-01-24
Sito di riferimento: https://www.xbrl.sm/
Archivio: https://www.xbrl.sm/sm-gaap-ci-2019-01-24.zip
-->
<linkbase xmlns="http://www.xbrl.org/2003/linkbase" xmlns:xsi="http://www.w3.org/2001/XMLSchema-instance" xmlns:xlink="http://www.w3.org/1999/xlink" xsi:schemaLocation="http://www.xbrl.org/2003/linkbase http://www.xbrl.org/2003/xbrl-linkbase-2003-12-31.xsd">
  <roleRef xlink:type="simple" xlink:href="sm-gaap-ci-roles-2019-01-24.xsd#NotaIntegrativaPassivoAbbreviato" roleURI="http://www.xbrl.sm/sm/gaap/role/NotaIntegrativaPassivoAbbreviato"/>
  <calculationLink xlink:type="extended" xlink:role="http://www.xbrl.sm/sm/gaap/role/NotaIntegrativaPassivoAbbreviato">
    <loc xlink:type="locator" xlink:href="sm-gaap-ci-2019-01-24.xsd#sm-gaap-ci_TotaleVariazioniFondiRischiOneri" xlink:label="sm-gaap-ci_TotaleVariazioniFondiRischiOneri"/>
    <loc xlink:type="locator" xlink:href="sm-gaap-ci-2019-01-24.xsd#sm-gaap-ci_AccantonamentoEsercizioFondiRischiOneri" xlink:label="sm-gaap-ci_AccantonamentoEsercizioFondiRischiOneri"/>
    <calculationArc xlink:type="arc" xlink:arcrole="http://www.xbrl.org/2003/arcrole/summation-item" xlink:from="sm-gaap-ci_TotaleVariazioniFondiRischiOneri" xlink:to="sm-gaap-ci_AccantonamentoEsercizioFondiRischiOneri" order="1" weight="1" priority="0" use="optional"/>
    <loc xlink:type="locator" xlink:href="sm-gaap-ci-2019-01-24.xsd#sm-gaap-ci_UtilizzoEsercizioFondiRischiOneri" xlink:label="sm-gaap-ci_UtilizzoEsercizioFondiRischiOneri"/>
    <calculationArc xlink:type="arc" xlink:arcrole="http://www.xbrl.org/2003/arcrole/summation-item" xlink:from="sm-gaap-ci_TotaleVariazioniFondiRischiOneri" xlink:to="sm-gaap-ci_UtilizzoEsercizioFondiRischiOneri" order="2" weight="-1" priority="0" use="optional"/>
    <loc xlink:type="locator" xlink:href="sm-gaap-ci-2019-01-24.xsd#sm-gaap-ci_AltreVariazioniFondiRischiOneri" xlink:label="sm-gaap-ci_AltreVariazioniFondiRischiOneri"/>
    <calculationArc xlink:type="arc" xlink:arcrole="http://www.xbrl.org/2003/arcrole/summation-item" xlink:from="sm-gaap-ci_TotaleVariazioniFondiRischiOneri" xlink:to="sm-gaap-ci_AltreVariazioniFondiRischiOneri" order="3" weight="1" priority="0" use="optional"/>
    <loc xlink:type="locator" xlink:href="sm-gaap-ci-2019-01-24.xsd#sm-gaap-ci_TotaleDebitiAssistitiGaranzieRealiAmmontare" xlink:label="sm-gaap-ci_TotaleDebitiAssistitiGaranzieRealiAmmontare"/>
    <loc xlink:type="locator" xlink:href="sm-gaap-ci-2019-01-24.xsd#sm-gaap-ci_DebitiAssistitiIpotecheAmmontare" xlink:label="sm-gaap-ci_DebitiAssistitiIpotecheAmmontare"/>
    <calculationArc xlink:type="arc" xlink:arcrole="http://www.xbrl.org/2003/arcrole/summation-item" xlink:from="sm-gaap-ci_TotaleDebitiAssistitiGaranzieRealiAmmontare" xlink:to="sm-gaap-ci_DebitiAssistitiIpotecheAmmontare" order="1" weight="1" priority="0" use="optional"/>
    <loc xlink:type="locator" xlink:href="sm-gaap-ci-2019-01-24.xsd#sm-gaap-ci_DebitiAssistitiPegniAmmontare" xlink:label="sm-gaap-ci_DebitiAssistitiPegniAmmontare"/>
    <calculationArc xlink:type="arc" xlink:arcrole="http://www.xbrl.org/2003/arcrole/summation-item" xlink:from="sm-gaap-ci_TotaleDebitiAssistitiGaranzieRealiAmmontare" xlink:to="sm-gaap-ci_DebitiAssistitiPegniAmmontare" order="2" weight="1" priority="0" use="optional"/>
    <loc xlink:type="locator" xlink:href="sm-gaap-ci-2019-01-24.xsd#sm-gaap-ci_DebitiAssistitiPrivilegiSpecialiAmmontare" xlink:label="sm-gaap-ci_DebitiAssistitiPrivilegiSpecialiAmmontare"/>
    <calculationArc xlink:type="arc" xlink:arcrole="http://www.xbrl.org/2003/arcrole/summation-item" xlink:from="sm-gaap-ci_TotaleDebitiAssistitiGaranzieRealiAmmontare" xlink:to="sm-gaap-ci_DebitiAssistitiPrivilegiSpecialiAmmontare" order="3" weight="1" priority="0" use="optional"/>
    <loc xlink:type="locator" xlink:href="sm-gaap-ci-2019-01-24.xsd#sm-gaap-ci_TotaleDebiti" xlink:label="sm-gaap-ci_TotaleDebiti"/>
    <loc xlink:type="locator" xlink:href="sm-gaap-ci-2019-01-24.xsd#sm-gaap-ci_TotaleDebitiAssistitiGaranzieRealiAmmontare" xlink:label="sm-gaap-ci_TotaleDebitiAssistitiGaranzieRealiAmmontare"/>
    <calculationArc xlink:type="arc" xlink:arcrole="http://www.xbrl.org/2003/arcrole/summation-item" xlink:from="sm-gaap-ci_TotaleDebiti" xlink:to="sm-gaap-ci_TotaleDebitiAssistitiGaranzieRealiAmmontare" order="1" weight="1" priority="0" use="optional"/>
    <loc xlink:type="locator" xlink:href="sm-gaap-ci-2019-01-24.xsd#sm-gaap-ci_DebitiNonAssistitiGaranzieRealiAmmontare" xlink:label="sm-gaap-ci_DebitiNonAssistitiGaranzieRealiAmmontare"/>
    <calculationArc xlink:type="arc" xlink:arcrole="http://www.xbrl.org/2003/arcrole/summation-item" xlink:from="sm-gaap-ci_TotaleDebiti" xlink:to="sm-gaap-ci_DebitiNonAssistitiGaranzieRealiAmmontare" order="2" weight="1" priority="0" use="optional"/>
  </calculationLink>
</linkbase>
